{
  "id": "nn_lstm_sct_vl_xpps5000_h256_raw_100/6c17191b8ab4857f7a99e6d5606469e10589e9ca/rec/rec_a9b32215598fe9d14dda036d21c275571097dbc0_e27.report",
  "timestamp": "2020-11-12T03:26:48Z",
  "accuracy": 0.6590909090909091,
  "loss": 1.5309410622476307,
  "correct": 87,
  "incorrect": 45,
  "total": 132,
  "confusion": {
    "B2": {
      "B2": 17,
      "B3": 1,
      "B4": 4,
      "UPS": 0,
      "VS": 0,
      "VSV": 0
    },
    "B3": {
      "B3": 9,
      "B2": 10,
      "B4": 0,
      "UPS": 2,
      "VS": 1,
      "VSV": 0
    },
    "B4": {
      "B4": 9,
      "B2": 12,
      "B3": 1,
      "UPS": 0,
      "VS": 0,
      "VSV": 0
    },
    "UPS": {
      "UPS": 22,
      "B2": 0,
      "B3": 0,
      "B4": 0,
      "VS": 0,
      "VSV": 0
    },
    "VS": {
      "VS": 20,
      "B2": 1,
      "B3": 0,
      "B4": 0,
      "UPS": 0,
      "VSV": 1
    },
    "VSV": {
      "VSV": 10,
      "B2": 2,
      "B3": 0,
      "B4": 0,
      "UPS": 0,
      "VS": 10
    }
  },
  "failed": [
    "simple_call_test/audio/label_variable/sr500000_xpps5000_h256_wHam/img/C_TO_Jt2_16_06_25_016_029926.02_B2.htk",
    "simple_call_test/audio/label_variable/sr500000_xpps5000_h256_wHam/img/C_TO_Jt1_16_06_20_015_046203.63_B4.htk",
    "simple_call_test/audio/label_variable/sr500000_xpps5000_h256_wHam/img/C_TO_Jt2_16_06_20_018_051073.91_B4.htk",
    "simple_call_test/audio/label_variable/sr500000_xpps5000_h256_wHam/img/C_TR_Jt1_16_06_02_109_004707.67_B4.htk",
    "simple_call_test/audio/label_variable/sr500000_xpps5000_h256_wHam/img/C_TR_Jt6_16_06_15_082_248000.30_B4.htk",
    "simple_call_test/audio/label_variable/sr500000_xpps5000_h256_wHam/img/C_TR_Jt6_16_07_12_017_175833.90_B4.htk",
    "simple_call_test/audio/label_variable/sr500000_xpps5000_h256_wHam/img/C_TR_Jt8_16_06_17_019_007362.62_B4.htk",
    "simple_call_test/audio/label_variable/sr500000_xpps5000_h256_wHam/img/C_TO_Jt3_16_07_11_009_298654.10_B3.htk",
    "simple_call_test/audio/label_variable/sr500000_xpps5000_h256_wHam/img/C_TR_Jt3_16_06_16_013_067373.37_B3.htk",
    "simple_call_test/audio/label_variable/sr500000_xpps5000_h256_wHam/img/C_TR_Jt4_16_06_19_013_012027.60_B3.htk",
    "simple_call_test/audio/label_variable/sr500000_xpps5000_h256_wHam/img/C_TR_Jt6_16_06_11_014_024820.46_B3.htk",
    "simple_call_test/audio/label_variable/sr500000_xpps5000_h256_wHam/img/VSV_C_TO_Jt3_16_06_24_017_min2_000033.86_VSV.htk",
    "simple_call_test/audio/label_variable/sr500000_xpps5000_h256_wHam/img/VSV_C_TO_Jt3_16_07_06_006_min199_000105.39_VSV.htk",
    "simple_call_test/audio/label_variable/sr500000_xpps5000_h256_wHam/img/VSV_C_TO_Jt3_16_07_11_009_min171_000106.70_VSV.htk",
    "simple_call_test/audio/label_variable/sr500000_xpps5000_h256_wHam/img/VSV_C_TR_Jt1_16_06_02_109_000035.96_VSV.htk",
    "simple_call_test/audio/label_variable/sr500000_xpps5000_h256_wHam/img/VSV_C_TR_Jt2_16_06_02_044_000416.36_VSV.htk",
    "simple_call_test/audio/label_variable/sr500000_xpps5000_h256_wHam/img/VSV_C_TR_Jt5_16_06_15_047_min42_000040.97_VSV.htk",
    "simple_call_test/audio/label_variable/sr500000_xpps5000_h256_wHam/img/VSV_C_TR_Jt5_16_07_12_021_2_min74_000017.91_VSV.htk",
    "simple_call_test/audio/label_variable/sr500000_xpps5000_h256_wHam/img/VS_C_TR_Jt5_16_06_17_024_min77_000117.56_VS.htk",
    "simple_call_test/audio/label_variable/sr500000_xpps5000_h256_wHam/img/VS_C_TR_Jt5_16_07_12_021_2_min98_000202.93_VS.htk",
    "simple_call_test/audio/label_variable/sr500000_xpps5000_h256_wHam/img/B2_C_TR_Jt5_16_07_10_034_001969.35_B2.htk",
    "simple_call_test/audio/label_variable/sr500000_xpps5000_h256_wHam/img/C_TO_Jt2_16_06_25_016_029581.37_B2.htk",
    "simple_call_test/audio/label_variable/sr500000_xpps5000_h256_wHam/img/C_TO_Jt2_16_07_06_015_115042.50_B2.htk",
    "simple_call_test/audio/label_variable/sr500000_xpps5000_h256_wHam/img/C_TO_Jt3_16_06_18_006_072342.96_B2.htk",
    "simple_call_test/audio/label_variable/sr500000_xpps5000_h256_wHam/img/C_TO_Jt1_16_06_20_029_360101.50_B4.htk",
    "simple_call_test/audio/label_variable/sr500000_xpps5000_h256_wHam/img/C_TO_Jt3_16_07_09_018_037862.00_B4.htk",
    "simple_call_test/audio/label_variable/sr500000_xpps5000_h256_wHam/img/C_TR_Jt1_16_06_02_109_004553.61_B4.htk",
    "simple_call_test/audio/label_variable/sr500000_xpps5000_h256_wHam/img/C_TR_Jt4_16_06_11_013_161915.30_B4.htk",
    "simple_call_test/audio/label_variable/sr500000_xpps5000_h256_wHam/img/C_TR_Jt6_16_06_19_076_003228.97_B4.htk",
    "simple_call_test/audio/label_variable/sr500000_xpps5000_h256_wHam/img/C_TR_Jt7_16_06_17_023_009092.35_B4.htk",
    "simple_call_test/audio/label_variable/sr500000_xpps5000_h256_wHam/img/C_TR_Jt8_16_06_17_019_007248.29_B4.htk",
    "simple_call_test/audio/label_variable/sr500000_xpps5000_h256_wHam/img/B3_C_B_Jt1_16_07_06_042_000016.84_B3.htk",
    "simple_call_test/audio/label_variable/sr500000_xpps5000_h256_wHam/img/C_TO_Jt2_16_07_06_015_122103.10_B3.htk",
    "simple_call_test/audio/label_variable/sr500000_xpps5000_h256_wHam/img/C_TO_Jt3_16_06_20_017_010840.13_B3.htk",
    "simple_call_test/audio/label_variable/sr500000_xpps5000_h256_wHam/img/C_TO_Jt3_16_07_11_009_297870.00_B3.htk",
    "simple_call_test/audio/label_variable/sr500000_xpps5000_h256_wHam/img/C_TR_Jt3_16_06_16_013_067091.54_B3.htk",
    "simple_call_test/audio/label_variable/sr500000_xpps5000_h256_wHam/img/C_TR_Jt5_16_06_17_024_045788.89_B3.htk",
    "simple_call_test/audio/label_variable/sr500000_xpps5000_h256_wHam/img/C_TR_Jt5_16_06_21_008_068979.69_B3.htk",
    "simple_call_test/audio/label_variable/sr500000_xpps5000_h256_wHam/img/C_TR_Jt5_16_06_27_025_062044.97_B3.htk",
    "simple_call_test/audio/label_variable/sr500000_xpps5000_h256_wHam/img/C_TR_Jt6_16_06_15_016_038633.63_B3.htk",
    "simple_call_test/audio/label_variable/sr500000_xpps5000_h256_wHam/img/C_TR_Jt1_16_06_02_109_3_000035.96_VSV.htk",
    "simple_call_test/audio/label_variable/sr500000_xpps5000_h256_wHam/img/VSV_C_TO_Jt2_16_06_12_018_min37_000006.73_VSV.htk",
    "simple_call_test/audio/label_variable/sr500000_xpps5000_h256_wHam/img/VSV_C_TO_Jt3_16_06_24_017_min23_000024.29_VSV.htk",
    "simple_call_test/audio/label_variable/sr500000_xpps5000_h256_wHam/img/VSV_C_TO_Jt3_16_07_06_006_min199_000185.29_VSV.htk",
    "simple_call_test/audio/label_variable/sr500000_xpps5000_h256_wHam/img/VSV_C_TO_Jt3_16_07_11_009_min188_000024.48_VSV.htk"
  ],
  "env": {
    "os": "Linux",
    "platform": "Linux-3.10.0-1127.19.1.el7.x86_64-x86_64-with-glibc2.10",
    "sox": "14.4.2",
    "java": [
      "openjdk version \"1.8.0_262\"",
      "OpenJDK Runtime Environment (build 1.8.0_262-b10)",
      "OpenJDK 64-Bit Server VM (build 25.262-b10, mixed mode)"
    ],
    "keras": "2.4.0",
    "tf": "2.3.1",
    "gpu": "device: 0, name: Tesla P100-PCIE-12GB, pci bus id: 0000:83:00.0, compute capability: 6.0"
  },
  "pipeline": [
    {
      "task": "AudioLoadTask",
      "props": {
        "mdb": "simple_call_test/metadata.json",
        "dataset_name": "simple_call_test",
        "source": "simple_call_test/audio"
      }
    },
    {
      "task": "ExtractLabelPartsTask",
      "props": {
        "fixed_length": false,
        "dataset_name": null
      }
    },
    {
      "task": "CreateSpectrogramTask",
      "props": {
        "sampling_rate": 500000,
        "x_pixels_per_sec": 5000,
        "height": 256,
        "window": "Ham"
      }
    },
    {
      "task": "ExtractPixelsTask",
      "props": {}
    },
    {
      "task": "KFoldSeparationTask",
      "props": {
        "k": 8,
        "val_bins": 1,
        "test_bins": 2,
        "n": 6
      }
    },
    {
      "task": "CreateNNModelTask",
      "props": {
        "name": "lstm_sct_vl_xpps5000_h256_raw_100",
        "model": {
          "name": "sequential",
          "layers": [
            {
              "class_name": "InputLayer",
              "config": {
                "batch_input_shape": [
                  null,
                  null,
                  256
                ],