{
  "id": "nn_lstm_sct_left_padded_nrs0xpps2000h256_raw_100/90a9234643cc02b7a9739be2dfb344a3dab23e87/rec/rec_920fb1f8e5ea460da532a893ecf0235ac51b1435_e39.report",
  "timestamp": "2020-12-20T23:17:36Z",
  "accuracy": 0.7196969696969697,
  "loss": 1.9311981691202806,
  "correct": 95,
  "incorrect": 37,
  "total": 132,
  "confusion": {
    "B2": {
      "B2": 18,
      "B3": 0,
      "B4": 2,
      "UPS": 1,
      "VS": 0,
      "VSV": 1
    },
    "B3": {
      "B3": 12,
      "B2": 8,
      "B4": 2,
      "UPS": 0,
      "VS": 0,
      "VSV": 0
    },
    "B4": {
      "B4": 7,
      "B2": 8,
      "B3": 6,
      "UPS": 1,
      "VS": 0,
      "VSV": 0
    },
    "UPS": {
      "UPS": 22,
      "B2": 0,
      "B3": 0,
      "B4": 0,
      "VS": 0,
      "VSV": 0
    },
    "VS": {
      "VS": 18,
      "B2": 0,
      "B3": 0,
      "B4": 0,
      "UPS": 0,
      "VSV": 4
    },
    "VSV": {
      "VSV": 18,
      "B2": 0,
      "B3": 0,
      "B4": 0,
      "UPS": 1,
      "VS": 3
    }
  },
  "failed": [
    "simple_call_test/audio/label_fixed_left/sr500000_xpps2000_h256_wHam/img/C_TO_Jt2_16_06_20_018_047188.79_B2.htk",
    "simple_call_test/audio/label_fixed_left/sr500000_xpps2000_h256_wHam/img/C_TO_Jt2_16_06_26_010_148460.60_B2.htk",
    "simple_call_test/audio/label_fixed_left/sr500000_xpps2000_h256_wHam/img/C_TO_Jt3_16_06_20_017_007321.50_B2.htk",
    "simple_call_test/audio/label_fixed_left/sr500000_xpps2000_h256_wHam/img/C_TO_Jt1_16_06_20_029_360305.30_B4.htk",
    "simple_call_test/audio/label_fixed_left/sr500000_xpps2000_h256_wHam/img/C_TO_Jt2_16_06_25_016_015005.03_B4.htk",
    "simple_call_test/audio/label_fixed_left/sr500000_xpps2000_h256_wHam/img/C_TO_Jt3_16_07_09_018_037976.91_B4.htk",
    "simple_call_test/audio/label_fixed_left/sr500000_xpps2000_h256_wHam/img/C_TR_Jt1_16_06_02_109_017181.54_B4.htk",
    "simple_call_test/audio/label_fixed_left/sr500000_xpps2000_h256_wHam/img/C_TR_Jt6_16_06_19_076_002539.58_B4.htk",
    "simple_call_test/audio/label_fixed_left/sr500000_xpps2000_h256_wHam/img/C_TR_Jt7_16_06_17_023_009188.70_B4.htk",
    "simple_call_test/audio/label_fixed_left/sr500000_xpps2000_h256_wHam/img/C_TR_Jt8_16_07_07_020_007504.04_B4.htk",
    "simple_call_test/audio/label_fixed_left/sr500000_xpps2000_h256_wHam/img/C_TO_Jt3_16_06_20_017_012145.27_B3.htk",
    "simple_call_test/audio/label_fixed_left/sr500000_xpps2000_h256_wHam/img/C_TR_Jt4_16_06_11_013_096056.77_B3.htk",
    "simple_call_test/audio/label_fixed_left/sr500000_xpps2000_h256_wHam/img/C_TR_Jt4_16_06_19_013_026371.15_B3.htk",
    "simple_call_test/audio/label_fixed_left/sr500000_xpps2000_h256_wHam/img/C_TR_Jt5_16_06_19_071_116232.30_B3.htk",
    "simple_call_test/audio/label_fixed_left/sr500000_xpps2000_h256_wHam/img/C_TR_Jt6_16_06_19_035_012978.15_B3.htk",
    "simple_call_test/audio/label_fixed_left/sr500000_xpps2000_h256_wHam/img/VSV_C_TO_Jt2_16_06_26_009_000516.83_VSV.htk",
    "simple_call_test/audio/label_fixed_left/sr500000_xpps2000_h256_wHam/img/VSV_C_TO_Jt3_16_06_24_017_min23_000102.31_VSV.htk",
    "simple_call_test/audio/label_fixed_left/sr500000_xpps2000_h256_wHam/img/VS_C_TR_Jt5_16_06_19_071_min62_000327.62_VS.htk",
    "simple_call_test/audio/label_fixed_left/sr500000_xpps2000_h256_wHam/img/C_TO_Jt2_16_06_26_010_148667.50_B2.htk",
    "simple_call_test/audio/label_fixed_left/sr500000_xpps2000_h256_wHam/img/C_TO_Jt1_16_06_20_029_360520.80_B4.htk",
    "simple_call_test/audio/label_fixed_left/sr500000_xpps2000_h256_wHam/img/C_TO_Jt3_16_06_18_006_029137.14_B4.htk",
    "simple_call_test/audio/label_fixed_left/sr500000_xpps2000_h256_wHam/img/C_TO_Jt3_16_07_11_009_267708.40_B4.htk",
    "simple_call_test/audio/label_fixed_left/sr500000_xpps2000_h256_wHam/img/C_TR_Jt4_16_06_19_013_012126.66_B4.htk",
    "simple_call_test/audio/label_fixed_left/sr500000_xpps2000_h256_wHam/img/C_TR_Jt6_16_06_19_077_038152.77_B4.htk",
    "simple_call_test/audio/label_fixed_left/sr500000_xpps2000_h256_wHam/img/C_TR_Jt7_16_06_23_071_005127.07_B4.htk",
    "simple_call_test/audio/label_fixed_left/sr500000_xpps2000_h256_wHam/img/C_TR_Jt7_16_07_10_009_014889.82_B4.htk",
    "simple_call_test/audio/label_fixed_left/sr500000_xpps2000_h256_wHam/img/C_TR_Jt8_16_07_07_020_007693.24_B4.htk",
    "simple_call_test/audio/label_fixed_left/sr500000_xpps2000_h256_wHam/img/C_TR_Jt1_16_06_07_058_000910.16_B3.htk",
    "simple_call_test/audio/label_fixed_left/sr500000_xpps2000_h256_wHam/img/C_TR_Jt4_16_06_11_013_096210.96_B3.htk",
    "simple_call_test/audio/label_fixed_left/sr500000_xpps2000_h256_wHam/img/C_TR_Jt4_16_06_19_013_026708.96_B3.htk",
    "simple_call_test/audio/label_fixed_left/sr500000_xpps2000_h256_wHam/img/C_TR_Jt5_16_06_19_071_116388.20_B3.htk",
    "simple_call_test/audio/label_fixed_left/sr500000_xpps2000_h256_wHam/img/C_TR_Jt6_16_06_19_035_013061.45_B3.htk",
    "simple_call_test/audio/label_fixed_left/sr500000_xpps2000_h256_wHam/img/VSV_C_TO_Jt2_16_06_20_018_min62_000117.87_VSV.htk",
    "simple_call_test/audio/label_fixed_left/sr500000_xpps2000_h256_wHam/img/VSV_C_TO_Jt2_16_06_26_009_000322.76_VSV.htk",
    "simple_call_test/audio/label_fixed_left/sr500000_xpps2000_h256_wHam/img/VS_C_TO_Jt2_16_06_26_010_min92_000463.75_VS.htk",
    "simple_call_test/audio/label_fixed_left/sr500000_xpps2000_h256_wHam/img/VS_C_TO_Jt3_16_07_11_009_min16_000126.99_VS.htk",
    "simple_call_test/audio/label_fixed_left/sr500000_xpps2000_h256_wHam/img/VS_C_TR_Jt4_16_06_15_047_min42_000102.41_VS.htk"
  ],
  "env": {
    "os": "Linux",
    "platform": "Linux-3.10.0-1127.19.1.el7.x86_64-x86_64-with-glibc2.10",
    "sox": "14.4.2",
    "java": [
      "openjdk version \"1.8.0_262\"",
      "OpenJDK Runtime Environment (build 1.8.0_262-b10)",
      "OpenJDK 64-Bit Server VM (build 25.262-b10, mixed mode)"
    ],
    "keras": "2.4.0",
    "tf": "2.3.1",
    "gpu": "device: 0, name: Tesla P100-PCIE-12GB, pci bus id: 0000:09:00.0, compute capability: 6.0"
  },
  "pipeline": [
    {
      "task": "AudioLoadTask",
      "props": {
        "mdb": "simple_call_test/metadata.json",
        "dataset_name": "simple_call_test",
        "source": "simple_call_test/audio"
      }
    },
    {
      "task": "ExtractLabelPartsTask",
      "props": {
        "fixed_length": true,
        "dataset_name": null,
        "padded_left": true
      }
    },
    {
      "task": "CreateSpectrogramTask",
      "props": {
        "sampling_rate": 500000,
        "x_pixels_per_sec": 2000,
        "height": 256,
        "window": "Ham"
      }
    },
    {
      "task": "ExtractPixelsTask",
      "props": {}
    },
    {
      "task": "KFoldSeparationTask",
      "props": {
        "k": 8,
        "val_bins": 1,
        "test_bins": 2,
        "n": 0
      }
    },
    {
      "task": "CreateNNModelTask",
      "props": {
        "name": "lstm_sct_left_padded_nrs0xpps2000h256_raw_100",
        "model": {
          "name": "sequential",
          "layers": [
            {
              "class_name": "InputLayer",
              "config": {
                "batch_input_shape": [
                  null,
                  null,
                  256
                ],
                "dtype": "float32",
                "sparse": false,
                "ragged": true,
                "name": "input_1"
              }
            },
            {
              "class_name": "LSTM",
              "config": {
                "name": "lstm",
                "trainable": true,
                "dtype": "float32",
                "return_sequences": true,
                "return_state": false,
                "go_backwards": false,
                "stateful": false,
                "unroll": false,
                "time_major": false,
                "units": 256,
                "activation": "tanh",
                "recurrent_activation": "sigmoid",
                "use_bias": true,
                "kernel_initializer": {
                  "class_name": "GlorotUniform",