{
  "id": "nn_lstm_sct_left_padded_nrs6xpps5000h512_raw_100/346a6a0f6c1dd53aa259b75ccf0f38ef6323ea0e/rec/rec_324176bf247d958fe60aedd7b3b14058ce5d115c_e24.report",
  "timestamp": "2020-12-21T01:52:55Z",
  "accuracy": 0.6515151515151515,
  "loss": 1.3742891014263532,
  "correct": 86,
  "incorrect": 46,
  "total": 132,
  "confusion": {
    "B2": {
      "B2": 15,
      "B3": 1,
      "B4": 4,
      "UPS": 0,
      "VS": 0,
      "VSV": 2
    },
    "B3": {
      "B3": 12,
      "B2": 9,
      "B4": 1,
      "UPS": 0,
      "VS": 0,
      "VSV": 0
    },
    "B4": {
      "B4": 9,
      "B2": 8,
      "B3": 4,
      "UPS": 0,
      "VS": 0,
      "VSV": 1
    },
    "UPS": {
      "UPS": 22,
      "B2": 0,
      "B3": 0,
      "B4": 0,
      "VS": 0,
      "VSV": 0
    },
    "VS": {
      "VS": 11,
      "B2": 1,
      "B3": 0,
      "B4": 2,
      "UPS": 0,
      "VSV": 8
    },
    "VSV": {
      "VSV": 17,
      "B2": 0,
      "B3": 1,
      "B4": 0,
      "UPS": 0,
      "VS": 4
    }
  },
  "failed": [
    "simple_call_test/audio/label_fixed_left/nr6/sr500000_xpps5000_h512_wHam/img/C_TO_Jt1_16_06_20_015_063431.62_B2.htk",
    "simple_call_test/audio/label_fixed_left/nr6/sr500000_xpps5000_h512_wHam/img/C_TO_Jt2_16_06_20_018_051190.84_B2.htk",
    "simple_call_test/audio/label_fixed_left/nr6/sr500000_xpps5000_h512_wHam/img/C_TO_Jt2_16_06_26_010_148667.50_B2.htk",
    "simple_call_test/audio/label_fixed_left/nr6/sr500000_xpps5000_h512_wHam/img/C_TO_Jt1_16_06_20_029_360520.80_B4.htk",
    "simple_call_test/audio/label_fixed_left/nr6/sr500000_xpps5000_h512_wHam/img/C_TO_Jt3_16_06_18_006_029137.14_B4.htk",
    "simple_call_test/audio/label_fixed_left/nr6/sr500000_xpps5000_h512_wHam/img/C_TO_Jt3_16_07_11_009_267708.40_B4.htk",
    "simple_call_test/audio/label_fixed_left/nr6/sr500000_xpps5000_h512_wHam/img/C_TR_Jt4_16_06_19_013_012126.66_B4.htk",
    "simple_call_test/audio/label_fixed_left/nr6/sr500000_xpps5000_h512_wHam/img/C_TR_Jt7_16_06_23_071_005127.07_B4.htk",
    "simple_call_test/audio/label_fixed_left/nr6/sr500000_xpps5000_h512_wHam/img/C_TR_Jt7_16_07_10_009_014889.82_B4.htk",
    "simple_call_test/audio/label_fixed_left/nr6/sr500000_xpps5000_h512_wHam/img/C_TR_Jt8_16_07_07_020_007693.24_B4.htk",
    "simple_call_test/audio/label_fixed_left/nr6/sr500000_xpps5000_h512_wHam/img/C_TO_Jt2_16_06_26_010_081441.20_B3.htk",
    "simple_call_test/audio/label_fixed_left/nr6/sr500000_xpps5000_h512_wHam/img/C_TO_Jt3_16_06_24_017_066383.06_B3.htk",
    "simple_call_test/audio/label_fixed_left/nr6/sr500000_xpps5000_h512_wHam/img/C_TR_Jt1_16_06_07_058_000910.16_B3.htk",
    "simple_call_test/audio/label_fixed_left/nr6/sr500000_xpps5000_h512_wHam/img/C_TR_Jt4_16_06_11_013_096210.96_B3.htk",
    "simple_call_test/audio/label_fixed_left/nr6/sr500000_xpps5000_h512_wHam/img/C_TR_Jt5_16_06_19_071_116388.20_B3.htk",
    "simple_call_test/audio/label_fixed_left/nr6/sr500000_xpps5000_h512_wHam/img/C_TR_Jt6_16_06_19_035_013061.45_B3.htk",
    "simple_call_test/audio/label_fixed_left/nr6/sr500000_xpps5000_h512_wHam/img/VSV_C_TO_Jt2_16_06_20_018_min62_000117.87_VSV.htk",
    "simple_call_test/audio/label_fixed_left/nr6/sr500000_xpps5000_h512_wHam/img/VSV_C_TO_Jt2_16_06_26_010_min289_000025.88_VSV.htk",
    "simple_call_test/audio/label_fixed_left/nr6/sr500000_xpps5000_h512_wHam/img/VSV_C_TO_Jt3_16_07_11_008_min59_000017.95_VSV.htk",
    "simple_call_test/audio/label_fixed_left/nr6/sr500000_xpps5000_h512_wHam/img/VS_C_TO_Jt2_16_06_26_010_000244.65_VS.htk",
    "simple_call_test/audio/label_fixed_left/nr6/sr500000_xpps5000_h512_wHam/img/VS_C_TO_Jt2_16_06_26_010_min92_000463.75_VS.htk",
    "simple_call_test/audio/label_fixed_left/nr6/sr500000_xpps5000_h512_wHam/img/VS_C_TO_Jt2_16_07_06_015_min152_000024.64_VS.htk",
    "simple_call_test/audio/label_fixed_left/nr6/sr500000_xpps5000_h512_wHam/img/VS_C_TO_Jt3_16_07_11_009_min16_000126.99_VS.htk",
    "simple_call_test/audio/label_fixed_left/nr6/sr500000_xpps5000_h512_wHam/img/VS_C_TR_Jt1_16_06_07_058_min54_000026.64_VS.htk",
    "simple_call_test/audio/label_fixed_left/nr6/sr500000_xpps5000_h512_wHam/img/VS_C_TR_Jt5_16_06_21_008_min138_000010.88_VS.htk",
    "simple_call_test/audio/label_fixed_left/nr6/sr500000_xpps5000_h512_wHam/img/B2_C_TR_Jt5_16_07_10_034_001053.17_B2.htk",
    "simple_call_test/audio/label_fixed_left/nr6/sr500000_xpps5000_h512_wHam/img/C_TO_Jt2_16_06_26_010_148854.70_B2.htk",
    "simple_call_test/audio/label_fixed_left/nr6/sr500000_xpps5000_h512_wHam/img/C_TO_Jt3_16_06_18_006_041029.17_B2.htk",
    "simple_call_test/audio/label_fixed_left/nr6/sr500000_xpps5000_h512_wHam/img/C_TO_Jt3_16_06_20_017_011057.44_B2.htk",
    "simple_call_test/audio/label_fixed_left/nr6/sr500000_xpps5000_h512_wHam/img/C_TO_Jt2_16_06_20_018_047295.33_B4.htk",
    "simple_call_test/audio/label_fixed_left/nr6/sr500000_xpps5000_h512_wHam/img/C_TR_Jt1_16_06_02_109_019244.31_B4.htk",
    "simple_call_test/audio/label_fixed_left/nr6/sr500000_xpps5000_h512_wHam/img/C_TR_Jt4_16_06_19_013_012210.09_B4.htk",
    "simple_call_test/audio/label_fixed_left/nr6/sr500000_xpps5000_h512_wHam/img/C_TR_Jt6_16_06_19_077_038310.63_B4.htk",
    "simple_call_test/audio/label_fixed_left/nr6/sr500000_xpps5000_h512_wHam/img/C_TR_Jt7_16_07_12_020_066721.80_B4.htk",
    "simple_call_test/audio/label_fixed_left/nr6/sr500000_xpps5000_h512_wHam/img/C_TR_Jt8_16_07_07_020_066105.41_B4.htk",
    "simple_call_test/audio/label_fixed_left/nr6/sr500000_xpps5000_h512_wHam/img/C_TO_Jt3_16_06_18_006_076088.89_B3.htk",
    "simple_call_test/audio/label_fixed_left/nr6/sr500000_xpps5000_h512_wHam/img/C_TO_Jt3_16_06_24_017_066505.13_B3.htk",
    "simple_call_test/audio/label_fixed_left/nr6/sr500000_xpps5000_h512_wHam/img/C_TR_Jt1_16_06_07_058_000797.01_B3.htk",
    "simple_call_test/audio/label_fixed_left/nr6/sr500000_xpps5000_h512_wHam/img/C_TR_Jt5_16_06_19_071_156201.00_B3.htk",
    "simple_call_test/audio/label_fixed_left/nr6/sr500000_xpps5000_h512_wHam/img/VSV_C_TO_Jt2_16_06_26_009_000609.55_VSV.htk",
    "simple_call_test/audio/label_fixed_left/nr6/sr500000_xpps5000_h512_wHam/img/VSV_C_TO_Jt3_16_07_04_021_min83_000035.64_VSV.htk",
    "simple_call_test/audio/label_fixed_left/nr6/sr500000_xpps5000_h512_wHam/img/VSV_C_TO_Jt2_16_07_23_010_min64_000149.90_VS.htk",
    "simple_call_test/audio/label_fixed_left/nr6/sr500000_xpps5000_h512_wHam/img/VS_C_TO_Jt2_16_06_12_018_min15_000026.41_VS.htk",
    "simple_call_test/audio/label_fixed_left/nr6/sr500000_xpps5000_h512_wHam/img/VS_C_TO_Jt3_16_06_18_006_min1_000052.91_VS.htk",
    "simple_call_test/audio/label_fixed_left/nr6/sr500000_xpps5000_h512_wHam/img/VS_C_TR_Jt4_16_07_10_015_min17_000019.60_VS.htk",
    "simple_call_test/audio/label_fixed_left/nr6/sr500000_xpps5000_h512_wHam/img/VS_C_TR_Jt5_16_06_21_008_min138_000091.48_VS.htk"
  ],
  "env": {
    "os": "Linux",
    "platform": "Linux-3.10.0-1127.19.1.el7.x86_64-x86_64-with-glibc2.10",
    "sox": "14.4.2",
    "java": [
      "openjdk version \"1.8.0_262\"",
      "OpenJDK Runtime Environment (build 1.8.0_262-b10)",
      "OpenJDK 64-Bit Server VM (build 25.262-b10, mixed mode)"
    ],
    "keras": "2.4.0",
    "tf": "2.3.1",
    "gpu": "device: 0, name: Tesla P100-PCIE-12GB, pci bus id: 0000:87:00.0, compute capability: 6.0"
  },
  "pipeline": [
    {
      "task": "AudioLoadTask",
      "props": {
        "mdb": "simple_call_test/metadata.json",
        "dataset_name": "simple_call_test",
        "source": "simple_call_test/audio"
      }
    },
    {
      "task": "ExtractLabelPartsTask",
      "props": {
        "fixed_length": true,
        "dataset_name": null,
        "padded_left": true
      }
    },
    {
      "task": "NoiseReduceTask",
      "props": {
        "sensitivity": 6,
        "noise": [
          {
            "task": "AudioLoadTask",
            "props": {
              "mdb": "simple_call_test/metadata.json",
              "dataset_name": "simple_call_test",