{
  "id": "nn_lstm_sct_left_padded_nrs6xpps5000h512_hog_100/279d2c31063ae4f9cfce3b74165e1dbf1d0e217b/rec/rec_1df47a30f4a0418b243a1d955c0b2dfa20ea285a_e48.report",
  "timestamp": "2020-12-21T13:36:03Z",
  "accuracy": 0.8560606060606061,
  "loss": 0.5048906491704874,
  "correct": 113,
  "incorrect": 19,
  "total": 132,
  "confusion": {
    "B2": {
      "B2": 19,
      "B3": 0,
      "B4": 2,
      "UPS": 1,
      "VS": 0,
      "VSV": 0
    },
    "B3": {
      "B3": 14,
      "B2": 7,
      "B4": 1,
      "UPS": 0,
      "VS": 0,
      "VSV": 0
    },
    "B4": {
      "B4": 17,
      "B2": 5,
      "B3": 0,
      "UPS": 0,
      "VS": 0,
      "VSV": 0
    },
    "UPS": {
      "UPS": 22,
      "B2": 0,
      "B3": 0,
      "B4": 0,
      "VS": 0,
      "VSV": 0
    },
    "VS": {
      "VS": 21,
      "B2": 0,
      "B3": 0,
      "B4": 0,
      "UPS": 0,
      "VSV": 1
    },
    "VSV": {
      "VSV": 20,
      "B2": 0,
      "B3": 0,
      "B4": 0,
      "UPS": 1,
      "VS": 1
    }
  },
  "failed": [
    "simple_call_test/audio/label_fixed_left/nr6/sr500000_xpps5000_h512_wHam/hog/C_TO_Jt2_16_06_24_015_041236.45_B2.htk",
    "simple_call_test/audio/label_fixed_left/nr6/sr500000_xpps5000_h512_wHam/hog/C_TO_Jt3_16_06_20_017_008032.86_B4.htk",
    "simple_call_test/audio/label_fixed_left/nr6/sr500000_xpps5000_h512_wHam/hog/C_TR_Jt1_16_06_02_109_019244.31_B4.htk",
    "simple_call_test/audio/label_fixed_left/nr6/sr500000_xpps5000_h512_wHam/hog/C_TO_Jt3_16_06_18_006_076088.89_B3.htk",
    "simple_call_test/audio/label_fixed_left/nr6/sr500000_xpps5000_h512_wHam/hog/C_TR_Jt4_16_06_23_057_154843.80_B3.htk",
    "simple_call_test/audio/label_fixed_left/nr6/sr500000_xpps5000_h512_wHam/hog/C_TR_Jt4_16_06_25_005_061631.15_B3.htk",
    "simple_call_test/audio/label_fixed_left/nr6/sr500000_xpps5000_h512_wHam/hog/C_TR_Jt5_16_07_12_021_2_254170.30_B3.htk",
    "simple_call_test/audio/label_fixed_left/nr6/sr500000_xpps5000_h512_wHam/hog/C_TR_Jt6_16_06_19_035_024507.79_B3.htk",
    "simple_call_test/audio/label_fixed_left/nr6/sr500000_xpps5000_h512_wHam/hog/VSV_C_TO_Jt3_16_07_11_008_min59_000092.38_VSV.htk",
    "simple_call_test/audio/label_fixed_left/nr6/sr500000_xpps5000_h512_wHam/hog/C_TO_Jt2_16_06_12_018_017885.91_B2.htk",
    "simple_call_test/audio/label_fixed_left/nr6/sr500000_xpps5000_h512_wHam/hog/C_TO_Jt2_16_06_24_015_041349.09_B2.htk",
    "simple_call_test/audio/label_fixed_left/nr6/sr500000_xpps5000_h512_wHam/hog/C_TR_Jt6_16_06_19_077_037837.14_B4.htk",
    "simple_call_test/audio/label_fixed_left/nr6/sr500000_xpps5000_h512_wHam/hog/C_TR_Jt7_16_07_12_020_153369.70_B4.htk",
    "simple_call_test/audio/label_fixed_left/nr6/sr500000_xpps5000_h512_wHam/hog/C_TR_Jt8_16_07_07_020_066614.52_B4.htk",
    "simple_call_test/audio/label_fixed_left/nr6/sr500000_xpps5000_h512_wHam/hog/C_TO_Jt3_16_07_06_006_225073.80_B3.htk",
    "simple_call_test/audio/label_fixed_left/nr6/sr500000_xpps5000_h512_wHam/hog/C_TR_Jt5_16_06_19_071_156089.90_B3.htk",
    "simple_call_test/audio/label_fixed_left/nr6/sr500000_xpps5000_h512_wHam/hog/C_TR_Jt5_16_07_12_021_2_337339.40_B3.htk",
    "simple_call_test/audio/label_fixed_left/nr6/sr500000_xpps5000_h512_wHam/hog/VSV_C_TO_Jt2_16_07_04_023_min226_000111.51_VSV.htk",
    "simple_call_test/audio/label_fixed_left/nr6/sr500000_xpps5000_h512_wHam/hog/VS_C_TR_Jt5_16_06_19_071_min22_000029.95_VS.htk"
  ],
  "env": {
    "os": "Linux",
    "platform": "Linux-3.10.0-1127.19.1.el7.x86_64-x86_64-with-glibc2.10",
    "sox": "14.4.2",
    "java": [
      "openjdk version \"1.8.0_262\"",
      "OpenJDK Runtime Environment (build 1.8.0_262-b10)",
      "OpenJDK 64-Bit Server VM (build 25.262-b10, mixed mode)"
    ],
    "keras": "2.4.0",
    "tf": "2.3.1",
    "gpu": "device: 0, name: Tesla P100-PCIE-12GB, pci bus id: 0000:87:00.0, compute capability: 6.0"
  },
  "pipeline": [
    {
      "task": "AudioLoadTask",
      "props": {
        "mdb": "simple_call_test/metadata.json",
        "dataset_name": "simple_call_test",
        "source": "simple_call_test/audio"
      }
    },
    {
      "task": "ExtractLabelPartsTask",
      "props": {
        "fixed_length": true,
        "dataset_name": null,
        "padded_left": true
      }
    },
    {
      "task": "NoiseReduceTask",
      "props": {
        "sensitivity": 6,
        "noise": [
          {
            "task": "AudioLoadTask",
            "props": {
              "mdb": "simple_call_test/metadata.json",
              "dataset_name": "simple_call_test",
              "source": "simple_call_test/audio"
            }
          },
          {
            "task": "SilentAudioTask",
            "props": {
              "max_length": 0.2004000000000019
            }
          },
          {
            "task": "NoiseProfileTask",
            "props": {}
          }
        ]
      }
    },
    {
      "task": "CreateSpectrogramTask",
      "props": {
        "sampling_rate": 500000,
        "x_pixels_per_sec": 5000,
        "height": 512,
        "window": "Ham"
      }
    },
    {
      "task": "ExtractHOGHWRecogTask",
      "props": {}
    },
    {
      "task": "KFoldSeparationTask",
      "props": {
        "k": 8,
        "val_bins": 1,
        "test_bins": 2,
        "n": 2
      }
    },
    {
      "task": "CreateNNModelTask",
      "props": {
        "name": "lstm_sct_left_padded_nrs6xpps5000h512_hog_100",
        "model": {
          "name": "sequential",
          "layers": [
            {
              "class_name": "InputLayer",
              "config": {
                "batch_input_shape": [
                  null,
                  null,
                  288
                ],
                "dtype": "float32",
                "sparse": false,
                "ragged": true,
                "name": "input_1"
              }
            },
            {
              "class_name": "LSTM",
              "config": {
                "name": "lstm",
                "trainable": true,
                "dtype": "float32",
                "return_sequences": true,
                "return_state": false,
                "go_backwards": false,
                "stateful": false,
                "unroll": false,
                "time_major": false,
                "units": 256,
                "activation": "tanh",
                "recurrent_activation": "sigmoid",
                "use_bias": true,
                "kernel_initializer": {
                  "class_name": "GlorotUniform",
                  "config": {
                    "seed": null
                  }
                },
                "recurrent_initializer": {
                  "class_name": "Orthogonal",
                  "config": {
                    "gain": 1.0,
                    "seed": null
                  }
                },
                "bias_initializer": {
                  "class_name": "Zeros",
                  "config": {}
                },
                "unit_forget_bias": true,
                "kernel_regularizer": null,
                "recurrent_regularizer": null,
                "bias_regularizer": null,
                "activity_regularizer": null,
                "kernel_constraint": null,
                "recurrent_constraint": null,
                "bias_constraint": null,
                "dropout": 0.0,
                "recurrent_dropout": 0.0,
                "implementation": 2
              }
            },
            {
              "class_name": "LSTM",
              "config": {
                "name": "lstm_1",
                "trainable": true,
                "dtype": "float32",
                "return_sequences": false,
                "return_state": false,
                "go_backwards": false,
                "stateful": false,
                "unroll": false,
                "time_major": false,
                "units": 256,
                "activation": "tanh",
                "recurrent_activation": "sigmoid",
                "use_bias": true,