{
  "id": "nn_lstm_sct_vl_xpps2000_h256_raw_100/d70e569a3ac3c399ca9f0898c5f5d76f9748a38c/rec/rec_3783637b6fc294450d0fdb88a5b9d76ddeca9c48_e63.report",
  "timestamp": "2020-11-11T21:43:59Z",
  "accuracy": 0.6818181818181818,
  "loss": 2.5966412380296706,
  "correct": 90,
  "incorrect": 42,
  "total": 132,
  "confusion": {
    "B2": {
      "B2": 18,
      "B3": 2,
      "B4": 1,
      "UPS": 1,
      "VS": 0,
      "VSV": 0
    },
    "B3": {
      "B3": 11,
      "B2": 9,
      "B4": 2,
      "UPS": 0,
      "VS": 0,
      "VSV": 0
    },
    "B4": {
      "B4": 7,
      "B2": 13,
      "B3": 2,
      "UPS": 0,
      "VS": 0,
      "VSV": 0
    },
    "UPS": {
      "UPS": 22,
      "B2": 0,
      "B3": 0,
      "B4": 0,
      "VS": 0,
      "VSV": 0
    },
    "VS": {
      "VS": 16,
      "B2": 0,
      "B3": 0,
      "B4": 0,
      "UPS": 0,
      "VSV": 6
    },
    "VSV": {
      "VSV": 16,
      "B2": 0,
      "B3": 0,
      "B4": 0,
      "UPS": 1,
      "VS": 5
    }
  },
  "failed": [
    "simple_call_test/audio/label_variable/sr500000_xpps2000_h256_wHam/img/C_TO_Jt2_16_06_12_018_048432.58_B2.htk",
    "simple_call_test/audio/label_variable/sr500000_xpps2000_h256_wHam/img/C_TO_Jt2_16_06_20_018_047188.79_B2.htk",
    "simple_call_test/audio/label_variable/sr500000_xpps2000_h256_wHam/img/C_TO_Jt3_16_06_20_017_007321.50_B2.htk",
    "simple_call_test/audio/label_variable/sr500000_xpps2000_h256_wHam/img/C_TO_Jt1_16_06_20_029_360305.30_B4.htk",
    "simple_call_test/audio/label_variable/sr500000_xpps2000_h256_wHam/img/C_TO_Jt2_16_06_25_016_015005.03_B4.htk",
    "simple_call_test/audio/label_variable/sr500000_xpps2000_h256_wHam/img/C_TO_Jt3_16_07_09_018_037976.91_B4.htk",
    "simple_call_test/audio/label_variable/sr500000_xpps2000_h256_wHam/img/C_TR_Jt1_16_06_02_109_017181.54_B4.htk",
    "simple_call_test/audio/label_variable/sr500000_xpps2000_h256_wHam/img/C_TR_Jt4_16_06_19_013_011958.39_B4.htk",
    "simple_call_test/audio/label_variable/sr500000_xpps2000_h256_wHam/img/C_TR_Jt6_16_06_19_076_002539.58_B4.htk",
    "simple_call_test/audio/label_variable/sr500000_xpps2000_h256_wHam/img/C_TR_Jt7_16_06_17_023_009188.70_B4.htk",
    "simple_call_test/audio/label_variable/sr500000_xpps2000_h256_wHam/img/C_TR_Jt7_16_07_10_009_014775.79_B4.htk",
    "simple_call_test/audio/label_variable/sr500000_xpps2000_h256_wHam/img/C_TO_Jt2_16_07_06_015_122199.60_B3.htk",
    "simple_call_test/audio/label_variable/sr500000_xpps2000_h256_wHam/img/C_TO_Jt3_16_06_20_017_012145.27_B3.htk",
    "simple_call_test/audio/label_variable/sr500000_xpps2000_h256_wHam/img/C_TO_Jt3_16_07_11_009_303962.00_B3.htk",
    "simple_call_test/audio/label_variable/sr500000_xpps2000_h256_wHam/img/C_TR_Jt4_16_06_11_013_096056.77_B3.htk",
    "simple_call_test/audio/label_variable/sr500000_xpps2000_h256_wHam/img/C_TR_Jt5_16_06_19_071_116232.30_B3.htk",
    "simple_call_test/audio/label_variable/sr500000_xpps2000_h256_wHam/img/C_TR_Jt6_16_06_19_035_012978.15_B3.htk",
    "simple_call_test/audio/label_variable/sr500000_xpps2000_h256_wHam/img/VSV_C_TO_Jt2_16_06_26_009_000516.83_VSV.htk",
    "simple_call_test/audio/label_variable/sr500000_xpps2000_h256_wHam/img/VSV_C_TO_Jt3_16_06_24_017_min23_000102.31_VSV.htk",
    "simple_call_test/audio/label_variable/sr500000_xpps2000_h256_wHam/img/VS_C_TO_Jt2_16_06_26_010_000155.55_VS.htk",
    "simple_call_test/audio/label_variable/sr500000_xpps2000_h256_wHam/img/VS_C_TR_Jt5_16_06_19_071_min62_000327.62_VS.htk",
    "simple_call_test/audio/label_variable/sr500000_xpps2000_h256_wHam/img/C_TO_Jt2_16_06_20_018_051190.84_B2.htk",
    "simple_call_test/audio/label_variable/sr500000_xpps2000_h256_wHam/img/C_TO_Jt1_16_06_20_029_360520.80_B4.htk",
    "simple_call_test/audio/label_variable/sr500000_xpps2000_h256_wHam/img/C_TO_Jt3_16_06_18_006_029137.14_B4.htk",
    "simple_call_test/audio/label_variable/sr500000_xpps2000_h256_wHam/img/C_TR_Jt4_16_06_19_013_012126.66_B4.htk",
    "simple_call_test/audio/label_variable/sr500000_xpps2000_h256_wHam/img/C_TR_Jt6_16_06_19_077_038152.77_B4.htk",
    "simple_call_test/audio/label_variable/sr500000_xpps2000_h256_wHam/img/C_TR_Jt7_16_06_23_071_005127.07_B4.htk",
    "simple_call_test/audio/label_variable/sr500000_xpps2000_h256_wHam/img/C_TR_Jt7_16_07_10_009_014889.82_B4.htk",
    "simple_call_test/audio/label_variable/sr500000_xpps2000_h256_wHam/img/C_TR_Jt8_16_07_07_020_007693.24_B4.htk",
    "simple_call_test/audio/label_variable/sr500000_xpps2000_h256_wHam/img/C_TR_Jt1_16_06_07_058_000910.16_B3.htk",
    "simple_call_test/audio/label_variable/sr500000_xpps2000_h256_wHam/img/C_TR_Jt4_16_06_11_013_096210.96_B3.htk",
    "simple_call_test/audio/label_variable/sr500000_xpps2000_h256_wHam/img/C_TR_Jt4_16_06_19_013_026708.96_B3.htk",
    "simple_call_test/audio/label_variable/sr500000_xpps2000_h256_wHam/img/C_TR_Jt5_16_06_19_071_116388.20_B3.htk",
    "simple_call_test/audio/label_variable/sr500000_xpps2000_h256_wHam/img/C_TR_Jt6_16_06_19_035_013061.45_B3.htk",
    "simple_call_test/audio/label_variable/sr500000_xpps2000_h256_wHam/img/VSV_C_TO_Jt2_16_06_20_018_min62_000117.87_VSV.htk",
    "simple_call_test/audio/label_variable/sr500000_xpps2000_h256_wHam/img/VSV_C_TO_Jt2_16_06_26_009_000322.76_VSV.htk",
    "simple_call_test/audio/label_variable/sr500000_xpps2000_h256_wHam/img/VSV_C_TO_Jt2_16_06_26_010_min289_000025.88_VSV.htk",
    "simple_call_test/audio/label_variable/sr500000_xpps2000_h256_wHam/img/VSV_C_TR_Jt5_16_06_21_008_min125_000064.75_VSV.htk",
    "simple_call_test/audio/label_variable/sr500000_xpps2000_h256_wHam/img/VS_C_TO_Jt2_16_06_26_010_000244.65_VS.htk",
    "simple_call_test/audio/label_variable/sr500000_xpps2000_h256_wHam/img/VS_C_TO_Jt2_16_06_26_010_min92_000463.75_VS.htk",
    "simple_call_test/audio/label_variable/sr500000_xpps2000_h256_wHam/img/VS_C_TO_Jt3_16_07_11_009_min16_000126.99_VS.htk",
    "simple_call_test/audio/label_variable/sr500000_xpps2000_h256_wHam/img/VS_C_TR_Jt4_16_06_15_047_min42_000102.41_VS.htk"
  ],
  "env": {
    "os": "Linux",
    "platform": "Linux-3.10.0-1127.19.1.el7.x86_64-x86_64-with-glibc2.10",
    "sox": "14.4.2",
    "java": [
      "openjdk version \"1.8.0_262\"",
      "OpenJDK Runtime Environment (build 1.8.0_262-b10)",
      "OpenJDK 64-Bit Server VM (build 25.262-b10, mixed mode)"
    ],
    "keras": "2.4.0",
    "tf": "2.3.1",
    "gpu": "device: 0, name: Tesla P100-PCIE-12GB, pci bus id: 0000:87:00.0, compute capability: 6.0"
  },
  "pipeline": [
    {
      "task": "AudioLoadTask",
      "props": {
        "mdb": "simple_call_test/metadata.json",
        "dataset_name": "simple_call_test",
        "source": "simple_call_test/audio"
      }
    },
    {
      "task": "ExtractLabelPartsTask",
      "props": {
        "fixed_length": false,
        "dataset_name": null
      }
    },
    {
      "task": "CreateSpectrogramTask",
      "props": {
        "sampling_rate": 500000,
        "x_pixels_per_sec": 2000,
        "height": 256,
        "window": "Ham"
      }
    },
    {
      "task": "ExtractPixelsTask",
      "props": {}
    },
    {
      "task": "KFoldSeparationTask",
      "props": {
        "k": 8,
        "val_bins": 1,
        "test_bins": 2,
        "n": 0
      }
    },
    {
      "task": "CreateNNModelTask",
      "props": {
        "name": "lstm_sct_vl_xpps2000_h256_raw_100",
        "model": {
          "name": "sequential",
          "layers": [
            {
              "class_name": "InputLayer",
              "config": {
                "batch_input_shape": [
                  null,
                  null,
                  256
                ],
                "dtype": "float32",
                "sparse": false,
                "ragged": true,
                "name": "input_1"
              }
            },
            {
              "class_name": "LSTM",
              "config": {
                "name": "lstm",
                "trainable": true,
                "dtype": "float32",
                "return_sequences": true,