{
  "id": "nn_lstm_sct_vl_xpps4000_h300_raw_100/82a54884c241886a7cfd9c4aeb92308280af719d/rec/rec_439acba1dcc32239f52fb00889b1a880026a07ee_e28.report",
  "timestamp": "2020-12-21T22:04:35Z",
  "accuracy": 0.6818181818181818,
  "loss": 1.6651958567264096,
  "correct": 90,
  "incorrect": 42,
  "total": 132,
  "confusion": {
    "B2": {
      "B2": 14,
      "B3": 6,
      "B4": 1,
      "UPS": 0,
      "VS": 1,
      "VSV": 0
    },
    "B3": {
      "B3": 14,
      "B2": 5,
      "B4": 0,
      "UPS": 2,
      "VS": 0,
      "VSV": 1
    },
    "B4": {
      "B4": 9,
      "B2": 8,
      "B3": 5,
      "UPS": 0,
      "VS": 0,
      "VSV": 0
    },
    "UPS": {
      "UPS": 22,
      "B2": 0,
      "B3": 0,
      "B4": 0,
      "VS": 0,
      "VSV": 0
    },
    "VS": {
      "VS": 12,
      "B2": 1,
      "B3": 0,
      "B4": 0,
      "UPS": 0,
      "VSV": 9
    },
    "VSV": {
      "VSV": 19,
      "B2": 1,
      "B3": 0,
      "B4": 0,
      "UPS": 0,
      "VS": 2
    }
  },
  "failed": [
    "simple_call_test/audio/label_variable/sr500000_xpps4000_h300_wHam/img/B2_C_TR_Jt5_16_07_10_034_000707.77_B2.htk",
    "simple_call_test/audio/label_variable/sr500000_xpps4000_h300_wHam/img/B2_C_TR_Jt5_16_07_10_034_001791.27_B2.htk",
    "simple_call_test/audio/label_variable/sr500000_xpps4000_h300_wHam/img/C_TO_Jt1_16_06_20_029_468395.80_B2.htk",
    "simple_call_test/audio/label_variable/sr500000_xpps4000_h300_wHam/img/C_TO_Jt3_16_06_18_006_043272.72_B2.htk",
    "simple_call_test/audio/label_variable/sr500000_xpps4000_h300_wHam/img/C_TO_Jt1_16_06_20_015_046203.63_B4.htk",
    "simple_call_test/audio/label_variable/sr500000_xpps4000_h300_wHam/img/C_TO_Jt2_16_06_20_018_051073.91_B4.htk",
    "simple_call_test/audio/label_variable/sr500000_xpps4000_h300_wHam/img/C_TR_Jt6_16_06_15_082_248000.30_B4.htk",
    "simple_call_test/audio/label_variable/sr500000_xpps4000_h300_wHam/img/C_TR_Jt6_16_07_12_017_175833.90_B4.htk",
    "simple_call_test/audio/label_variable/sr500000_xpps4000_h300_wHam/img/C_TR_Jt7_16_07_07_017_102451.50_B4.htk",
    "simple_call_test/audio/label_variable/sr500000_xpps4000_h300_wHam/img/C_TR_Jt8_16_06_17_019_007362.62_B4.htk",
    "simple_call_test/audio/label_variable/sr500000_xpps4000_h300_wHam/img/C_TR_Jt8_16_07_12_063_084102.48_B4.htk",
    "simple_call_test/audio/label_variable/sr500000_xpps4000_h300_wHam/img/C_TR_Jt3_16_06_16_013_067373.37_B3.htk",
    "simple_call_test/audio/label_variable/sr500000_xpps4000_h300_wHam/img/C_TR_Jt4_16_06_19_013_012027.60_B3.htk",
    "simple_call_test/audio/label_variable/sr500000_xpps4000_h300_wHam/img/VSV_C_TR_Jt5_16_06_15_047_min42_000040.97_VSV.htk",
    "simple_call_test/audio/label_variable/sr500000_xpps4000_h300_wHam/img/VS_C_B_Jto_16_07_04_035_000208.88_VS.htk",
    "simple_call_test/audio/label_variable/sr500000_xpps4000_h300_wHam/img/VS_C_TO_Jt2_16_06_24_015_min69_000051.23_VS.htk",
    "simple_call_test/audio/label_variable/sr500000_xpps4000_h300_wHam/img/VS_C_TO_Jt2_16_06_26_010_min92_000067.72_VS.htk",
    "simple_call_test/audio/label_variable/sr500000_xpps4000_h300_wHam/img/VS_C_TO_Jt3_16_07_11_009_min158_000031.49_VS.htk",
    "simple_call_test/audio/label_variable/sr500000_xpps4000_h300_wHam/img/VS_C_TR_Jt5_16_06_17_024_min77_000117.56_VS.htk",
    "simple_call_test/audio/label_variable/sr500000_xpps4000_h300_wHam/img/VS_C_TR_Jt5_16_07_12_021_2_min98_000202.93_VS.htk",
    "simple_call_test/audio/label_variable/sr500000_xpps4000_h300_wHam/img/B2_C_B_Jt1_16_07_06_042_000693.63_B2.htk",
    "simple_call_test/audio/label_variable/sr500000_xpps4000_h300_wHam/img/B2_C_TR_Jt5_16_07_10_034_001969.35_B2.htk",
    "simple_call_test/audio/label_variable/sr500000_xpps4000_h300_wHam/img/C_TO_Jt2_16_06_12_018_018303.48_B2.htk",
    "simple_call_test/audio/label_variable/sr500000_xpps4000_h300_wHam/img/C_TO_Jt3_16_06_18_006_072342.96_B2.htk",
    "simple_call_test/audio/label_variable/sr500000_xpps4000_h300_wHam/img/C_TO_Jt1_16_06_20_029_360101.50_B4.htk",
    "simple_call_test/audio/label_variable/sr500000_xpps4000_h300_wHam/img/C_TO_Jt3_16_07_09_018_037862.00_B4.htk",
    "simple_call_test/audio/label_variable/sr500000_xpps4000_h300_wHam/img/C_TR_Jt4_16_06_11_013_161915.30_B4.htk",
    "simple_call_test/audio/label_variable/sr500000_xpps4000_h300_wHam/img/C_TR_Jt6_16_06_19_076_003228.97_B4.htk",
    "simple_call_test/audio/label_variable/sr500000_xpps4000_h300_wHam/img/C_TR_Jt7_16_06_17_023_009092.35_B4.htk",
    "simple_call_test/audio/label_variable/sr500000_xpps4000_h300_wHam/img/C_TR_Jt8_16_06_17_019_007248.29_B4.htk",
    "simple_call_test/audio/label_variable/sr500000_xpps4000_h300_wHam/img/B3_C_B_Jt1_16_07_06_042_000016.84_B3.htk",
    "simple_call_test/audio/label_variable/sr500000_xpps4000_h300_wHam/img/C_TO_Jt3_16_07_11_009_297870.00_B3.htk",
    "simple_call_test/audio/label_variable/sr500000_xpps4000_h300_wHam/img/C_TR_Jt3_16_06_16_013_067091.54_B3.htk",
    "simple_call_test/audio/label_variable/sr500000_xpps4000_h300_wHam/img/C_TR_Jt4_16_06_25_005_052088.97_B3.htk",
    "simple_call_test/audio/label_variable/sr500000_xpps4000_h300_wHam/img/C_TR_Jt5_16_06_21_008_068979.69_B3.htk",
    "simple_call_test/audio/label_variable/sr500000_xpps4000_h300_wHam/img/C_TR_Jt6_16_06_15_016_038633.63_B3.htk",
    "simple_call_test/audio/label_variable/sr500000_xpps4000_h300_wHam/img/VSV_C_TO_Jt3_16_07_06_006_min199_000185.29_VSV.htk",
    "simple_call_test/audio/label_variable/sr500000_xpps4000_h300_wHam/img/VSV_C_TR_Jt4_16_06_11_013_min95_000040.32_VSV.htk",
    "simple_call_test/audio/label_variable/sr500000_xpps4000_h300_wHam/img/VS_C_B_Jto_16_07_04_035_000308.63_VS.htk",
    "simple_call_test/audio/label_variable/sr500000_xpps4000_h300_wHam/img/VS_C_TO_Jt3_16_07_11_009_min16_000028.96_VS.htk",
    "simple_call_test/audio/label_variable/sr500000_xpps4000_h300_wHam/img/VS_C_TR_Jt1_16_06_07_057_min133_000031.54_VS.htk",
    "simple_call_test/audio/label_variable/sr500000_xpps4000_h300_wHam/img/VS_C_TR_Jt5_16_06_17_024_min77_000199.72_VS.htk"
  ],
  "env": {
    "os": "Linux",
    "platform": "Linux-3.10.0-1127.19.1.el7.x86_64-x86_64-with-glibc2.10",
    "sox": "14.4.2",
    "java": [
      "openjdk version \"1.8.0_262\"",
      "OpenJDK Runtime Environment (build 1.8.0_262-b10)",
      "OpenJDK 64-Bit Server VM (build 25.262-b10, mixed mode)"
    ],
    "keras": "2.4.0",
    "tf": "2.3.1",
    "gpu": "device: 0, name: Tesla P100-PCIE-12GB, pci bus id: 0000:84:00.0, compute capability: 6.0"
  },
  "pipeline": [
    {
      "task": "AudioLoadTask",
      "props": {
        "mdb": "simple_call_test/metadata.json",
        "dataset_name": "simple_call_test",
        "source": "simple_call_test/audio"
      }
    },
    {
      "task": "ExtractLabelPartsTask",
      "props": {
        "fixed_length": false,
        "dataset_name": null,
        "padded_left": false
      }
    },
    {
      "task": "CreateSpectrogramTask",
      "props": {
        "sampling_rate": 500000,
        "x_pixels_per_sec": 4000,
        "height": 300,
        "window": "Ham"
      }
    },
    {
      "task": "ExtractPixelsTask",
      "props": {}
    },
    {
      "task": "KFoldSeparationTask",
      "props": {
        "k": 8,
        "val_bins": 1,
        "test_bins": 2,
        "n": 6
      }
    },
    {
      "task": "CreateNNModelTask",
      "props": {
        "name": "lstm_sct_vl_xpps4000_h300_raw_100",
        "model": {
          "name": "sequential",
          "layers": [
            {
              "class_name": "InputLayer",
              "config": {
                "batch_input_shape": [
                  null,
                  null,
                  300
                ],
                "dtype": "float32",
                "sparse": false,
                "ragged": true,
                "name": "input_1"
              }
            },
            {
              "class_name": "LSTM",
              "config": {
                "name": "lstm",
                "trainable": true,