{
  "id": "nn_lstm_sct_left_padded_nrs6xpps5000h512_hog_100/a608322e17744da2980c15e26abd93649b6b82ff/rec/rec_bd804a2b555a373df64d3b123cc23ae497a10c6b_e43.report",
  "timestamp": "2020-12-21T13:36:03Z",
  "accuracy": 0.8939393939393939,
  "loss": 0.4270077184542405,
  "correct": 118,
  "incorrect": 14,
  "total": 132,
  "confusion": {
    "B2": {
      "B2": 19,
      "B3": 0,
      "B4": 2,
      "UPS": 1,
      "VS": 0,
      "VSV": 0
    },
    "B3": {
      "B3": 17,
      "B2": 4,
      "B4": 0,
      "UPS": 0,
      "VS": 0,
      "VSV": 1
    },
    "B4": {
      "B4": 17,
      "B2": 3,
      "B3": 2,
      "UPS": 0,
      "VS": 0,
      "VSV": 0
    },
    "UPS": {
      "UPS": 22,
      "B2": 0,
      "B3": 0,
      "B4": 0,
      "VS": 0,
      "VSV": 0
    },
    "VS": {
      "VS": 22,
      "B2": 0,
      "B3": 0,
      "B4": 0,
      "UPS": 0,
      "VSV": 0
    },
    "VSV": {
      "VSV": 21,
      "B2": 0,
      "B3": 0,
      "B4": 0,
      "UPS": 0,
      "VS": 1
    }
  },
  "failed": [
    "simple_call_test/audio/label_fixed_left/nr6/sr500000_xpps5000_h512_wHam/hog/C_TO_Jt2_16_06_24_015_052657.36_B2.htk",
    "simple_call_test/audio/label_fixed_left/nr6/sr500000_xpps5000_h512_wHam/hog/C_TO_Jt3_16_07_06_006_089672.23_B4.htk",
    "simple_call_test/audio/label_fixed_left/nr6/sr500000_xpps5000_h512_wHam/hog/C_TO_Jt3_16_07_11_009_337328.00_B4.htk",
    "simple_call_test/audio/label_fixed_left/nr6/sr500000_xpps5000_h512_wHam/hog/C_TR_Jt1_16_06_02_109_027392.23_B4.htk",
    "simple_call_test/audio/label_fixed_left/nr6/sr500000_xpps5000_h512_wHam/hog/C_TR_Jt7_16_07_12_020_153616.60_B4.htk",
    "simple_call_test/audio/label_fixed_left/nr6/sr500000_xpps5000_h512_wHam/hog/C_TR_Jt4_16_06_15_043_087065.02_B3.htk",
    "simple_call_test/audio/label_fixed_left/nr6/sr500000_xpps5000_h512_wHam/hog/C_TR_Jt6_16_06_19_076_002422.71_B3.htk",
    "simple_call_test/audio/label_fixed_left/nr6/sr500000_xpps5000_h512_wHam/hog/VSV_C_TO_Jt3_16_07_11_009_min12_000074.80_VSV.htk",
    "simple_call_test/audio/label_fixed_left/nr6/sr500000_xpps5000_h512_wHam/hog/B2_C_TR_Jt5_16_07_10_034_001603.11_B2.htk",
    "simple_call_test/audio/label_fixed_left/nr6/sr500000_xpps5000_h512_wHam/hog/C_TO_Jt2_16_06_25_016_029739.00_B2.htk",
    "simple_call_test/audio/label_fixed_left/nr6/sr500000_xpps5000_h512_wHam/hog/C_TR_Jt6_16_07_12_017_175631.70_B4.htk",
    "simple_call_test/audio/label_fixed_left/nr6/sr500000_xpps5000_h512_wHam/hog/C_TR_Jt4_16_06_19_013_011776.85_B3.htk",
    "simple_call_test/audio/label_fixed_left/nr6/sr500000_xpps5000_h512_wHam/hog/C_TR_Jt4_16_06_25_005_051849.68_B3.htk",
    "simple_call_test/audio/label_fixed_left/nr6/sr500000_xpps5000_h512_wHam/hog/C_TR_Jt6_16_06_19_076_002179.48_B3.htk"
  ],
  "env": {
    "os": "Linux",
    "platform": "Linux-3.10.0-1127.19.1.el7.x86_64-x86_64-with-glibc2.10",
    "sox": "14.4.2",
    "java": [
      "openjdk version \"1.8.0_262\"",
      "OpenJDK Runtime Environment (build 1.8.0_262-b10)",
      "OpenJDK 64-Bit Server VM (build 25.262-b10, mixed mode)"
    ],
    "keras": "2.4.0",
    "tf": "2.3.1",
    "gpu": "device: 0, name: Tesla P100-PCIE-12GB, pci bus id: 0000:87:00.0, compute capability: 6.0"
  },
  "pipeline": [
    {
      "task": "AudioLoadTask",
      "props": {
        "mdb": "simple_call_test/metadata.json",
        "dataset_name": "simple_call_test",
        "source": "simple_call_test/audio"
      }
    },
    {
      "task": "ExtractLabelPartsTask",
      "props": {
        "fixed_length": true,
        "dataset_name": null,
        "padded_left": true
      }
    },
    {
      "task": "NoiseReduceTask",
      "props": {
        "sensitivity": 6,
        "noise": [
          {
            "task": "AudioLoadTask",
            "props": {
              "mdb": "simple_call_test/metadata.json",
              "dataset_name": "simple_call_test",
              "source": "simple_call_test/audio"
            }
          },
          {
            "task": "SilentAudioTask",
            "props": {
              "max_length": 0.2004000000000019
            }
          },
          {
            "task": "NoiseProfileTask",
            "props": {}
          }
        ]
      }
    },
    {
      "task": "CreateSpectrogramTask",
      "props": {
        "sampling_rate": 500000,
        "x_pixels_per_sec": 5000,
        "height": 512,
        "window": "Ham"
      }
    },
    {
      "task": "ExtractHOGHWRecogTask",
      "props": {}
    },
    {
      "task": "KFoldSeparationTask",
      "props": {
        "k": 8,
        "val_bins": 1,
        "test_bins": 2,
        "n": 4
      }
    },
    {
      "task": "CreateNNModelTask",
      "props": {
        "name": "lstm_sct_left_padded_nrs6xpps5000h512_hog_100",
        "model": {
          "name": "sequential",
          "layers": [
            {
              "class_name": "InputLayer",
              "config": {
                "batch_input_shape": [
                  null,
                  null,
                  288
                ],
                "dtype": "float32",
                "sparse": false,
                "ragged": true,
                "name": "input_1"
              }
            },
            {
              "class_name": "LSTM",
              "config": {
                "name": "lstm",
                "trainable": true,
                "dtype": "float32",
                "return_sequences": true,
                "return_state": false,
                "go_backwards": false,
                "stateful": false,
                "unroll": false,
                "time_major": false,
                "units": 256,
                "activation": "tanh",
                "recurrent_activation": "sigmoid",
                "use_bias": true,
                "kernel_initializer": {
                  "class_name": "GlorotUniform",
                  "config": {
                    "seed": null
                  }
                },
                "recurrent_initializer": {
                  "class_name": "Orthogonal",
                  "config": {
                    "gain": 1.0,
                    "seed": null
                  }
                },
                "bias_initializer": {
                  "class_name": "Zeros",
                  "config": {}
                },
                "unit_forget_bias": true,
                "kernel_regularizer": null,
                "recurrent_regularizer": null,
                "bias_regularizer": null,
                "activity_regularizer": null,
                "kernel_constraint": null,
                "recurrent_constraint": null,
                "bias_constraint": null,
                "dropout": 0.0,
                "recurrent_dropout": 0.0,
                "implementation": 2
              }
            },
            {
              "class_name": "LSTM",
              "config": {
                "name": "lstm_1",
                "trainable": true,
                "dtype": "float32",
                "return_sequences": false,
                "return_state": false,
                "go_backwards": false,
                "stateful": false,
                "unroll": false,
                "time_major": false,
                "units": 256,
                "activation": "tanh",
                "recurrent_activation": "sigmoid",
                "use_bias": true,
                "kernel_initializer": {
                  "class_name": "GlorotUniform",
                  "config": {
                    "seed": null
                  }
                },
                "recurrent_initializer": {
                  "class_name": "Orthogonal",
                  "config": {
                    "gain": 1.0,
                    "seed": null
                  }
                },
                "bias_initializer": {
                  "class_name": "Zeros",
                  "config": {}
                },
                "unit_forget_bias": true,
                "kernel_regularizer": null,