{
  "id": "nn_lstm_sct_vl_xpps5000_h300_hog_100/9221462f558e275c28f85da99cb9439fb975fa1c/rec/rec_9a1bbbe91649d49cf8e6869b3f104bc6904cfbc4_e30.report",
  "timestamp": "2020-11-12T12:18:09Z",
  "accuracy": 0.8787878787878788,
  "loss": 0.4326993043511004,
  "correct": 116,
  "incorrect": 16,
  "total": 132,
  "confusion": {
    "B2": {
      "B2": 11,
      "B3": 2,
      "B4": 9,
      "UPS": 0,
      "VS": 0,
      "VSV": 0
    },
    "B3": {
      "B3": 19,
      "B2": 1,
      "B4": 2,
      "UPS": 0,
      "VS": 0,
      "VSV": 0
    },
    "B4": {
      "B4": 22,
      "B2": 0,
      "B3": 0,
      "UPS": 0,
      "VS": 0,
      "VSV": 0
    },
    "UPS": {
      "UPS": 22,
      "B2": 0,
      "B3": 0,
      "B4": 0,
      "VS": 0,
      "VSV": 0
    },
    "VS": {
      "VS": 20,
      "B2": 0,
      "B3": 0,
      "B4": 0,
      "UPS": 0,
      "VSV": 2
    },
    "VSV": {
      "VSV": 22,
      "B2": 0,
      "B3": 0,
      "B4": 0,
      "UPS": 0,
      "VS": 0
    }
  },
  "failed": [
    "simple_call_test/audio/label_variable/sr500000_xpps5000_h300_wHam/hog/B2_C_TR_Jt2_16_06_02_044_000070.56_B2.htk",
    "simple_call_test/audio/label_variable/sr500000_xpps5000_h300_wHam/hog/C_TO_Jt1_16_06_20_015_063431.62_B2.htk",
    "simple_call_test/audio/label_variable/sr500000_xpps5000_h300_wHam/hog/C_TO_Jt2_16_06_12_018_048562.51_B2.htk",
    "simple_call_test/audio/label_variable/sr500000_xpps5000_h300_wHam/hog/C_TO_Jt2_16_07_04_023_208041.10_B2.htk",
    "simple_call_test/audio/label_variable/sr500000_xpps5000_h300_wHam/hog/C_TO_Jt2_16_07_06_015_115374.80_B2.htk",
    "simple_call_test/audio/label_variable/sr500000_xpps5000_h300_wHam/hog/C_TO_Jt3_16_06_18_006_076198.43_B3.htk",
    "simple_call_test/audio/label_variable/sr500000_xpps5000_h300_wHam/hog/C_TR_Jt5_16_06_19_071_116388.20_B3.htk",
    "simple_call_test/audio/label_variable/sr500000_xpps5000_h300_wHam/hog/VS_C_TO_Jt2_16_07_06_015_min152_000024.64_VS.htk",
    "simple_call_test/audio/label_variable/sr500000_xpps5000_h300_wHam/hog/VS_C_TO_Jt3_16_07_11_009_min16_000126.99_VS.htk",
    "simple_call_test/audio/label_variable/sr500000_xpps5000_h300_wHam/hog/B2_C_TR_Jt5_16_07_10_034_001053.17_B2.htk",
    "simple_call_test/audio/label_variable/sr500000_xpps5000_h300_wHam/hog/C_TO_Jt1_16_06_20_015_062571.36_B2.htk",
    "simple_call_test/audio/label_variable/sr500000_xpps5000_h300_wHam/hog/C_TO_Jt1_16_06_20_029_475729.90_B2.htk",
    "simple_call_test/audio/label_variable/sr500000_xpps5000_h300_wHam/hog/C_TO_Jt2_16_06_12_018_048697.67_B2.htk",
    "simple_call_test/audio/label_variable/sr500000_xpps5000_h300_wHam/hog/C_TO_Jt2_16_06_24_015_041236.45_B2.htk",
    "simple_call_test/audio/label_variable/sr500000_xpps5000_h300_wHam/hog/C_TO_Jt2_16_07_04_023_208173.20_B2.htk",
    "simple_call_test/audio/label_variable/sr500000_xpps5000_h300_wHam/hog/C_TO_Jt3_16_06_18_006_076088.89_B3.htk"
  ],
  "env": {
    "os": "Linux",
    "platform": "Linux-3.10.0-1127.19.1.el7.x86_64-x86_64-with-glibc2.10",
    "sox": "14.4.2",
    "java": [
      "openjdk version \"1.8.0_262\"",
      "OpenJDK Runtime Environment (build 1.8.0_262-b10)",
      "OpenJDK 64-Bit Server VM (build 25.262-b10, mixed mode)"
    ],
    "keras": "2.4.0",
    "tf": "2.3.1",
    "gpu": "device: 0, name: GeForce RTX 2080 Ti, pci bus id: 0000:40:00.0, compute capability: 7.5"
  },
  "pipeline": [
    {
      "task": "AudioLoadTask",
      "props": {
        "mdb": "simple_call_test/metadata.json",
        "dataset_name": "simple_call_test",
        "source": "simple_call_test/audio"
      }
    },
    {
      "task": "ExtractLabelPartsTask",
      "props": {
        "fixed_length": false,
        "dataset_name": null
      }
    },
    {
      "task": "CreateSpectrogramTask",
      "props": {
        "sampling_rate": 500000,
        "x_pixels_per_sec": 5000,
        "height": 300,
        "window": "Ham"
      }
    },
    {
      "task": "ExtractHOGHWRecogTask",
      "props": {}
    },
    {
      "task": "KFoldSeparationTask",
      "props": {
        "k": 8,
        "val_bins": 1,
        "test_bins": 2,
        "n": 1
      }
    },
    {
      "task": "CreateNNModelTask",
      "props": {
        "name": "lstm_sct_vl_xpps5000_h300_hog_100",
        "model": {
          "name": "sequential",
          "layers": [
            {
              "class_name": "InputLayer",
              "config": {
                "batch_input_shape": [
                  null,
                  null,
                  288
                ],
                "dtype": "float32",
                "sparse": false,
                "ragged": true,
                "name": "input_1"
              }
            },
            {
              "class_name": "LSTM",
              "config": {
                "name": "lstm",
                "trainable": true,
                "dtype": "float32",
                "return_sequences": true,
                "return_state": false,
                "go_backwards": false,
                "stateful": false,
                "unroll": false,
                "time_major": false,
                "units": 256,
                "activation": "tanh",
                "recurrent_activation": "sigmoid",
                "use_bias": true,
                "kernel_initializer": {
                  "class_name": "GlorotUniform",
                  "config": {
                    "seed": null
                  }
                },
                "recurrent_initializer": {
                  "class_name": "Orthogonal",
                  "config": {
                    "gain": 1.0,
                    "seed": null
                  }
                },
                "bias_initializer": {
                  "class_name": "Zeros",
                  "config": {}
                },
                "unit_forget_bias": true,
                "kernel_regularizer": null,
                "recurrent_regularizer": null,
                "bias_regularizer": null,
                "activity_regularizer": null,
                "kernel_constraint": null,
                "recurrent_constraint": null,
                "bias_constraint": null,
                "dropout": 0.0,
                "recurrent_dropout": 0.0,
                "implementation": 2
              }
            },
            {
              "class_name": "LSTM",
              "config": {
                "name": "lstm_1",
                "trainable": true,
                "dtype": "float32",
                "return_sequences": false,
                "return_state": false,
                "go_backwards": false,
                "stateful": false,
                "unroll": false,
                "time_major": false,
                "units": 256,
                "activation": "tanh",
                "recurrent_activation": "sigmoid",
                "use_bias": true,
                "kernel_initializer": {
                  "class_name": "GlorotUniform",
                  "config": {
                    "seed": null
                  }
                },
                "recurrent_initializer": {
                  "class_name": "Orthogonal",
                  "config": {
                    "gain": 1.0,
                    "seed": null
                  }
                },
                "bias_initializer": {
                  "class_name": "Zeros",
                  "config": {}
                },
                "unit_forget_bias": true,
                "kernel_regularizer": null,
                "recurrent_regularizer": null,
                "bias_regularizer": null,
                "activity_regularizer": null,
                "kernel_constraint": null,
                "recurrent_constraint": null,
                "bias_constraint": null,
                "dropout": 0.0,
                "recurrent_dropout": 0.0,
                "implementation": 2
              }
            },
            {
              "class_name": "Dense",
              "config": {
                "name": "dense",