{
  "id": "nn_lstm_sct_left_padded_nrs0xpps5000h512_raw_100/942e024a8a348f582cf83044374434bd2047e801/rec/rec_3c777f6990a6f7fe4478f9e95c83bf1e8558eab4_e49.report",
  "timestamp": "2020-12-21T03:00:54Z",
  "accuracy": 0.6212121212121212,
  "loss": 2.9851598950625324,
  "correct": 82,
  "incorrect": 50,
  "total": 132,
  "confusion": {
    "B2": {
      "B2": 12,
      "B3": 3,
      "B4": 5,
      "UPS": 0,
      "VS": 1,
      "VSV": 1
    },
    "B3": {
      "B3": 11,
      "B2": 5,
      "B4": 1,
      "UPS": 2,
      "VS": 1,
      "VSV": 2
    },
    "B4": {
      "B4": 8,
      "B2": 6,
      "B3": 8,
      "UPS": 0,
      "VS": 0,
      "VSV": 0
    },
    "UPS": {
      "UPS": 22,
      "B2": 0,
      "B3": 0,
      "B4": 0,
      "VS": 0,
      "VSV": 0
    },
    "VS": {
      "VS": 12,
      "B2": 0,
      "B3": 2,
      "B4": 0,
      "UPS": 0,
      "VSV": 8
    },
    "VSV": {
      "VSV": 17,
      "B2": 0,
      "B3": 0,
      "B4": 0,
      "UPS": 1,
      "VS": 4
    }
  },
  "failed": [
    "simple_call_test/audio/label_fixed_left/sr500000_xpps5000_h512_wHam/img/C_TO_Jt1_16_06_20_015_062571.36_B2.htk",
    "simple_call_test/audio/label_fixed_left/sr500000_xpps5000_h512_wHam/img/C_TO_Jt1_16_06_20_029_475729.90_B2.htk",
    "simple_call_test/audio/label_fixed_left/sr500000_xpps5000_h512_wHam/img/C_TO_Jt2_16_06_12_018_048697.67_B2.htk",
    "simple_call_test/audio/label_fixed_left/sr500000_xpps5000_h512_wHam/img/C_TO_Jt2_16_06_18_005_026893.21_B2.htk",
    "simple_call_test/audio/label_fixed_left/sr500000_xpps5000_h512_wHam/img/C_TO_Jt2_16_06_24_015_041236.45_B2.htk",
    "simple_call_test/audio/label_fixed_left/sr500000_xpps5000_h512_wHam/img/C_TO_Jt3_16_06_18_006_041029.17_B2.htk",
    "simple_call_test/audio/label_fixed_left/sr500000_xpps5000_h512_wHam/img/C_TO_Jt3_16_06_20_017_011057.44_B2.htk",
    "simple_call_test/audio/label_fixed_left/sr500000_xpps5000_h512_wHam/img/C_TO_Jt2_16_06_20_018_047295.33_B4.htk",
    "simple_call_test/audio/label_fixed_left/sr500000_xpps5000_h512_wHam/img/C_TO_Jt3_16_06_20_017_008032.86_B4.htk",
    "simple_call_test/audio/label_fixed_left/sr500000_xpps5000_h512_wHam/img/C_TO_Jt3_16_07_11_009_267964.30_B4.htk",
    "simple_call_test/audio/label_fixed_left/sr500000_xpps5000_h512_wHam/img/C_TR_Jt1_16_06_02_109_019244.31_B4.htk",
    "simple_call_test/audio/label_fixed_left/sr500000_xpps5000_h512_wHam/img/C_TR_Jt4_16_06_19_013_012210.09_B4.htk",
    "simple_call_test/audio/label_fixed_left/sr500000_xpps5000_h512_wHam/img/C_TR_Jt8_16_07_07_020_066105.41_B4.htk",
    "simple_call_test/audio/label_fixed_left/sr500000_xpps5000_h512_wHam/img/C_TO_Jt3_16_06_18_006_076088.89_B3.htk",
    "simple_call_test/audio/label_fixed_left/sr500000_xpps5000_h512_wHam/img/C_TR_Jt1_16_06_07_058_000797.01_B3.htk",
    "simple_call_test/audio/label_fixed_left/sr500000_xpps5000_h512_wHam/img/C_TR_Jt4_16_06_23_057_154843.80_B3.htk",
    "simple_call_test/audio/label_fixed_left/sr500000_xpps5000_h512_wHam/img/C_TR_Jt4_16_06_25_005_061631.15_B3.htk",
    "simple_call_test/audio/label_fixed_left/sr500000_xpps5000_h512_wHam/img/C_TR_Jt5_16_06_23_025_082606.90_B3.htk",
    "simple_call_test/audio/label_fixed_left/sr500000_xpps5000_h512_wHam/img/C_TR_Jt6_16_06_19_035_024507.79_B3.htk",
    "simple_call_test/audio/label_fixed_left/sr500000_xpps5000_h512_wHam/img/VSV_C_TO_Jt2_16_06_12_018_min165_000163.19_VSV.htk",
    "simple_call_test/audio/label_fixed_left/sr500000_xpps5000_h512_wHam/img/VSV_C_TO_Jt2_16_07_04_023_min226_000033.92_VSV.htk",
    "simple_call_test/audio/label_fixed_left/sr500000_xpps5000_h512_wHam/img/VSV_C_TO_Jt3_16_07_04_021_min83_000035.64_VSV.htk",
    "simple_call_test/audio/label_fixed_left/sr500000_xpps5000_h512_wHam/img/VSV_C_TO_Jt3_16_07_11_008_min59_000092.38_VSV.htk",
    "simple_call_test/audio/label_fixed_left/sr500000_xpps5000_h512_wHam/img/VSV_C_TO_Jt2_16_07_23_010_min64_000149.90_VS.htk",
    "simple_call_test/audio/label_fixed_left/sr500000_xpps5000_h512_wHam/img/VS_C_TO_Jt2_16_06_26_010_000332.91_VS.htk",
    "simple_call_test/audio/label_fixed_left/sr500000_xpps5000_h512_wHam/img/VS_C_TO_Jt3_16_06_18_006_min1_000052.91_VS.htk",
    "simple_call_test/audio/label_fixed_left/sr500000_xpps5000_h512_wHam/img/VS_C_TR_Jt5_16_07_12_021_2_min86_000039.28_VS.htk",
    "simple_call_test/audio/label_fixed_left/sr500000_xpps5000_h512_wHam/img/C_TO_Jt2_16_06_12_018_048834.57_B2.htk",
    "simple_call_test/audio/label_fixed_left/sr500000_xpps5000_h512_wHam/img/C_TO_Jt2_16_06_24_015_041349.09_B2.htk",
    "simple_call_test/audio/label_fixed_left/sr500000_xpps5000_h512_wHam/img/C_TO_Jt2_16_07_04_023_207918.90_B2.htk",
    "simple_call_test/audio/label_fixed_left/sr500000_xpps5000_h512_wHam/img/C_TO_Jt3_16_06_20_017_007136.74_B4.htk",
    "simple_call_test/audio/label_fixed_left/sr500000_xpps5000_h512_wHam/img/C_TO_Jt3_16_07_11_009_336885.70_B4.htk",
    "simple_call_test/audio/label_fixed_left/sr500000_xpps5000_h512_wHam/img/C_TR_Jt1_16_06_02_109_019361.16_B4.htk",
    "simple_call_test/audio/label_fixed_left/sr500000_xpps5000_h512_wHam/img/C_TR_Jt4_16_06_23_057_205685.70_B4.htk",
    "simple_call_test/audio/label_fixed_left/sr500000_xpps5000_h512_wHam/img/C_TR_Jt6_16_06_19_077_037837.14_B4.htk",
    "simple_call_test/audio/label_fixed_left/sr500000_xpps5000_h512_wHam/img/C_TR_Jt7_16_07_07_017_074981.03_B4.htk",
    "simple_call_test/audio/label_fixed_left/sr500000_xpps5000_h512_wHam/img/C_TR_Jt7_16_07_12_020_153369.70_B4.htk",
    "simple_call_test/audio/label_fixed_left/sr500000_xpps5000_h512_wHam/img/C_TR_Jt8_16_07_07_020_066614.52_B4.htk",
    "simple_call_test/audio/label_fixed_left/sr500000_xpps5000_h512_wHam/img/C_TO_Jt3_16_06_18_007_001985.61_B3.htk",
    "simple_call_test/audio/label_fixed_left/sr500000_xpps5000_h512_wHam/img/C_TO_Jt3_16_07_06_006_225073.80_B3.htk",
    "simple_call_test/audio/label_fixed_left/sr500000_xpps5000_h512_wHam/img/C_TR_Jt1_16_06_07_058_086450.62_B3.htk",
    "simple_call_test/audio/label_fixed_left/sr500000_xpps5000_h512_wHam/img/C_TR_Jt4_16_06_23_057_154986.30_B3.htk",
    "simple_call_test/audio/label_fixed_left/sr500000_xpps5000_h512_wHam/img/C_TR_Jt6_16_06_19_035_024346.27_B3.htk",
    "simple_call_test/audio/label_fixed_left/sr500000_xpps5000_h512_wHam/img/VSV_C_TO_Jt3_16_07_06_006_min109_000021.76_VSV.htk",
    "simple_call_test/audio/label_fixed_left/sr500000_xpps5000_h512_wHam/img/VSV_C_TO_Jt2_16_07_23_010_min64_000249.08_VS.htk",
    "simple_call_test/audio/label_fixed_left/sr500000_xpps5000_h512_wHam/img/VS_C_TO_Jt2_16_06_12_018_min15_000180.86_VS.htk",
    "simple_call_test/audio/label_fixed_left/sr500000_xpps5000_h512_wHam/img/VS_C_TO_Jt2_16_06_26_010_000415.43_VS.htk",
    "simple_call_test/audio/label_fixed_left/sr500000_xpps5000_h512_wHam/img/VS_C_TO_Jt2_16_07_04_023_min166_000027.66_VS.htk",
    "simple_call_test/audio/label_fixed_left/sr500000_xpps5000_h512_wHam/img/VS_C_TR_Jt5_16_06_19_071_min22_000029.95_VS.htk",
    "simple_call_test/audio/label_fixed_left/sr500000_xpps5000_h512_wHam/img/VS_C_TR_Jt5_16_06_21_008_min6_000042.89_VS.htk"
  ],
  "env": {
    "os": "Linux",
    "platform": "Linux-3.10.0-1127.19.1.el7.x86_64-x86_64-with-glibc2.10",
    "sox": "14.4.2",
    "java": [
      "openjdk version \"1.8.0_262\"",
      "OpenJDK Runtime Environment (build 1.8.0_262-b10)",
      "OpenJDK 64-Bit Server VM (build 25.262-b10, mixed mode)"
    ],
    "keras": "2.4.0",
    "tf": "2.3.1",
    "gpu": "device: 0, name: Tesla P100-PCIE-12GB, pci bus id: 0000:83:00.0, compute capability: 6.0"
  },
  "pipeline": [
    {
      "task": "AudioLoadTask",
      "props": {
        "mdb": "simple_call_test/metadata.json",
        "dataset_name": "simple_call_test",
        "source": "simple_call_test/audio"
      }
    },
    {
      "task": "ExtractLabelPartsTask",
      "props": {
        "fixed_length": true,
        "dataset_name": null,
        "padded_left": true
      }
    },
    {
      "task": "CreateSpectrogramTask",
      "props": {
        "sampling_rate": 500000,