{
  "id": "nn_cnn_2d_sct_left_padded_nrs6xpps2000h256_hog_100_3d/d13a5d64517dfc9b0c9913dd82f0c2c512d6cc8f/rec/rec_9b4ac78ad4a68b08c275b4deb644eeef21aed5ab_e22.report",
  "timestamp": "2020-12-21T21:43:59Z",
  "accuracy": 0.6363636363636364,
  "loss": 0.9356006476694227,
  "correct": 84,
  "incorrect": 48,
  "total": 132,
  "confusion": {
    "B2": {
      "B2": 14,
      "B3": 2,
      "B4": 4,
      "UPS": 2,
      "VS": 0,
      "VSV": 0
    },
    "B3": {
      "B3": 6,
      "B2": 14,
      "B4": 2,
      "UPS": 0,
      "VS": 0,
      "VSV": 0
    },
    "B4": {
      "B4": 15,
      "B2": 3,
      "B3": 2,
      "UPS": 0,
      "VS": 0,
      "VSV": 2
    },
    "UPS": {
      "UPS": 22,
      "B2": 0,
      "B3": 0,
      "B4": 0,
      "VS": 0,
      "VSV": 0
    },
    "VS": {
      "VS": 7,
      "B2": 0,
      "B3": 0,
      "B4": 0,
      "UPS": 0,
      "VSV": 15
    },
    "VSV": {
      "VSV": 20,
      "B2": 1,
      "B3": 0,
      "B4": 0,
      "UPS": 0,
      "VS": 1
    }
  },
  "failed": [
    "simple_call_test/audio/label_fixed_left/nr6/sr500000_xpps2000_h256_wHam/hog/B2_C_TR_Jt2_16_06_02_044_000306.76_B2.htk",
    "simple_call_test/audio/label_fixed_left/nr6/sr500000_xpps2000_h256_wHam/hog/C_TO_Jt1_16_06_20_015_062447.76_B2.htk",
    "simple_call_test/audio/label_fixed_left/nr6/sr500000_xpps2000_h256_wHam/hog/C_TO_Jt2_16_06_24_015_041349.09_B2.htk",
    "simple_call_test/audio/label_fixed_left/nr6/sr500000_xpps2000_h256_wHam/hog/C_TO_Jt3_16_06_20_017_011470.47_B2.htk",
    "simple_call_test/audio/label_fixed_left/nr6/sr500000_xpps2000_h256_wHam/hog/C_TO_Jt3_16_06_20_017_007136.74_B4.htk",
    "simple_call_test/audio/label_fixed_left/nr6/sr500000_xpps2000_h256_wHam/hog/C_TO_Jt3_16_07_11_009_336885.70_B4.htk",
    "simple_call_test/audio/label_fixed_left/nr6/sr500000_xpps2000_h256_wHam/hog/C_TR_Jt4_16_06_23_057_205685.70_B4.htk",
    "simple_call_test/audio/label_fixed_left/nr6/sr500000_xpps2000_h256_wHam/hog/C_TR_Jt7_16_07_12_020_153369.70_B4.htk",
    "simple_call_test/audio/label_fixed_left/nr6/sr500000_xpps2000_h256_wHam/hog/C_TO_Jt3_16_06_18_007_001985.61_B3.htk",
    "simple_call_test/audio/label_fixed_left/nr6/sr500000_xpps2000_h256_wHam/hog/C_TO_Jt3_16_07_06_006_225073.80_B3.htk",
    "simple_call_test/audio/label_fixed_left/nr6/sr500000_xpps2000_h256_wHam/hog/C_TR_Jt1_16_06_07_058_086450.62_B3.htk",
    "simple_call_test/audio/label_fixed_left/nr6/sr500000_xpps2000_h256_wHam/hog/C_TR_Jt4_16_06_15_043_080231.17_B3.htk",
    "simple_call_test/audio/label_fixed_left/nr6/sr500000_xpps2000_h256_wHam/hog/C_TR_Jt4_16_06_23_057_154986.30_B3.htk",
    "simple_call_test/audio/label_fixed_left/nr6/sr500000_xpps2000_h256_wHam/hog/C_TR_Jt5_16_06_15_047_013379.50_B3.htk",
    "simple_call_test/audio/label_fixed_left/nr6/sr500000_xpps2000_h256_wHam/hog/C_TR_Jt5_16_06_23_025_077217.57_B3.htk",
    "simple_call_test/audio/label_fixed_left/nr6/sr500000_xpps2000_h256_wHam/hog/C_TR_Jt5_16_07_12_021_2_337339.40_B3.htk",
    "simple_call_test/audio/label_fixed_left/nr6/sr500000_xpps2000_h256_wHam/hog/C_TR_Jt6_16_06_19_035_024346.27_B3.htk",
    "simple_call_test/audio/label_fixed_left/nr6/sr500000_xpps2000_h256_wHam/hog/VSV_C_TO_Jt2_16_07_23_010_min64_000249.08_VS.htk",
    "simple_call_test/audio/label_fixed_left/nr6/sr500000_xpps2000_h256_wHam/hog/VS_C_TO_Jt2_16_06_12_018_min15_000180.86_VS.htk",
    "simple_call_test/audio/label_fixed_left/nr6/sr500000_xpps2000_h256_wHam/hog/VS_C_TO_Jt2_16_06_26_010_000415.43_VS.htk",
    "simple_call_test/audio/label_fixed_left/nr6/sr500000_xpps2000_h256_wHam/hog/VS_C_TO_Jt2_16_07_04_023_min166_000027.66_VS.htk",
    "simple_call_test/audio/label_fixed_left/nr6/sr500000_xpps2000_h256_wHam/hog/VS_C_TO_Jt3_16_07_23_003_min13_000096.39_VS.htk",
    "simple_call_test/audio/label_fixed_left/nr6/sr500000_xpps2000_h256_wHam/hog/VS_C_TR_Jt4_16_07_10_015_min17_000109.89_VS.htk",
    "simple_call_test/audio/label_fixed_left/nr6/sr500000_xpps2000_h256_wHam/hog/VS_C_TR_Jt5_16_06_19_071_min22_000029.95_VS.htk",
    "simple_call_test/audio/label_fixed_left/nr6/sr500000_xpps2000_h256_wHam/hog/VS_C_TR_Jt5_16_06_21_008_min6_000042.89_VS.htk",
    "simple_call_test/audio/label_fixed_left/nr6/sr500000_xpps2000_h256_wHam/hog/VS_C_TR_Jt5_16_07_12_021_2_min86_000130.10_VS.htk",
    "simple_call_test/audio/label_fixed_left/nr6/sr500000_xpps2000_h256_wHam/hog/C_TO_Jt1_16_06_20_029_360627.40_B2.htk",
    "simple_call_test/audio/label_fixed_left/nr6/sr500000_xpps2000_h256_wHam/hog/C_TO_Jt2_16_06_24_015_052657.36_B2.htk",
    "simple_call_test/audio/label_fixed_left/nr6/sr500000_xpps2000_h256_wHam/hog/C_TO_Jt3_16_06_18_006_042024.30_B2.htk",
    "simple_call_test/audio/label_fixed_left/nr6/sr500000_xpps2000_h256_wHam/hog/C_TO_Jt3_16_06_20_017_011632.50_B2.htk",
    "simple_call_test/audio/label_fixed_left/nr6/sr500000_xpps2000_h256_wHam/hog/C_TR_Jt4_16_06_23_057_205774.30_B4.htk",
    "simple_call_test/audio/label_fixed_left/nr6/sr500000_xpps2000_h256_wHam/hog/C_TR_Jt6_16_06_23_080_103281.90_B4.htk",
    "simple_call_test/audio/label_fixed_left/nr6/sr500000_xpps2000_h256_wHam/hog/C_TR_Jt7_16_07_12_020_153616.60_B4.htk",
    "simple_call_test/audio/label_fixed_left/nr6/sr500000_xpps2000_h256_wHam/hog/C_TO_Jt2_16_06_26_010_301515.80_B3.htk",
    "simple_call_test/audio/label_fixed_left/nr6/sr500000_xpps2000_h256_wHam/hog/C_TO_Jt3_16_06_18_007_004291.27_B3.htk",
    "simple_call_test/audio/label_fixed_left/nr6/sr500000_xpps2000_h256_wHam/hog/C_TO_Jt3_16_07_09_018_013666.86_B3.htk",
    "simple_call_test/audio/label_fixed_left/nr6/sr500000_xpps2000_h256_wHam/hog/C_TR_Jt4_16_06_15_043_087065.02_B3.htk",
    "simple_call_test/audio/label_fixed_left/nr6/sr500000_xpps2000_h256_wHam/hog/C_TR_Jt4_16_06_23_057_154627.00_B3.htk",
    "simple_call_test/audio/label_fixed_left/nr6/sr500000_xpps2000_h256_wHam/hog/C_TR_Jt5_16_06_15_047_050256.48_B3.htk",
    "simple_call_test/audio/label_fixed_left/nr6/sr500000_xpps2000_h256_wHam/hog/C_TR_Jt5_16_06_23_025_077377.31_B3.htk",
    "simple_call_test/audio/label_fixed_left/nr6/sr500000_xpps2000_h256_wHam/hog/C_TR_Jt2_16_06_02_044_012436.33_VSV.htk",
    "simple_call_test/audio/label_fixed_left/nr6/sr500000_xpps2000_h256_wHam/hog/VSV_C_TO_Jt2_16_07_04_023_min226_000209.61_VSV.htk",
    "simple_call_test/audio/label_fixed_left/nr6/sr500000_xpps2000_h256_wHam/hog/VSV_C_TO_Jt2_16_07_23_010_min64_000012.54_VS.htk",
    "simple_call_test/audio/label_fixed_left/nr6/sr500000_xpps2000_h256_wHam/hog/VS_C_TO_Jt2_16_06_12_018_min15_000095.57_VS.htk",
    "simple_call_test/audio/label_fixed_left/nr6/sr500000_xpps2000_h256_wHam/hog/VS_C_TO_Jt3_16_07_23_003_min13_000171.36_VS.htk",
    "simple_call_test/audio/label_fixed_left/nr6/sr500000_xpps2000_h256_wHam/hog/VS_C_TR_Jt2_16_06_02_044_012360.72_VS.htk",
    "simple_call_test/audio/label_fixed_left/nr6/sr500000_xpps2000_h256_wHam/hog/VS_C_TR_Jt4_16_07_10_015_min17_000192.45_VS.htk",
    "simple_call_test/audio/label_fixed_left/nr6/sr500000_xpps2000_h256_wHam/hog/VS_C_TR_Jt5_16_06_19_071_min62_000028.43_VS.htk"
  ],
  "env": {
    "os": "Linux",
    "platform": "Linux-3.10.0-1127.19.1.el7.x86_64-x86_64-with-glibc2.10",
    "sox": "14.4.2",
    "java": [
      "openjdk version \"1.8.0_262\"",
      "OpenJDK Runtime Environment (build 1.8.0_262-b10)",
      "OpenJDK 64-Bit Server VM (build 25.262-b10, mixed mode)"
    ],
    "keras": "2.4.0",
    "tf": "2.3.1",
    "gpu": "device: 0, name: Tesla P100-PCIE-12GB, pci bus id: 0000:88:00.0, compute capability: 6.0"
  },
  "pipeline": [
    {
      "task": "AudioLoadTask",
      "props": {
        "mdb": "simple_call_test/metadata.json",
        "dataset_name": "simple_call_test",
        "source": "simple_call_test/audio"
      }
    },
    {
      "task": "ExtractLabelPartsTask",
      "props": {
        "fixed_length": true,
        "dataset_name": null,
        "padded_left": true
      }
    },
    {
      "task": "NoiseReduceTask",
      "props": {
        "sensitivity": 6,