{
  "id": "nn_cnn_2d_sct_padded_nrs6xpps2000h256_raw_100/f1e07ca007e4bf13beaf2a36676f0524590b4d01/rec/rec_99cd984fd7099874af1c8e0f7077237c95d5e6d1_e92.report",
  "timestamp": "2020-11-11T15:54:03Z",
  "accuracy": 0.8106060606060606,
  "loss": 1.0596342916616113,
  "correct": 107,
  "incorrect": 25,
  "total": 132,
  "confusion": {
    "B2": {
      "B2": 20,
      "B3": 1,
      "B4": 1,
      "UPS": 0,
      "VS": 0,
      "VSV": 0
    },
    "B3": {
      "B3": 18,
      "B2": 4,
      "B4": 0,
      "UPS": 0,
      "VS": 0,
      "VSV": 0
    },
    "B4": {
      "B4": 10,
      "B2": 5,
      "B3": 6,
      "UPS": 0,
      "VS": 1,
      "VSV": 0
    },
    "UPS": {
      "UPS": 22,
      "B2": 0,
      "B3": 0,
      "B4": 0,
      "VS": 0,
      "VSV": 0
    },
    "VS": {
      "VS": 17,
      "B2": 0,
      "B3": 0,
      "B4": 0,
      "UPS": 0,
      "VSV": 5
    },
    "VSV": {
      "VSV": 20,
      "B2": 0,
      "B3": 0,
      "B4": 0,
      "UPS": 0,
      "VS": 2
    }
  },
  "failed": [
    "simple_call_test/audio/label_fixed/nr6/sr500000_xpps2000_h256_wHam/img/C_TO_Jt1_16_06_20_015_063431.62_B2.htk",
    "simple_call_test/audio/label_fixed/nr6/sr500000_xpps2000_h256_wHam/img/C_TO_Jt2_16_06_18_005_026630.93_B2.htk",
    "simple_call_test/audio/label_fixed/nr6/sr500000_xpps2000_h256_wHam/img/C_TO_Jt3_16_06_18_006_029137.14_B4.htk",
    "simple_call_test/audio/label_fixed/nr6/sr500000_xpps2000_h256_wHam/img/C_TO_Jt3_16_07_11_009_267708.40_B4.htk",
    "simple_call_test/audio/label_fixed/nr6/sr500000_xpps2000_h256_wHam/img/C_TR_Jt1_16_06_02_109_018977.38_B4.htk",
    "simple_call_test/audio/label_fixed/nr6/sr500000_xpps2000_h256_wHam/img/C_TR_Jt4_16_06_19_013_012126.66_B4.htk",
    "simple_call_test/audio/label_fixed/nr6/sr500000_xpps2000_h256_wHam/img/C_TR_Jt7_16_06_23_071_005127.07_B4.htk",
    "simple_call_test/audio/label_fixed/nr6/sr500000_xpps2000_h256_wHam/img/C_TR_Jt7_16_07_10_009_014889.82_B4.htk",
    "simple_call_test/audio/label_fixed/nr6/sr500000_xpps2000_h256_wHam/img/C_TR_Jt8_16_07_07_020_007693.24_B4.htk",
    "simple_call_test/audio/label_fixed/nr6/sr500000_xpps2000_h256_wHam/img/C_TR_Jt5_16_06_19_071_116388.20_B3.htk",
    "simple_call_test/audio/label_fixed/nr6/sr500000_xpps2000_h256_wHam/img/VSV_C_TR_Jt4_16_06_15_043_min30_000029.17_VSV.htk",
    "simple_call_test/audio/label_fixed/nr6/sr500000_xpps2000_h256_wHam/img/VS_C_TO_Jt3_16_07_11_009_min16_000126.99_VS.htk",
    "simple_call_test/audio/label_fixed/nr6/sr500000_xpps2000_h256_wHam/img/VS_C_TR_Jt5_16_06_21_008_min138_000010.88_VS.htk",
    "simple_call_test/audio/label_fixed/nr6/sr500000_xpps2000_h256_wHam/img/C_TO_Jt3_16_06_20_017_008032.86_B4.htk",
    "simple_call_test/audio/label_fixed/nr6/sr500000_xpps2000_h256_wHam/img/C_TO_Jt3_16_07_11_009_267964.30_B4.htk",
    "simple_call_test/audio/label_fixed/nr6/sr500000_xpps2000_h256_wHam/img/C_TR_Jt1_16_06_02_109_019244.31_B4.htk",
    "simple_call_test/audio/label_fixed/nr6/sr500000_xpps2000_h256_wHam/img/C_TR_Jt4_16_06_19_013_012210.09_B4.htk",
    "simple_call_test/audio/label_fixed/nr6/sr500000_xpps2000_h256_wHam/img/C_TR_Jt8_16_07_07_020_066105.41_B4.htk",
    "simple_call_test/audio/label_fixed/nr6/sr500000_xpps2000_h256_wHam/img/C_TR_Jt1_16_06_07_058_000797.01_B3.htk",
    "simple_call_test/audio/label_fixed/nr6/sr500000_xpps2000_h256_wHam/img/C_TR_Jt4_16_06_25_005_061631.15_B3.htk",
    "simple_call_test/audio/label_fixed/nr6/sr500000_xpps2000_h256_wHam/img/C_TR_Jt5_16_07_12_021_2_254170.30_B3.htk",
    "simple_call_test/audio/label_fixed/nr6/sr500000_xpps2000_h256_wHam/img/VSV_C_TO_Jt3_16_07_04_021_min83_000035.64_VSV.htk",
    "simple_call_test/audio/label_fixed/nr6/sr500000_xpps2000_h256_wHam/img/VS_C_TO_Jt2_16_06_26_010_min92_000543.09_VS.htk",
    "simple_call_test/audio/label_fixed/nr6/sr500000_xpps2000_h256_wHam/img/VS_C_TR_Jt5_16_06_21_008_min138_000091.48_VS.htk",
    "simple_call_test/audio/label_fixed/nr6/sr500000_xpps2000_h256_wHam/img/VS_C_TR_Jt5_16_07_12_021_2_min86_000039.28_VS.htk"
  ],
  "env": {
    "os": "Linux",
    "platform": "Linux-3.10.0-1127.19.1.el7.x86_64-x86_64-with-glibc2.10",
    "sox": "14.4.2",
    "java": [
      "openjdk version \"1.8.0_262\"",
      "OpenJDK Runtime Environment (build 1.8.0_262-b10)",
      "OpenJDK 64-Bit Server VM (build 25.262-b10, mixed mode)"
    ],
    "keras": "2.4.0",
    "tf": "2.3.1",
    "gpu": "device: 0, name: Tesla P100-PCIE-12GB, pci bus id: 0000:09:00.0, compute capability: 6.0"
  },
  "pipeline": [
    {
      "task": "AudioLoadTask",
      "props": {
        "mdb": "simple_call_test/metadata.json",
        "dataset_name": "simple_call_test",
        "source": "simple_call_test/audio"
      }
    },
    {
      "task": "ExtractLabelPartsTask",
      "props": {
        "fixed_length": true,
        "dataset_name": null
      }
    },
    {
      "task": "NoiseReduceTask",
      "props": {
        "sensitivity": 6,
        "noise": [
          {
            "task": "AudioLoadTask",
            "props": {
              "mdb": "simple_call_test/metadata.json",
              "dataset_name": "simple_call_test",
              "source": "simple_call_test/audio"
            }
          },
          {
            "task": "SilentAudioTask",
            "props": {
              "max_length": 0.2004000000000019
            }
          },
          {
            "task": "NoiseProfileTask",
            "props": {}
          }
        ]
      }
    },
    {
      "task": "CreateSpectrogramTask",
      "props": {
        "sampling_rate": 500000,
        "x_pixels_per_sec": 2000,
        "height": 256,
        "window": "Ham"
      }
    },
    {
      "task": "ExtractPixelsTask",
      "props": {}
    },
    {
      "task": "KFoldSeparationTask",
      "props": {
        "k": 8,
        "val_bins": 1,
        "test_bins": 2,
        "n": 1
      }
    },
    {
      "task": "CreateNNModelTask",
      "props": {
        "name": "cnn_2d_sct_padded_nrs6xpps2000h256_raw_100",
        "model": {
          "name": "sequential",
          "layers": [
            {
              "class_name": "InputLayer",
              "config": {
                "batch_input_shape": [
                  null,
                  397,
                  256,
                  1
                ],
                "dtype": "float32",
                "sparse": false,
                "ragged": false,
                "name": "conv2d_input"
              }
            },
            {
              "class_name": "Conv2D",
              "config": {
                "name": "conv2d",
                "trainable": true,
                "batch_input_shape": [
                  null,
                  397,
                  256,
                  1
                ],
                "dtype": "float32",
                "filters": 32,
                "kernel_size": [
                  3,
                  3
                ],
                "strides": [
                  1,
                  1
                ],
                "padding": "valid",
                "data_format": "channels_last",
                "dilation_rate": [
                  1,
                  1
                ],
                "groups": 1,
                "activation": "relu",
                "use_bias": true,
                "kernel_initializer": {
                  "class_name": "GlorotUniform",
                  "config": {
                    "seed": null
                  }
                },
                "bias_initializer": {
                  "class_name": "Zeros",
                  "config": {}
                },
                "kernel_regularizer": null,
                "bias_regularizer": null,
                "activity_regularizer": null,
                "kernel_constraint": null,
                "bias_constraint": null
              }
            },
            {
              "class_name": "MaxPooling2D",
              "config": {
                "name": "max_pooling2d",