{
  "id": "nn_lstm_sct_vl_xpps4000_h512_hog_100/20bf56e914b0466c0a74d25c253886b65ed59aae/rec/rec_6940861cd71d12b1eceb012463e0e6c3d3b1f3f5_e57.report",
  "timestamp": "2020-12-22T09:09:26Z",
  "accuracy": 0.8484848484848485,
  "loss": 0.6812725193704523,
  "correct": 112,
  "incorrect": 20,
  "total": 132,
  "confusion": {
    "B2": {
      "B2": 18,
      "B3": 0,
      "B4": 4,
      "UPS": 0,
      "VS": 0,
      "VSV": 0
    },
    "B3": {
      "B3": 19,
      "B2": 2,
      "B4": 1,
      "UPS": 0,
      "VS": 0,
      "VSV": 0
    },
    "B4": {
      "B4": 13,
      "B2": 8,
      "B3": 1,
      "UPS": 0,
      "VS": 0,
      "VSV": 0
    },
    "UPS": {
      "UPS": 22,
      "B2": 0,
      "B3": 0,
      "B4": 0,
      "VS": 0,
      "VSV": 0
    },
    "VS": {
      "VS": 20,
      "B2": 0,
      "B3": 0,
      "B4": 0,
      "UPS": 0,
      "VSV": 2
    },
    "VSV": {
      "VSV": 20,
      "B2": 0,
      "B3": 0,
      "B4": 0,
      "UPS": 0,
      "VS": 2
    }
  },
  "failed": [
    "simple_call_test/audio/label_variable/sr500000_xpps4000_h512_wHam/hog/C_TO_Jt2_16_06_25_016_029581.37_B2.htk",
    "simple_call_test/audio/label_variable/sr500000_xpps4000_h512_wHam/hog/C_TO_Jt2_16_07_04_023_185784.60_B2.htk",
    "simple_call_test/audio/label_variable/sr500000_xpps4000_h512_wHam/hog/C_TO_Jt1_16_06_20_029_360101.50_B4.htk",
    "simple_call_test/audio/label_variable/sr500000_xpps4000_h512_wHam/hog/C_TR_Jt1_16_06_02_109_004553.61_B4.htk",
    "simple_call_test/audio/label_variable/sr500000_xpps4000_h512_wHam/hog/C_TR_Jt1_16_06_02_109_032255.71_B4.htk",
    "simple_call_test/audio/label_variable/sr500000_xpps4000_h512_wHam/hog/C_TR_Jt4_16_06_11_013_161915.30_B4.htk",
    "simple_call_test/audio/label_variable/sr500000_xpps4000_h512_wHam/hog/VSV_C_TO_JT3_16_07_06_003_min37_000188.14_VSV.htk",
    "simple_call_test/audio/label_variable/sr500000_xpps4000_h512_wHam/hog/VS_C_TO_Jt3_16_07_11_009_min16_000028.96_VS.htk",
    "simple_call_test/audio/label_variable/sr500000_xpps4000_h512_wHam/hog/C_TO_Jt2_16_06_18_005_026497.69_B2.htk",
    "simple_call_test/audio/label_variable/sr500000_xpps4000_h512_wHam/hog/C_TO_Jt2_16_07_04_023_185898.80_B2.htk",
    "simple_call_test/audio/label_variable/sr500000_xpps4000_h512_wHam/hog/C_TO_Jt1_16_06_20_029_360305.30_B4.htk",
    "simple_call_test/audio/label_variable/sr500000_xpps4000_h512_wHam/hog/C_TO_Jt2_16_06_25_016_015005.03_B4.htk",
    "simple_call_test/audio/label_variable/sr500000_xpps4000_h512_wHam/hog/C_TR_Jt1_16_06_02_109_017181.54_B4.htk",
    "simple_call_test/audio/label_variable/sr500000_xpps4000_h512_wHam/hog/C_TR_Jt6_16_06_19_076_002539.58_B4.htk",
    "simple_call_test/audio/label_variable/sr500000_xpps4000_h512_wHam/hog/C_TR_Jt7_16_06_17_023_009188.70_B4.htk",
    "simple_call_test/audio/label_variable/sr500000_xpps4000_h512_wHam/hog/C_TO_Jt3_16_06_20_017_012145.27_B3.htk",
    "simple_call_test/audio/label_variable/sr500000_xpps4000_h512_wHam/hog/C_TR_Jt4_16_06_25_005_061776.26_B3.htk",
    "simple_call_test/audio/label_variable/sr500000_xpps4000_h512_wHam/hog/C_TR_Jt5_16_06_19_071_116232.30_B3.htk",
    "simple_call_test/audio/label_variable/sr500000_xpps4000_h512_wHam/hog/VSV_C_TO_Jt2_16_06_20_018_min62_000029.30_VSV.htk",
    "simple_call_test/audio/label_variable/sr500000_xpps4000_h512_wHam/hog/VS_C_TO_Jt3_16_07_11_009_min16_000067.95_VS.htk"
  ],
  "env": {
    "os": "Linux",
    "platform": "Linux-3.10.0-1127.19.1.el7.x86_64-x86_64-with-glibc2.10",
    "sox": "14.4.2",
    "java": [
      "openjdk version \"1.8.0_262\"",
      "OpenJDK Runtime Environment (build 1.8.0_262-b10)",
      "OpenJDK 64-Bit Server VM (build 25.262-b10, mixed mode)"
    ],
    "keras": "2.4.0",
    "tf": "2.3.1",
    "gpu": "device: 0, name: Tesla P100-PCIE-12GB, pci bus id: 0000:84:00.0, compute capability: 6.0"
  },
  "pipeline": [
    {
      "task": "AudioLoadTask",
      "props": {
        "mdb": "simple_call_test/metadata.json",
        "dataset_name": "simple_call_test",
        "source": "simple_call_test/audio"
      }
    },
    {
      "task": "ExtractLabelPartsTask",
      "props": {
        "fixed_length": false,
        "dataset_name": null,
        "padded_left": false
      }
    },
    {
      "task": "CreateSpectrogramTask",
      "props": {
        "sampling_rate": 500000,
        "x_pixels_per_sec": 4000,
        "height": 512,
        "window": "Ham"
      }
    },
    {
      "task": "ExtractHOGHWRecogTask",
      "props": {}
    },
    {
      "task": "KFoldSeparationTask",
      "props": {
        "k": 8,
        "val_bins": 1,
        "test_bins": 2,
        "n": 7
      }
    },
    {
      "task": "CreateNNModelTask",
      "props": {
        "name": "lstm_sct_vl_xpps4000_h512_hog_100",
        "model": {
          "name": "sequential",
          "layers": [
            {
              "class_name": "InputLayer",
              "config": {
                "batch_input_shape": [
                  null,
                  null,
                  288
                ],
                "dtype": "float32",
                "sparse": false,
                "ragged": true,
                "name": "input_1"
              }
            },
            {
              "class_name": "LSTM",
              "config": {
                "name": "lstm",
                "trainable": true,
                "dtype": "float32",
                "return_sequences": true,
                "return_state": false,
                "go_backwards": false,
                "stateful": false,
                "unroll": false,
                "time_major": false,
                "units": 256,
                "activation": "tanh",
                "recurrent_activation": "sigmoid",
                "use_bias": true,
                "kernel_initializer": {
                  "class_name": "GlorotUniform",
                  "config": {
                    "seed": null
                  }
                },
                "recurrent_initializer": {
                  "class_name": "Orthogonal",
                  "config": {
                    "gain": 1.0,
                    "seed": null
                  }
                },
                "bias_initializer": {
                  "class_name": "Zeros",
                  "config": {}
                },
                "unit_forget_bias": true,
                "kernel_regularizer": null,
                "recurrent_regularizer": null,
                "bias_regularizer": null,
                "activity_regularizer": null,
                "kernel_constraint": null,
                "recurrent_constraint": null,
                "bias_constraint": null,
                "dropout": 0.0,
                "recurrent_dropout": 0.0,
                "implementation": 2
              }
            },
            {
              "class_name": "LSTM",
              "config": {
                "name": "lstm_1",
                "trainable": true,
                "dtype": "float32",
                "return_sequences": false,
                "return_state": false,
                "go_backwards": false,
                "stateful": false,
                "unroll": false,
                "time_major": false,
                "units": 256,
                "activation": "tanh",
                "recurrent_activation": "sigmoid",
                "use_bias": true,
                "kernel_initializer": {
                  "class_name": "GlorotUniform",
                  "config": {
                    "seed": null
                  }
                },
                "recurrent_initializer": {
                  "class_name": "Orthogonal",
                  "config": {
                    "gain": 1.0,
                    "seed": null
                  }
                },
                "bias_initializer": {
                  "class_name": "Zeros",
                  "config": {}
                },
                "unit_forget_bias": true,
                "kernel_regularizer": null,