{
  "id": "nn_cnn_2d_sct_padded_nrs0xpps2000h256_raw_100/215dd5047f41514f8cfaced18ec79776d7985ed1/rec/rec_39767e9d11180ec9af30168ebdb7dbf1dbc3041f_e93.report",
  "timestamp": "2020-11-11T15:55:12Z",
  "accuracy": 0.8106060606060606,
  "loss": 1.0607976185161672,
  "correct": 107,
  "incorrect": 25,
  "total": 132,
  "confusion": {
    "B2": {
      "B2": 18,
      "B3": 2,
      "B4": 2,
      "UPS": 0,
      "VS": 0,
      "VSV": 0
    },
    "B3": {
      "B3": 13,
      "B2": 9,
      "B4": 0,
      "UPS": 0,
      "VS": 0,
      "VSV": 0
    },
    "B4": {
      "B4": 18,
      "B2": 1,
      "B3": 3,
      "UPS": 0,
      "VS": 0,
      "VSV": 0
    },
    "UPS": {
      "UPS": 22,
      "B2": 0,
      "B3": 0,
      "B4": 0,
      "VS": 0,
      "VSV": 0
    },
    "VS": {
      "VS": 19,
      "B2": 0,
      "B3": 0,
      "B4": 0,
      "UPS": 0,
      "VSV": 3
    },
    "VSV": {
      "VSV": 17,
      "B2": 0,
      "B3": 1,
      "B4": 0,
      "UPS": 0,
      "VS": 4
    }
  },
  "failed": [
    "simple_call_test/audio/label_fixed/sr500000_xpps2000_h256_wHam/img/C_TO_Jt1_16_06_20_029_475729.90_B2.htk",
    "simple_call_test/audio/label_fixed/sr500000_xpps2000_h256_wHam/img/C_TO_Jt3_16_06_20_017_008032.86_B4.htk",
    "simple_call_test/audio/label_fixed/sr500000_xpps2000_h256_wHam/img/C_TO_Jt3_16_07_11_009_267964.30_B4.htk",
    "simple_call_test/audio/label_fixed/sr500000_xpps2000_h256_wHam/img/C_TR_Jt1_16_06_07_058_000797.01_B3.htk",
    "simple_call_test/audio/label_fixed/sr500000_xpps2000_h256_wHam/img/C_TR_Jt5_16_06_19_071_156201.00_B3.htk",
    "simple_call_test/audio/label_fixed/sr500000_xpps2000_h256_wHam/img/C_TR_Jt5_16_07_12_021_2_254170.30_B3.htk",
    "simple_call_test/audio/label_fixed/sr500000_xpps2000_h256_wHam/img/C_TR_Jt6_16_06_19_035_024507.79_B3.htk",
    "simple_call_test/audio/label_fixed/sr500000_xpps2000_h256_wHam/img/VSV_C_TO_Jt2_16_06_12_018_min165_000163.19_VSV.htk",
    "simple_call_test/audio/label_fixed/sr500000_xpps2000_h256_wHam/img/VSV_C_TO_Jt3_16_07_04_021_min83_000035.64_VSV.htk",
    "simple_call_test/audio/label_fixed/sr500000_xpps2000_h256_wHam/img/VSV_C_TO_Jt3_16_07_11_008_min59_000092.38_VSV.htk",
    "simple_call_test/audio/label_fixed/sr500000_xpps2000_h256_wHam/img/VS_C_TR_Jt5_16_06_21_008_min138_000091.48_VS.htk",
    "simple_call_test/audio/label_fixed/sr500000_xpps2000_h256_wHam/img/C_TO_Jt2_16_06_12_018_017885.91_B2.htk",
    "simple_call_test/audio/label_fixed/sr500000_xpps2000_h256_wHam/img/C_TO_Jt2_16_07_04_023_207918.90_B2.htk",
    "simple_call_test/audio/label_fixed/sr500000_xpps2000_h256_wHam/img/C_TO_Jt3_16_06_20_017_011470.47_B2.htk",
    "simple_call_test/audio/label_fixed/sr500000_xpps2000_h256_wHam/img/C_TO_Jt3_16_06_20_017_007136.74_B4.htk",
    "simple_call_test/audio/label_fixed/sr500000_xpps2000_h256_wHam/img/C_TR_Jt1_16_06_02_109_019361.16_B4.htk",
    "simple_call_test/audio/label_fixed/sr500000_xpps2000_h256_wHam/img/C_TR_Jt1_16_06_07_058_086450.62_B3.htk",
    "simple_call_test/audio/label_fixed/sr500000_xpps2000_h256_wHam/img/C_TR_Jt5_16_06_15_047_013379.50_B3.htk",
    "simple_call_test/audio/label_fixed/sr500000_xpps2000_h256_wHam/img/C_TR_Jt5_16_06_19_071_156089.90_B3.htk",
    "simple_call_test/audio/label_fixed/sr500000_xpps2000_h256_wHam/img/C_TR_Jt5_16_07_12_021_2_337339.40_B3.htk",
    "simple_call_test/audio/label_fixed/sr500000_xpps2000_h256_wHam/img/C_TR_Jt6_16_06_19_035_024346.27_B3.htk",
    "simple_call_test/audio/label_fixed/sr500000_xpps2000_h256_wHam/img/VSV_C_TO_Jt2_16_06_12_018_min165_000211.50_VSV.htk",
    "simple_call_test/audio/label_fixed/sr500000_xpps2000_h256_wHam/img/VSV_C_TO_Jt2_16_07_04_023_min226_000111.51_VSV.htk",
    "simple_call_test/audio/label_fixed/sr500000_xpps2000_h256_wHam/img/VS_C_TO_Jt3_16_07_23_003_min13_000096.39_VS.htk",
    "simple_call_test/audio/label_fixed/sr500000_xpps2000_h256_wHam/img/VS_C_TR_Jt5_16_06_21_008_min6_000042.89_VS.htk"
  ],
  "env": {
    "os": "Linux",
    "platform": "Linux-3.10.0-1127.19.1.el7.x86_64-x86_64-with-glibc2.10",
    "sox": "14.4.2",
    "java": [
      "openjdk version \"1.8.0_262\"",
      "OpenJDK Runtime Environment (build 1.8.0_262-b10)",
      "OpenJDK 64-Bit Server VM (build 25.262-b10, mixed mode)"
    ],
    "keras": "2.4.0",
    "tf": "2.3.1",
    "gpu": "device: 0, name: Tesla P100-PCIE-12GB, pci bus id: 0000:05:00.0, compute capability: 6.0"
  },
  "pipeline": [
    {
      "task": "AudioLoadTask",
      "props": {
        "mdb": "simple_call_test/metadata.json",
        "dataset_name": "simple_call_test",
        "source": "simple_call_test/audio"
      }
    },
    {
      "task": "ExtractLabelPartsTask",
      "props": {
        "fixed_length": true,
        "dataset_name": null
      }
    },
    {
      "task": "CreateSpectrogramTask",
      "props": {
        "sampling_rate": 500000,
        "x_pixels_per_sec": 2000,
        "height": 256,
        "window": "Ham"
      }
    },
    {
      "task": "ExtractPixelsTask",
      "props": {}
    },
    {
      "task": "KFoldSeparationTask",
      "props": {
        "k": 8,
        "val_bins": 1,
        "test_bins": 2,
        "n": 2
      }
    },
    {
      "task": "CreateNNModelTask",
      "props": {
        "name": "cnn_2d_sct_padded_nrs0xpps2000h256_raw_100",
        "model": {
          "name": "sequential",
          "layers": [
            {
              "class_name": "InputLayer",
              "config": {
                "batch_input_shape": [
                  null,
                  401,
                  256,
                  1
                ],
                "dtype": "float32",
                "sparse": false,
                "ragged": false,
                "name": "conv2d_input"
              }
            },
            {
              "class_name": "Conv2D",
              "config": {
                "name": "conv2d",
                "trainable": true,
                "batch_input_shape": [
                  null,
                  401,
                  256,
                  1
                ],
                "dtype": "float32",
                "filters": 32,
                "kernel_size": [
                  3,
                  3
                ],
                "strides": [
                  1,
                  1
                ],
                "padding": "valid",
                "data_format": "channels_last",
                "dilation_rate": [
                  1,
                  1
                ],
                "groups": 1,
                "activation": "relu",
                "use_bias": true,
                "kernel_initializer": {
                  "class_name": "GlorotUniform",
                  "config": {
                    "seed": null
                  }
                },
                "bias_initializer": {
                  "class_name": "Zeros",
                  "config": {}
                },
                "kernel_regularizer": null,
                "bias_regularizer": null,
                "activity_regularizer": null,
                "kernel_constraint": null,
                "bias_constraint": null
              }
            },
            {
              "class_name": "MaxPooling2D",
              "config": {
                "name": "max_pooling2d",
                "trainable": true,
                "dtype": "float32",
                "pool_size": [
                  2,
                  2
                ],
                "padding": "valid",
                "strides": [
                  2,
                  2
                ],
                "data_format": "channels_last"
              }
            },
            {
              "class_name": "Conv2D",
              "config": {
                "name": "conv2d_1",
                "trainable": true,
                "dtype": "float32",
                "filters": 64,
                "kernel_size": [
                  3,
                  3
                ],