{
  "id": "nn_lstm_sct_padded_nrs0xpps5000h512_hog_100/70cd7129b91cadfda2096cb9fad11b3da85ad908/rec/rec_01d7f2c090dec6245acf6194e4806592df0735d2_e61.report",
  "timestamp": "2020-11-17T16:42:33Z",
  "accuracy": 0.48484848484848486,
  "loss": 1.3558445097620657,
  "correct": 64,
  "incorrect": 68,
  "total": 132,
  "confusion": {
    "B2": {
      "B2": 5,
      "B3": 2,
      "B4": 5,
      "UPS": 0,
      "VS": 2,
      "VSV": 8
    },
    "B3": {
      "B3": 3,
      "B2": 7,
      "B4": 6,
      "UPS": 0,
      "VS": 1,
      "VSV": 5
    },
    "B4": {
      "B4": 13,
      "B2": 1,
      "B3": 2,
      "UPS": 0,
      "VS": 2,
      "VSV": 4
    },
    "UPS": {
      "UPS": 22,
      "B2": 0,
      "B3": 0,
      "B4": 0,
      "VS": 0,
      "VSV": 0
    },
    "VS": {
      "VS": 8,
      "B2": 2,
      "B3": 3,
      "B4": 3,
      "UPS": 2,
      "VSV": 4
    },
    "VSV": {
      "VSV": 13,
      "B2": 1,
      "B3": 1,
      "B4": 3,
      "UPS": 2,
      "VS": 2
    }
  },
  "failed": [
    "simple_call_test/audio/label_fixed/sr500000_xpps5000_h512_wHam/hog/C_TO_Jt1_16_06_20_029_468521.20_B2.htk",
    "simple_call_test/audio/label_fixed/sr500000_xpps5000_h512_wHam/hog/C_TO_Jt2_16_06_12_018_018106.82_B2.htk",
    "simple_call_test/audio/label_fixed/sr500000_xpps5000_h512_wHam/hog/C_TO_Jt2_16_06_12_018_193791.20_B2.htk",
    "simple_call_test/audio/label_fixed/sr500000_xpps5000_h512_wHam/hog/C_TO_Jt2_16_06_25_016_029739.00_B2.htk",
    "simple_call_test/audio/label_fixed/sr500000_xpps5000_h512_wHam/hog/C_TO_Jt2_16_06_26_010_195566.10_B2.htk",
    "simple_call_test/audio/label_fixed/sr500000_xpps5000_h512_wHam/hog/C_TO_Jt2_16_07_06_014_053484.79_B2.htk",
    "simple_call_test/audio/label_fixed/sr500000_xpps5000_h512_wHam/hog/C_TO_Jt3_16_06_18_006_043098.27_B2.htk",
    "simple_call_test/audio/label_fixed/sr500000_xpps5000_h512_wHam/hog/C_TO_Jt3_16_06_24_017_061426.06_B2.htk",
    "simple_call_test/audio/label_fixed/sr500000_xpps5000_h512_wHam/hog/C_TO_Jt3_16_07_06_006_089794.53_B4.htk",
    "simple_call_test/audio/label_fixed/sr500000_xpps5000_h512_wHam/hog/C_TR_Jt5_16_06_15_047_012566.78_B4.htk",
    "simple_call_test/audio/label_fixed/sr500000_xpps5000_h512_wHam/hog/C_TR_Jt6_16_07_12_017_175631.70_B4.htk",
    "simple_call_test/audio/label_fixed/sr500000_xpps5000_h512_wHam/hog/C_TR_Jt7_16_07_07_017_102207.50_B4.htk",
    "simple_call_test/audio/label_fixed/sr500000_xpps5000_h512_wHam/hog/C_TR_Jt8_16_06_17_019_007138.76_B4.htk",
    "simple_call_test/audio/label_fixed/sr500000_xpps5000_h512_wHam/hog/C_TO_Jt2_16_07_04_023_114627.60_B3.htk",
    "simple_call_test/audio/label_fixed/sr500000_xpps5000_h512_wHam/hog/C_TO_Jt3_16_06_20_017_007492.42_B3.htk",
    "simple_call_test/audio/label_fixed/sr500000_xpps5000_h512_wHam/hog/C_TO_Jt3_16_07_09_018_013917.09_B3.htk",
    "simple_call_test/audio/label_fixed/sr500000_xpps5000_h512_wHam/hog/C_TR_Jt3_16_06_16_013_067187.20_B3.htk",
    "simple_call_test/audio/label_fixed/sr500000_xpps5000_h512_wHam/hog/C_TR_Jt4_16_06_19_013_011776.85_B3.htk",
    "simple_call_test/audio/label_fixed/sr500000_xpps5000_h512_wHam/hog/C_TR_Jt5_16_06_17_024_053407.77_B3.htk",
    "simple_call_test/audio/label_fixed/sr500000_xpps5000_h512_wHam/hog/C_TR_Jt5_16_06_21_008_068349.49_B3.htk",
    "simple_call_test/audio/label_fixed/sr500000_xpps5000_h512_wHam/hog/C_TR_Jt5_16_06_27_025_061551.00_B3.htk",
    "simple_call_test/audio/label_fixed/sr500000_xpps5000_h512_wHam/hog/C_TR_Jt5_16_07_12_021_2_337219.70_B3.htk",
    "simple_call_test/audio/label_fixed/sr500000_xpps5000_h512_wHam/hog/C_TR_Jt6_16_06_19_076_002179.48_B3.htk",
    "simple_call_test/audio/label_fixed/sr500000_xpps5000_h512_wHam/hog/VSV_C_TO_Jt2_16_06_24_015_min22_000027.13_VSV.htk",
    "simple_call_test/audio/label_fixed/sr500000_xpps5000_h512_wHam/hog/VSV_C_TR_Jt2_16_06_02_044_000061.86_VSV.htk",
    "simple_call_test/audio/label_fixed/sr500000_xpps5000_h512_wHam/hog/VSV_C_TR_Jt4_16_07_10_015_min31_000080.22_VSV.htk",
    "simple_call_test/audio/label_fixed/sr500000_xpps5000_h512_wHam/hog/VSV_C_TR_Jt5_16_06_23_025_min110_000061.03_VSV.htk",
    "simple_call_test/audio/label_fixed/sr500000_xpps5000_h512_wHam/hog/VS_C_TO_Jt2_16_06_24_015_min22_000039.90_VS.htk",
    "simple_call_test/audio/label_fixed/sr500000_xpps5000_h512_wHam/hog/VS_C_TO_Jt2_16_06_26_010_min92_000192.90_VS.htk",
    "simple_call_test/audio/label_fixed/sr500000_xpps5000_h512_wHam/hog/VS_C_TO_Jt3_16_06_18_006_min13_000193.73_VS.htk",
    "simple_call_test/audio/label_fixed/sr500000_xpps5000_h512_wHam/hog/VS_C_TR_Jt1_16_06_02_109_min3_000028.25_VS.htk",
    "simple_call_test/audio/label_fixed/sr500000_xpps5000_h512_wHam/hog/VS_C_TR_Jt2_16_06_02_044_012063.17_VS.htk",
    "simple_call_test/audio/label_fixed/sr500000_xpps5000_h512_wHam/hog/VS_C_TR_Jt5_16_06_17_024_min77_000032.05_VS.htk",
    "simple_call_test/audio/label_fixed/sr500000_xpps5000_h512_wHam/hog/VS_C_TR_Jt5_16_06_23_025_min13_000189.11_VS.htk",
    "simple_call_test/audio/label_fixed/sr500000_xpps5000_h512_wHam/hog/C_TO_Jt1_16_06_20_029_468395.80_B2.htk",
    "simple_call_test/audio/label_fixed/sr500000_xpps5000_h512_wHam/hog/C_TO_Jt2_16_06_12_018_018206.50_B2.htk",
    "simple_call_test/audio/label_fixed/sr500000_xpps5000_h512_wHam/hog/C_TO_Jt2_16_06_12_018_193952.50_B2.htk",
    "simple_call_test/audio/label_fixed/sr500000_xpps5000_h512_wHam/hog/C_TO_Jt2_16_06_20_018_046849.37_B2.htk",
    "simple_call_test/audio/label_fixed/sr500000_xpps5000_h512_wHam/hog/C_TO_Jt2_16_06_25_016_029926.02_B2.htk",
    "simple_call_test/audio/label_fixed/sr500000_xpps5000_h512_wHam/hog/C_TO_Jt2_16_07_04_023_185671.90_B2.htk",
    "simple_call_test/audio/label_fixed/sr500000_xpps5000_h512_wHam/hog/C_TO_Jt2_16_07_06_014_053632.33_B2.htk",
    "simple_call_test/audio/label_fixed/sr500000_xpps5000_h512_wHam/hog/C_TO_Jt3_16_06_18_006_043272.72_B2.htk",
    "simple_call_test/audio/label_fixed/sr500000_xpps5000_h512_wHam/hog/C_TO_Jt3_16_06_24_017_061651.37_B2.htk",
    "simple_call_test/audio/label_fixed/sr500000_xpps5000_h512_wHam/hog/C_TR_Jt6_16_06_15_082_248000.30_B4.htk",
    "simple_call_test/audio/label_fixed/sr500000_xpps5000_h512_wHam/hog/C_TR_Jt6_16_07_12_017_175833.90_B4.htk",
    "simple_call_test/audio/label_fixed/sr500000_xpps5000_h512_wHam/hog/C_TR_Jt7_16_07_07_017_102451.50_B4.htk",
    "simple_call_test/audio/label_fixed/sr500000_xpps5000_h512_wHam/hog/C_TR_Jt8_16_06_17_019_007362.62_B4.htk",
    "simple_call_test/audio/label_fixed/sr500000_xpps5000_h512_wHam/hog/C_TO_Jt2_16_07_04_023_114745.10_B3.htk",
    "simple_call_test/audio/label_fixed/sr500000_xpps5000_h512_wHam/hog/C_TO_Jt3_16_06_20_017_006909.42_B3.htk",
    "simple_call_test/audio/label_fixed/sr500000_xpps5000_h512_wHam/hog/C_TO_Jt3_16_07_11_009_298654.10_B3.htk",
    "simple_call_test/audio/label_fixed/sr500000_xpps5000_h512_wHam/hog/C_TR_Jt3_16_06_16_013_067373.37_B3.htk",
    "simple_call_test/audio/label_fixed/sr500000_xpps5000_h512_wHam/hog/C_TR_Jt4_16_06_19_013_012027.60_B3.htk",
    "simple_call_test/audio/label_fixed/sr500000_xpps5000_h512_wHam/hog/C_TR_Jt5_16_06_17_024_053802.14_B3.htk",
    "simple_call_test/audio/label_fixed/sr500000_xpps5000_h512_wHam/hog/C_TR_Jt5_16_06_21_008_068217.85_B3.htk",
    "simple_call_test/audio/label_fixed/sr500000_xpps5000_h512_wHam/hog/C_TR_Jt5_16_06_27_025_061924.92_B3.htk",
    "simple_call_test/audio/label_fixed/sr500000_xpps5000_h512_wHam/hog/C_TR_Jt6_16_06_11_014_024820.46_B3.htk",
    "simple_call_test/audio/label_fixed/sr500000_xpps5000_h512_wHam/hog/VSV_C_TO_Jt2_16_06_24_015_min22_000120.50_VSV.htk",
    "simple_call_test/audio/label_fixed/sr500000_xpps5000_h512_wHam/hog/VSV_C_TR_Jt1_16_06_02_109_000035.96_VSV.htk",
    "simple_call_test/audio/label_fixed/sr500000_xpps5000_h512_wHam/hog/VSV_C_TR_Jt2_16_06_02_044_000416.36_VSV.htk",
    "simple_call_test/audio/label_fixed/sr500000_xpps5000_h512_wHam/hog/VSV_C_TR_Jt5_16_06_15_047_min42_000040.97_VSV.htk",
