{
  "id": "nn_cnn_2d_sct_padded_nrs6xpps5000h512_hog_100_3d/2fad594bbcf816ddbdd92ce3ab7d0370e04ecf53/rec/rec_31cf64dafa57b8c407b8bfc2f4ec1442806a6c68_e61.report",
  "timestamp": "2020-11-17T15:51:46Z",
  "accuracy": 0.8257575757575758,
  "loss": 0.5503238255888462,
  "correct": 109,
  "incorrect": 23,
  "total": 132,
  "confusion": {
    "B2": {
      "B2": 20,
      "B3": 1,
      "B4": 0,
      "UPS": 1,
      "VS": 0,
      "VSV": 0
    },
    "B3": {
      "B3": 17,
      "B2": 4,
      "B4": 1,
      "UPS": 0,
      "VS": 0,
      "VSV": 0
    },
    "B4": {
      "B4": 12,
      "B2": 4,
      "B3": 4,
      "UPS": 2,
      "VS": 0,
      "VSV": 0
    },
    "UPS": {
      "UPS": 22,
      "B2": 0,
      "B3": 0,
      "B4": 0,
      "VS": 0,
      "VSV": 0
    },
    "VS": {
      "VS": 21,
      "B2": 0,
      "B3": 0,
      "B4": 0,
      "UPS": 0,
      "VSV": 1
    },
    "VSV": {
      "VSV": 17,
      "B2": 1,
      "B3": 0,
      "B4": 0,
      "UPS": 0,
      "VS": 4
    }
  },
  "failed": [
    "simple_call_test/audio/label_fixed/nr6/sr500000_xpps5000_h512_wHam/hog/C_TO_Jt3_16_06_18_006_029137.14_B4.htk",
    "simple_call_test/audio/label_fixed/nr6/sr500000_xpps5000_h512_wHam/hog/C_TR_Jt4_16_06_19_013_012126.66_B4.htk",
    "simple_call_test/audio/label_fixed/nr6/sr500000_xpps5000_h512_wHam/hog/C_TR_Jt7_16_06_23_071_005127.07_B4.htk",
    "simple_call_test/audio/label_fixed/nr6/sr500000_xpps5000_h512_wHam/hog/C_TR_Jt7_16_07_10_009_014889.82_B4.htk",
    "simple_call_test/audio/label_fixed/nr6/sr500000_xpps5000_h512_wHam/hog/C_TR_Jt8_16_07_07_020_007693.24_B4.htk",
    "simple_call_test/audio/label_fixed/nr6/sr500000_xpps5000_h512_wHam/hog/C_TR_Jt4_16_06_11_013_096210.96_B3.htk",
    "simple_call_test/audio/label_fixed/nr6/sr500000_xpps5000_h512_wHam/hog/C_TR_Jt5_16_06_19_071_116388.20_B3.htk",
    "simple_call_test/audio/label_fixed/nr6/sr500000_xpps5000_h512_wHam/hog/VSV_C_TO_Jt2_16_06_26_009_000322.76_VSV.htk",
    "simple_call_test/audio/label_fixed/nr6/sr500000_xpps5000_h512_wHam/hog/VSV_C_TR_Jt4_16_06_15_043_min30_000029.17_VSV.htk",
    "simple_call_test/audio/label_fixed/nr6/sr500000_xpps5000_h512_wHam/hog/VSV_C_TR_Jt5_16_06_21_008_min125_000064.75_VSV.htk",
    "simple_call_test/audio/label_fixed/nr6/sr500000_xpps5000_h512_wHam/hog/VS_C_TO_Jt3_16_07_11_009_min16_000126.99_VS.htk",
    "simple_call_test/audio/label_fixed/nr6/sr500000_xpps5000_h512_wHam/hog/C_TO_Jt2_16_06_24_015_041236.45_B2.htk",
    "simple_call_test/audio/label_fixed/nr6/sr500000_xpps5000_h512_wHam/hog/C_TO_Jt2_16_07_04_023_208173.20_B2.htk",
    "simple_call_test/audio/label_fixed/nr6/sr500000_xpps5000_h512_wHam/hog/C_TO_Jt3_16_06_20_017_008032.86_B4.htk",
    "simple_call_test/audio/label_fixed/nr6/sr500000_xpps5000_h512_wHam/hog/C_TR_Jt4_16_06_19_013_012210.09_B4.htk",
    "simple_call_test/audio/label_fixed/nr6/sr500000_xpps5000_h512_wHam/hog/C_TR_Jt6_16_06_19_077_038310.63_B4.htk",
    "simple_call_test/audio/label_fixed/nr6/sr500000_xpps5000_h512_wHam/hog/C_TR_Jt7_16_07_07_017_074823.78_B4.htk",
    "simple_call_test/audio/label_fixed/nr6/sr500000_xpps5000_h512_wHam/hog/C_TR_Jt8_16_07_07_020_066105.41_B4.htk",
    "simple_call_test/audio/label_fixed/nr6/sr500000_xpps5000_h512_wHam/hog/C_TO_Jt3_16_06_18_006_076088.89_B3.htk",
    "simple_call_test/audio/label_fixed/nr6/sr500000_xpps5000_h512_wHam/hog/C_TR_Jt4_16_06_11_013_095978.00_B3.htk",
    "simple_call_test/audio/label_fixed/nr6/sr500000_xpps5000_h512_wHam/hog/C_TR_Jt5_16_06_19_071_156201.00_B3.htk",
    "simple_call_test/audio/label_fixed/nr6/sr500000_xpps5000_h512_wHam/hog/VSV_C_TO_Jt2_16_07_04_023_min226_000033.92_VSV.htk",
    "simple_call_test/audio/label_fixed/nr6/sr500000_xpps5000_h512_wHam/hog/VSV_C_TO_Jt3_16_07_04_021_min83_000035.64_VSV.htk"
  ],
  "env": {
    "os": "Linux",
    "platform": "Linux-3.10.0-1127.19.1.el7.x86_64-x86_64-with-glibc2.10",
    "sox": "14.4.2",
    "java": [
      "openjdk version \"1.8.0_262\"",
      "OpenJDK Runtime Environment (build 1.8.0_262-b10)",
      "OpenJDK 64-Bit Server VM (build 25.262-b10, mixed mode)"
    ],
    "keras": "2.4.0",
    "tf": "2.3.1",
    "gpu": "device: 0, name: Tesla P100-PCIE-12GB, pci bus id: 0000:83:00.0, compute capability: 6.0, device: 1, name: Tesla P100-PCIE-12GB, pci bus id: 0000:84:00.0, compute capability: 6.0"
  },
  "pipeline": [
    {
      "task": "AudioLoadTask",
      "props": {
        "mdb": "simple_call_test/metadata.json",
        "dataset_name": "simple_call_test",
        "source": "simple_call_test/audio"
      }
    },
    {
      "task": "ExtractLabelPartsTask",
      "props": {
        "fixed_length": true,
        "dataset_name": null
      }
    },
    {
      "task": "NoiseReduceTask",
      "props": {
        "sensitivity": 6,
        "noise": [
          {
            "task": "AudioLoadTask",
            "props": {
              "mdb": "simple_call_test/metadata.json",
              "dataset_name": "simple_call_test",
              "source": "simple_call_test/audio"
            }
          },
          {
            "task": "SilentAudioTask",
            "props": {
              "max_length": 0.2004000000000019
            }
          },
          {
            "task": "NoiseProfileTask",
            "props": {}
          }
        ]
      }
    },
    {
      "task": "CreateSpectrogramTask",
      "props": {
        "sampling_rate": 500000,
        "x_pixels_per_sec": 5000,
        "height": 512,
        "window": "Ham"
      }
    },
    {
      "task": "ExtractHOGHWRecogTask",
      "props": {}
    },
    {
      "task": "KFoldSeparationTask",
      "props": {
        "k": 8,
        "val_bins": 1,
        "test_bins": 2,
        "n": 1
      }
    },
    {
      "task": "CreateNNModelTask",
      "props": {
        "name": "cnn_2d_sct_padded_nrs6xpps5000h512_hog_100_3d",
        "model": {
          "name": "sequential",
          "layers": [
            {
              "class_name": "InputLayer",
              "config": {
                "batch_input_shape": [
                  null,
                  489,
                  24,
                  12
                ],
                "dtype": "float32",
                "sparse": false,
                "ragged": false,
                "name": "conv2d_input"
              }
            },
            {
              "class_name": "Conv2D",
              "config": {
                "name": "conv2d",
                "trainable": true,
                "batch_input_shape": [
                  null,
                  489,
                  24,
                  12
                ],
                "dtype": "float32",
                "filters": 32,
                "kernel_size": [
                  3,
                  3
                ],
                "strides": [
                  1,
                  1
                ],
                "padding": "valid",
                "data_format": "channels_last",
                "dilation_rate": [
                  1,
                  1
                ],
                "groups": 1,
                "activation": "relu",
                "use_bias": true,
                "kernel_initializer": {
                  "class_name": "GlorotUniform",
                  "config": {
                    "seed": null
                  }
                },
                "bias_initializer": {
                  "class_name": "Zeros",
                  "config": {}
                },
                "kernel_regularizer": null,
                "bias_regularizer": null,
                "activity_regularizer": null,
                "kernel_constraint": null,
                "bias_constraint": null
              }
            },
            {
              "class_name": "MaxPooling2D",
              "config": {
                "name": "max_pooling2d",
                "trainable": true,
                "dtype": "float32",
                "pool_size": [
                  2,
                  2
                ],