{
  "id": "nn_lstm_sct_vl_xpps5000_h512_raw_100/c7ddac1a348976bf1418a5858f4ee91f53212473/rec/rec_ab748ca12383eb29243c092302d7acb0e7ca12ad_e31.report",
  "timestamp": "2020-11-12T02:26:41Z",
  "accuracy": 0.6893939393939394,
  "loss": 1.2694676711788093,
  "correct": 91,
  "incorrect": 41,
  "total": 132,
  "confusion": {
    "B2": {
      "B2": 18,
      "B3": 0,
      "B4": 2,
      "UPS": 0,
      "VS": 1,
      "VSV": 1
    },
    "B3": {
      "B3": 12,
      "B2": 10,
      "B4": 0,
      "UPS": 0,
      "VS": 0,
      "VSV": 0
    },
    "B4": {
      "B4": 7,
      "B2": 11,
      "B3": 4,
      "UPS": 0,
      "VS": 0,
      "VSV": 0
    },
    "UPS": {
      "UPS": 22,
      "B2": 0,
      "B3": 0,
      "B4": 0,
      "VS": 0,
      "VSV": 0
    },
    "VS": {
      "VS": 17,
      "B2": 1,
      "B3": 0,
      "B4": 0,
      "UPS": 1,
      "VSV": 3
    },
    "VSV": {
      "VSV": 15,
      "B2": 0,
      "B3": 1,
      "B4": 0,
      "UPS": 2,
      "VS": 4
    }
  },
  "failed": [
    "simple_call_test/audio/label_variable/sr500000_xpps5000_h512_wHam/img/C_TO_Jt1_16_06_20_015_063431.62_B2.htk",
    "simple_call_test/audio/label_variable/sr500000_xpps5000_h512_wHam/img/C_TO_Jt1_16_06_20_029_360520.80_B4.htk",
    "simple_call_test/audio/label_variable/sr500000_xpps5000_h512_wHam/img/C_TO_Jt3_16_06_18_006_029137.14_B4.htk",
    "simple_call_test/audio/label_variable/sr500000_xpps5000_h512_wHam/img/C_TO_Jt3_16_07_11_009_267708.40_B4.htk",
    "simple_call_test/audio/label_variable/sr500000_xpps5000_h512_wHam/img/C_TR_Jt4_16_06_19_013_012126.66_B4.htk",
    "simple_call_test/audio/label_variable/sr500000_xpps5000_h512_wHam/img/C_TR_Jt6_16_06_19_077_038152.77_B4.htk",
    "simple_call_test/audio/label_variable/sr500000_xpps5000_h512_wHam/img/C_TR_Jt7_16_06_23_071_005127.07_B4.htk",
    "simple_call_test/audio/label_variable/sr500000_xpps5000_h512_wHam/img/C_TR_Jt8_16_07_07_020_007693.24_B4.htk",
    "simple_call_test/audio/label_variable/sr500000_xpps5000_h512_wHam/img/C_TR_Jt4_16_06_11_013_096210.96_B3.htk",
    "simple_call_test/audio/label_variable/sr500000_xpps5000_h512_wHam/img/C_TR_Jt4_16_06_19_013_026708.96_B3.htk",
    "simple_call_test/audio/label_variable/sr500000_xpps5000_h512_wHam/img/C_TR_Jt5_16_06_19_071_116388.20_B3.htk",
    "simple_call_test/audio/label_variable/sr500000_xpps5000_h512_wHam/img/C_TR_Jt5_16_07_12_021_2_253165.10_B3.htk",
    "simple_call_test/audio/label_variable/sr500000_xpps5000_h512_wHam/img/C_TR_Jt6_16_06_19_035_013061.45_B3.htk",
    "simple_call_test/audio/label_variable/sr500000_xpps5000_h512_wHam/img/VSV_C_TO_Jt2_16_06_20_018_min62_000117.87_VSV.htk",
    "simple_call_test/audio/label_variable/sr500000_xpps5000_h512_wHam/img/VSV_C_TO_Jt2_16_06_26_009_000322.76_VSV.htk",
    "simple_call_test/audio/label_variable/sr500000_xpps5000_h512_wHam/img/VSV_C_TO_Jt2_16_06_26_010_min289_000025.88_VSV.htk",
    "simple_call_test/audio/label_variable/sr500000_xpps5000_h512_wHam/img/VSV_C_TR_Jt1_16_06_07_057_min208_000016.25_VSV.htk",
    "simple_call_test/audio/label_variable/sr500000_xpps5000_h512_wHam/img/VSV_C_TR_Jt4_16_06_15_043_min30_000029.17_VSV.htk",
    "simple_call_test/audio/label_variable/sr500000_xpps5000_h512_wHam/img/VSV_C_TR_Jt5_16_06_21_008_min125_000064.75_VSV.htk",
    "simple_call_test/audio/label_variable/sr500000_xpps5000_h512_wHam/img/VS_C_TR_Jt4_16_06_15_047_min42_000102.41_VS.htk",
    "simple_call_test/audio/label_variable/sr500000_xpps5000_h512_wHam/img/VS_C_TR_Jt5_16_07_12_021_2_min23_000244.48_VS.htk",
    "simple_call_test/audio/label_variable/sr500000_xpps5000_h512_wHam/img/C_TO_Jt1_16_06_20_029_475729.90_B2.htk",
    "simple_call_test/audio/label_variable/sr500000_xpps5000_h512_wHam/img/C_TO_Jt3_16_06_18_006_041029.17_B2.htk",
    "simple_call_test/audio/label_variable/sr500000_xpps5000_h512_wHam/img/C_TO_Jt3_16_06_20_017_011057.44_B2.htk",
    "simple_call_test/audio/label_variable/sr500000_xpps5000_h512_wHam/img/C_TO_Jt2_16_06_20_018_047295.33_B4.htk",
    "simple_call_test/audio/label_variable/sr500000_xpps5000_h512_wHam/img/C_TO_Jt3_16_06_20_017_008032.86_B4.htk",
    "simple_call_test/audio/label_variable/sr500000_xpps5000_h512_wHam/img/C_TO_Jt3_16_07_11_009_267964.30_B4.htk",
    "simple_call_test/audio/label_variable/sr500000_xpps5000_h512_wHam/img/C_TR_Jt1_16_06_02_109_019244.31_B4.htk",
    "simple_call_test/audio/label_variable/sr500000_xpps5000_h512_wHam/img/C_TR_Jt4_16_06_19_013_012210.09_B4.htk",
    "simple_call_test/audio/label_variable/sr500000_xpps5000_h512_wHam/img/C_TR_Jt6_16_06_19_077_038310.63_B4.htk",
    "simple_call_test/audio/label_variable/sr500000_xpps5000_h512_wHam/img/C_TR_Jt7_16_07_07_017_074823.78_B4.htk",
    "simple_call_test/audio/label_variable/sr500000_xpps5000_h512_wHam/img/C_TR_Jt7_16_07_12_020_066721.80_B4.htk",
    "simple_call_test/audio/label_variable/sr500000_xpps5000_h512_wHam/img/C_TR_Jt1_16_06_07_058_000797.01_B3.htk",
    "simple_call_test/audio/label_variable/sr500000_xpps5000_h512_wHam/img/C_TR_Jt4_16_06_11_013_095978.00_B3.htk",
    "simple_call_test/audio/label_variable/sr500000_xpps5000_h512_wHam/img/C_TR_Jt4_16_06_25_005_061631.15_B3.htk",
    "simple_call_test/audio/label_variable/sr500000_xpps5000_h512_wHam/img/C_TR_Jt5_16_06_19_071_156201.00_B3.htk",
    "simple_call_test/audio/label_variable/sr500000_xpps5000_h512_wHam/img/C_TR_Jt5_16_06_23_025_082606.90_B3.htk",
    "simple_call_test/audio/label_variable/sr500000_xpps5000_h512_wHam/img/VSV_C_TO_Jt3_16_07_04_021_min83_000035.64_VSV.htk",
    "simple_call_test/audio/label_variable/sr500000_xpps5000_h512_wHam/img/VS_C_TO_Jt2_16_06_26_010_min92_000543.09_VS.htk",
    "simple_call_test/audio/label_variable/sr500000_xpps5000_h512_wHam/img/VS_C_TO_Jt3_16_06_18_006_min1_000052.91_VS.htk",
    "simple_call_test/audio/label_variable/sr500000_xpps5000_h512_wHam/img/VS_C_TR_Jt5_16_06_21_008_min138_000091.48_VS.htk"
  ],
  "env": {
    "os": "Linux",
    "platform": "Linux-3.10.0-1127.19.1.el7.x86_64-x86_64-with-glibc2.10",
    "sox": "14.4.2",
    "java": [
      "openjdk version \"1.8.0_262\"",
      "OpenJDK Runtime Environment (build 1.8.0_262-b10)",
      "OpenJDK 64-Bit Server VM (build 25.262-b10, mixed mode)"
    ],
    "keras": "2.4.0",
    "tf": "2.3.1",
    "gpu": "device: 0, name: Tesla P100-PCIE-12GB, pci bus id: 0000:04:00.0, compute capability: 6.0"
  },
  "pipeline": [
    {
      "task": "AudioLoadTask",
      "props": {
        "mdb": "simple_call_test/metadata.json",
        "dataset_name": "simple_call_test",
        "source": "simple_call_test/audio"
      }
    },
    {
      "task": "ExtractLabelPartsTask",
      "props": {
        "fixed_length": false,
        "dataset_name": null
      }
    },
    {
      "task": "CreateSpectrogramTask",
      "props": {
        "sampling_rate": 500000,
        "x_pixels_per_sec": 5000,
        "height": 512,
        "window": "Ham"
      }
    },
    {
      "task": "ExtractPixelsTask",
      "props": {}
    },
    {
      "task": "KFoldSeparationTask",
      "props": {
        "k": 8,
        "val_bins": 1,
        "test_bins": 2,
        "n": 1
      }
    },
    {
      "task": "CreateNNModelTask",
      "props": {
        "name": "lstm_sct_vl_xpps5000_h512_raw_100",
        "model": {
          "name": "sequential",
          "layers": [
            {
              "class_name": "InputLayer",
              "config": {
                "batch_input_shape": [
                  null,
                  null,
                  512
                ],
                "dtype": "float32",
                "sparse": false,
                "ragged": true,
                "name": "input_1"
              }
            },
            {
              "class_name": "LSTM",
              "config": {
                "name": "lstm",
                "trainable": true,
                "dtype": "float32",
                "return_sequences": true,
                "return_state": false,
                "go_backwards": false,