{
  "id": "nn_lstm_sct_vl_xpps5000_h256_raw_100/23b3173b56af852b2b44b0e737d2a716e47877b8/rec/rec_800b20b1531381f809c8cc42f6149d3acc94716b_e19.report",
  "timestamp": "2020-11-12T03:26:47Z",
  "accuracy": 0.6060606060606061,
  "loss": 1.5846245020008969,
  "correct": 80,
  "incorrect": 52,
  "total": 132,
  "confusion": {
    "B2": {
      "B2": 8,
      "B3": 8,
      "B4": 3,
      "UPS": 0,
      "VS": 3,
      "VSV": 0
    },
    "B3": {
      "B3": 15,
      "B2": 3,
      "B4": 3,
      "UPS": 1,
      "VS": 0,
      "VSV": 0
    },
    "B4": {
      "B4": 6,
      "B2": 2,
      "B3": 13,
      "UPS": 0,
      "VS": 1,
      "VSV": 0
    },
    "UPS": {
      "UPS": 22,
      "B2": 0,
      "B3": 0,
      "B4": 0,
      "VS": 0,
      "VSV": 0
    },
    "VS": {
      "VS": 12,
      "B2": 1,
      "B3": 3,
      "B4": 0,
      "UPS": 0,
      "VSV": 6
    },
    "VSV": {
      "VSV": 17,
      "B2": 0,
      "B3": 3,
      "B4": 0,
      "UPS": 0,
      "VS": 2
    }
  },
  "failed": [
    "simple_call_test/audio/label_variable/sr500000_xpps5000_h256_wHam/img/B2_C_TR_Jt2_16_06_02_044_000306.76_B2.htk",
    "simple_call_test/audio/label_variable/sr500000_xpps5000_h256_wHam/img/C_TO_Jt1_16_06_20_015_062447.76_B2.htk",
    "simple_call_test/audio/label_variable/sr500000_xpps5000_h256_wHam/img/C_TO_Jt2_16_06_12_018_017885.91_B2.htk",
    "simple_call_test/audio/label_variable/sr500000_xpps5000_h256_wHam/img/C_TO_Jt2_16_06_12_018_048834.57_B2.htk",
    "simple_call_test/audio/label_variable/sr500000_xpps5000_h256_wHam/img/C_TO_Jt2_16_06_24_015_041349.09_B2.htk",
    "simple_call_test/audio/label_variable/sr500000_xpps5000_h256_wHam/img/C_TO_Jt2_16_06_26_010_194692.10_B2.htk",
    "simple_call_test/audio/label_variable/sr500000_xpps5000_h256_wHam/img/C_TO_Jt2_16_07_04_023_207918.90_B2.htk",
    "simple_call_test/audio/label_variable/sr500000_xpps5000_h256_wHam/img/C_TO_Jt3_16_06_18_006_041236.76_B2.htk",
    "simple_call_test/audio/label_variable/sr500000_xpps5000_h256_wHam/img/C_TO_Jt3_16_06_20_017_011470.47_B2.htk",
    "simple_call_test/audio/label_variable/sr500000_xpps5000_h256_wHam/img/C_TO_Jt2_16_06_20_018_047394.86_B4.htk",
    "simple_call_test/audio/label_variable/sr500000_xpps5000_h256_wHam/img/C_TO_Jt3_16_06_20_017_007136.74_B4.htk",
    "simple_call_test/audio/label_variable/sr500000_xpps5000_h256_wHam/img/C_TO_Jt3_16_07_11_009_336885.70_B4.htk",
    "simple_call_test/audio/label_variable/sr500000_xpps5000_h256_wHam/img/C_TR_Jt1_16_06_02_109_019361.16_B4.htk",
    "simple_call_test/audio/label_variable/sr500000_xpps5000_h256_wHam/img/C_TR_Jt4_16_06_23_057_205685.70_B4.htk",
    "simple_call_test/audio/label_variable/sr500000_xpps5000_h256_wHam/img/C_TR_Jt6_16_06_19_077_037837.14_B4.htk",
    "simple_call_test/audio/label_variable/sr500000_xpps5000_h256_wHam/img/C_TR_Jt7_16_07_12_020_153369.70_B4.htk",
    "simple_call_test/audio/label_variable/sr500000_xpps5000_h256_wHam/img/C_TR_Jt8_16_07_07_020_066614.52_B4.htk",
    "simple_call_test/audio/label_variable/sr500000_xpps5000_h256_wHam/img/C_TO_Jt2_16_06_26_010_301713.30_B3.htk",
    "simple_call_test/audio/label_variable/sr500000_xpps5000_h256_wHam/img/C_TO_Jt3_16_06_18_007_001985.61_B3.htk",
    "simple_call_test/audio/label_variable/sr500000_xpps5000_h256_wHam/img/C_TR_Jt1_16_06_07_058_086450.62_B3.htk",
    "simple_call_test/audio/label_variable/sr500000_xpps5000_h256_wHam/img/C_TR_Jt4_16_06_23_057_154986.30_B3.htk",
    "simple_call_test/audio/label_variable/sr500000_xpps5000_h256_wHam/img/C_TR_Jt5_16_06_15_047_013379.50_B3.htk",
    "simple_call_test/audio/label_variable/sr500000_xpps5000_h256_wHam/img/VSV_C_TO_Jt2_16_06_20_018_min68_000106.56_VSV.htk",
    "simple_call_test/audio/label_variable/sr500000_xpps5000_h256_wHam/img/VSV_C_TO_Jt3_16_07_11_009_min12_000013.70_VSV.htk",
    "simple_call_test/audio/label_variable/sr500000_xpps5000_h256_wHam/img/VS_C_TO_Jt2_16_06_12_018_min15_000180.86_VS.htk",
    "simple_call_test/audio/label_variable/sr500000_xpps5000_h256_wHam/img/VS_C_TO_Jt2_16_06_26_010_000415.43_VS.htk",
    "simple_call_test/audio/label_variable/sr500000_xpps5000_h256_wHam/img/VS_C_TO_Jt2_16_07_04_023_min166_000027.66_VS.htk",
    "simple_call_test/audio/label_variable/sr500000_xpps5000_h256_wHam/img/VS_C_TO_Jt3_16_06_18_006_min13_000015.46_VS.htk",
    "simple_call_test/audio/label_variable/sr500000_xpps5000_h256_wHam/img/VS_C_TO_Jt3_16_07_23_003_min13_000096.39_VS.htk",
    "simple_call_test/audio/label_variable/sr500000_xpps5000_h256_wHam/img/VS_C_TR_Jt5_16_06_19_071_min22_000029.95_VS.htk",
    "simple_call_test/audio/label_variable/sr500000_xpps5000_h256_wHam/img/C_TO_Jt2_16_06_12_018_017999.06_B2.htk",
    "simple_call_test/audio/label_variable/sr500000_xpps5000_h256_wHam/img/C_TO_Jt2_16_06_24_015_052657.36_B2.htk",
    "simple_call_test/audio/label_variable/sr500000_xpps5000_h256_wHam/img/C_TO_Jt2_16_06_26_010_194914.30_B2.htk",
    "simple_call_test/audio/label_variable/sr500000_xpps5000_h256_wHam/img/C_TO_Jt2_16_07_06_014_053281.70_B2.htk",
    "simple_call_test/audio/label_variable/sr500000_xpps5000_h256_wHam/img/C_TO_Jt3_16_06_18_006_042024.30_B2.htk",
    "simple_call_test/audio/label_variable/sr500000_xpps5000_h256_wHam/img/C_TO_Jt1_16_06_20_015_046088.27_B4.htk",
    "simple_call_test/audio/label_variable/sr500000_xpps5000_h256_wHam/img/C_TO_Jt2_16_06_20_018_047584.34_B4.htk",
    "simple_call_test/audio/label_variable/sr500000_xpps5000_h256_wHam/img/C_TO_Jt3_16_07_06_006_089672.23_B4.htk",
    "simple_call_test/audio/label_variable/sr500000_xpps5000_h256_wHam/img/C_TO_Jt3_16_07_11_009_337328.00_B4.htk",
    "simple_call_test/audio/label_variable/sr500000_xpps5000_h256_wHam/img/C_TR_Jt4_16_06_23_057_205774.30_B4.htk",
    "simple_call_test/audio/label_variable/sr500000_xpps5000_h256_wHam/img/C_TR_Jt7_16_07_07_017_102586.50_B4.htk",
    "simple_call_test/audio/label_variable/sr500000_xpps5000_h256_wHam/img/C_TR_Jt7_16_07_12_020_153616.60_B4.htk",
    "simple_call_test/audio/label_variable/sr500000_xpps5000_h256_wHam/img/C_TR_Jt8_16_07_12_063_077166.00_B4.htk",
    "simple_call_test/audio/label_variable/sr500000_xpps5000_h256_wHam/img/C_TR_Jt4_16_06_15_043_087065.02_B3.htk",
    "simple_call_test/audio/label_variable/sr500000_xpps5000_h256_wHam/img/C_TR_Jt6_16_06_19_076_002422.71_B3.htk",
    "simple_call_test/audio/label_variable/sr500000_xpps5000_h256_wHam/img/C_TR_Jt2_16_06_02_044_012436.33_VSV.htk",
    "simple_call_test/audio/label_variable/sr500000_xpps5000_h256_wHam/img/VSV_C_TO_Jt2_16_06_20_018_min68_000208.45_VSV.htk",
    "simple_call_test/audio/label_variable/sr500000_xpps5000_h256_wHam/img/VSV_C_TO_Jt3_16_07_11_009_min12_000074.80_VSV.htk",
    "simple_call_test/audio/label_variable/sr500000_xpps5000_h256_wHam/img/VS_C_TO_Jt2_16_06_12_018_min15_000095.57_VS.htk",
    "simple_call_test/audio/label_variable/sr500000_xpps5000_h256_wHam/img/VS_C_TO_Jt3_16_07_23_003_min13_000171.36_VS.htk",
    "simple_call_test/audio/label_variable/sr500000_xpps5000_h256_wHam/img/VS_C_TR_Jt4_16_07_10_015_min17_000192.45_VS.htk",
    "simple_call_test/audio/label_variable/sr500000_xpps5000_h256_wHam/img/VS_C_TR_Jt5_16_06_19_071_min62_000028.43_VS.htk"
  ],
  "env": {
    "os": "Linux",
    "platform": "Linux-3.10.0-1127.19.1.el7.x86_64-x86_64-with-glibc2.10",
    "sox": "14.4.2",
    "java": [
      "openjdk version \"1.8.0_262\"",
      "OpenJDK Runtime Environment (build 1.8.0_262-b10)",
      "OpenJDK 64-Bit Server VM (build 25.262-b10, mixed mode)"
    ],
    "keras": "2.4.0",
    "tf": "2.3.1",
    "gpu": "device: 0, name: Tesla P100-PCIE-12GB, pci bus id: 0000:83:00.0, compute capability: 6.0"
  },
  "pipeline": [
    {
      "task": "AudioLoadTask",
      "props": {
        "mdb": "simple_call_test/metadata.json",
        "dataset_name": "simple_call_test",
        "source": "simple_call_test/audio"
      }
    },
    {
      "task": "ExtractLabelPartsTask",
      "props": {
        "fixed_length": false,