{
  "id": "nn_lstm_sct_vl_xpps5000_h512_raw_100/6ede6ca5a3d76cec538d138faa8b93e483abe1b8/rec/rec_a3d2f7454663dcab092e5fd3ca4a9c412b49835c_e13.report",
  "timestamp": "2020-11-12T02:26:41Z",
  "accuracy": 0.6060606060606061,
  "loss": 1.2642252234763942,
  "correct": 80,
  "incorrect": 52,
  "total": 132,
  "confusion": {
    "B2": {
      "B2": 13,
      "B3": 5,
      "B4": 1,
      "UPS": 0,
      "VS": 2,
      "VSV": 1
    },
    "B3": {
      "B3": 11,
      "B2": 8,
      "B4": 3,
      "UPS": 0,
      "VS": 0,
      "VSV": 0
    },
    "B4": {
      "B4": 7,
      "B2": 6,
      "B3": 8,
      "UPS": 0,
      "VS": 0,
      "VSV": 1
    },
    "UPS": {
      "UPS": 22,
      "B2": 0,
      "B3": 0,
      "B4": 0,
      "VS": 0,
      "VSV": 0
    },
    "VS": {
      "VS": 7,
      "B2": 4,
      "B3": 0,
      "B4": 0,
      "UPS": 0,
      "VSV": 11
    },
    "VSV": {
      "VSV": 20,
      "B2": 0,
      "B3": 0,
      "B4": 0,
      "UPS": 0,
      "VS": 2
    }
  },
  "failed": [
    "simple_call_test/audio/label_variable/sr500000_xpps5000_h512_wHam/img/C_TO_Jt2_16_06_18_005_026893.21_B2.htk",
    "simple_call_test/audio/label_variable/sr500000_xpps5000_h512_wHam/img/C_TO_Jt2_16_06_26_010_148854.70_B2.htk",
    "simple_call_test/audio/label_variable/sr500000_xpps5000_h512_wHam/img/C_TO_Jt2_16_07_04_023_208173.20_B2.htk",
    "simple_call_test/audio/label_variable/sr500000_xpps5000_h512_wHam/img/C_TO_Jt3_16_06_18_006_041029.17_B2.htk",
    "simple_call_test/audio/label_variable/sr500000_xpps5000_h512_wHam/img/C_TO_Jt3_16_06_20_017_011057.44_B2.htk",
    "simple_call_test/audio/label_variable/sr500000_xpps5000_h512_wHam/img/C_TO_Jt2_16_06_20_018_047295.33_B4.htk",
    "simple_call_test/audio/label_variable/sr500000_xpps5000_h512_wHam/img/C_TO_Jt3_16_07_11_009_267964.30_B4.htk",
    "simple_call_test/audio/label_variable/sr500000_xpps5000_h512_wHam/img/C_TR_Jt1_16_06_02_109_019244.31_B4.htk",
    "simple_call_test/audio/label_variable/sr500000_xpps5000_h512_wHam/img/C_TR_Jt4_16_06_19_013_012210.09_B4.htk",
    "simple_call_test/audio/label_variable/sr500000_xpps5000_h512_wHam/img/C_TR_Jt6_16_06_19_077_038310.63_B4.htk",
    "simple_call_test/audio/label_variable/sr500000_xpps5000_h512_wHam/img/C_TR_Jt7_16_07_07_017_074823.78_B4.htk",
    "simple_call_test/audio/label_variable/sr500000_xpps5000_h512_wHam/img/C_TR_Jt1_16_06_07_058_000797.01_B3.htk",
    "simple_call_test/audio/label_variable/sr500000_xpps5000_h512_wHam/img/C_TR_Jt4_16_06_11_013_095978.00_B3.htk",
    "simple_call_test/audio/label_variable/sr500000_xpps5000_h512_wHam/img/C_TR_Jt4_16_06_23_057_154843.80_B3.htk",
    "simple_call_test/audio/label_variable/sr500000_xpps5000_h512_wHam/img/C_TR_Jt4_16_06_25_005_061631.15_B3.htk",
    "simple_call_test/audio/label_variable/sr500000_xpps5000_h512_wHam/img/C_TR_Jt5_16_06_19_071_156201.00_B3.htk",
    "simple_call_test/audio/label_variable/sr500000_xpps5000_h512_wHam/img/C_TR_Jt6_16_06_19_035_024507.79_B3.htk",
    "simple_call_test/audio/label_variable/sr500000_xpps5000_h512_wHam/img/VSV_C_TO_Jt3_16_07_11_009_min200_000018.04_VSV.htk",
    "simple_call_test/audio/label_variable/sr500000_xpps5000_h512_wHam/img/VSV_C_TO_Jt2_16_07_23_010_min64_000149.90_VS.htk",
    "simple_call_test/audio/label_variable/sr500000_xpps5000_h512_wHam/img/VS_C_TO_Jt2_16_06_26_010_000332.91_VS.htk",
    "simple_call_test/audio/label_variable/sr500000_xpps5000_h512_wHam/img/VS_C_TO_Jt3_16_06_18_006_min1_000052.91_VS.htk",
    "simple_call_test/audio/label_variable/sr500000_xpps5000_h512_wHam/img/VS_C_TR_Jt5_16_06_21_008_min138_000091.48_VS.htk",
    "simple_call_test/audio/label_variable/sr500000_xpps5000_h512_wHam/img/VS_C_TR_Jt5_16_07_12_021_2_min86_000039.28_VS.htk",
    "simple_call_test/audio/label_variable/sr500000_xpps5000_h512_wHam/img/C_TO_Jt2_16_06_12_018_017885.91_B2.htk",
    "simple_call_test/audio/label_variable/sr500000_xpps5000_h512_wHam/img/C_TO_Jt2_16_06_26_010_194692.10_B2.htk",
    "simple_call_test/audio/label_variable/sr500000_xpps5000_h512_wHam/img/C_TO_Jt2_16_07_04_023_207918.90_B2.htk",
    "simple_call_test/audio/label_variable/sr500000_xpps5000_h512_wHam/img/C_TO_Jt3_16_06_18_006_041236.76_B2.htk",
    "simple_call_test/audio/label_variable/sr500000_xpps5000_h512_wHam/img/C_TO_Jt2_16_06_20_018_047394.86_B4.htk",
    "simple_call_test/audio/label_variable/sr500000_xpps5000_h512_wHam/img/C_TO_Jt3_16_06_20_017_007136.74_B4.htk",
    "simple_call_test/audio/label_variable/sr500000_xpps5000_h512_wHam/img/C_TO_Jt3_16_07_11_009_336885.70_B4.htk",
    "simple_call_test/audio/label_variable/sr500000_xpps5000_h512_wHam/img/C_TR_Jt1_16_06_02_109_019361.16_B4.htk",
    "simple_call_test/audio/label_variable/sr500000_xpps5000_h512_wHam/img/C_TR_Jt4_16_06_23_057_205685.70_B4.htk",
    "simple_call_test/audio/label_variable/sr500000_xpps5000_h512_wHam/img/C_TR_Jt6_16_06_19_077_037837.14_B4.htk",
    "simple_call_test/audio/label_variable/sr500000_xpps5000_h512_wHam/img/C_TR_Jt7_16_07_07_017_074981.03_B4.htk",
    "simple_call_test/audio/label_variable/sr500000_xpps5000_h512_wHam/img/C_TR_Jt7_16_07_12_020_153369.70_B4.htk",
    "simple_call_test/audio/label_variable/sr500000_xpps5000_h512_wHam/img/C_TR_Jt8_16_07_07_020_066614.52_B4.htk",
    "simple_call_test/audio/label_variable/sr500000_xpps5000_h512_wHam/img/C_TO_Jt3_16_06_18_007_001985.61_B3.htk",
    "simple_call_test/audio/label_variable/sr500000_xpps5000_h512_wHam/img/C_TR_Jt1_16_06_07_058_086450.62_B3.htk",
    "simple_call_test/audio/label_variable/sr500000_xpps5000_h512_wHam/img/C_TR_Jt5_16_06_15_047_013379.50_B3.htk",
    "simple_call_test/audio/label_variable/sr500000_xpps5000_h512_wHam/img/C_TR_Jt5_16_06_19_071_156089.90_B3.htk",
    "simple_call_test/audio/label_variable/sr500000_xpps5000_h512_wHam/img/C_TR_Jt6_16_06_19_035_024346.27_B3.htk",
    "simple_call_test/audio/label_variable/sr500000_xpps5000_h512_wHam/img/VSV_C_TO_Jt2_16_07_04_023_min226_000111.51_VSV.htk",
    "simple_call_test/audio/label_variable/sr500000_xpps5000_h512_wHam/img/VSV_C_TO_Jt2_16_07_23_010_min64_000249.08_VS.htk",
    "simple_call_test/audio/label_variable/sr500000_xpps5000_h512_wHam/img/VS_C_TO_Jt2_16_06_12_018_min15_000180.86_VS.htk",
    "simple_call_test/audio/label_variable/sr500000_xpps5000_h512_wHam/img/VS_C_TO_Jt2_16_06_26_010_000415.43_VS.htk",
    "simple_call_test/audio/label_variable/sr500000_xpps5000_h512_wHam/img/VS_C_TO_Jt2_16_07_04_023_min166_000027.66_VS.htk",
    "simple_call_test/audio/label_variable/sr500000_xpps5000_h512_wHam/img/VS_C_TO_Jt3_16_06_18_006_min13_000015.46_VS.htk",
    "simple_call_test/audio/label_variable/sr500000_xpps5000_h512_wHam/img/VS_C_TO_Jt3_16_07_23_003_min13_000096.39_VS.htk",
    "simple_call_test/audio/label_variable/sr500000_xpps5000_h512_wHam/img/VS_C_TR_Jt2_16_06_02_044_011970.86_VS.htk",
    "simple_call_test/audio/label_variable/sr500000_xpps5000_h512_wHam/img/VS_C_TR_Jt4_16_07_10_015_min17_000109.89_VS.htk",
    "simple_call_test/audio/label_variable/sr500000_xpps5000_h512_wHam/img/VS_C_TR_Jt5_16_06_19_071_min22_000029.95_VS.htk",
    "simple_call_test/audio/label_variable/sr500000_xpps5000_h512_wHam/img/VS_C_TR_Jt5_16_06_21_008_min6_000042.89_VS.htk"
  ],
  "env": {
    "os": "Linux",
    "platform": "Linux-3.10.0-1127.19.1.el7.x86_64-x86_64-with-glibc2.10",
    "sox": "14.4.2",
    "java": [
      "openjdk version \"1.8.0_262\"",
      "OpenJDK Runtime Environment (build 1.8.0_262-b10)",
      "OpenJDK 64-Bit Server VM (build 25.262-b10, mixed mode)"
    ],
    "keras": "2.4.0",
    "tf": "2.3.1",
    "gpu": "device: 0, name: Tesla P100-PCIE-12GB, pci bus id: 0000:04:00.0, compute capability: 6.0"
  },
  "pipeline": [
    {
      "task": "AudioLoadTask",
      "props": {
        "mdb": "simple_call_test/metadata.json",
        "dataset_name": "simple_call_test",
        "source": "simple_call_test/audio"
      }
    },
    {
      "task": "ExtractLabelPartsTask",
      "props": {
        "fixed_length": false,