{
  "id": "nn_lstm_sct_vl_xpps5000_h256_raw_100/9840e671d225d4b536fe6fe35b06d99c0d90cd8f/rec/rec_0ee2c1bb23f6380b8ad19c142050b6e54e6bdc84_e17.report",
  "timestamp": "2020-11-12T03:26:47Z",
  "accuracy": 0.6742424242424242,
  "loss": 1.2505966650187736,
  "correct": 89,
  "incorrect": 43,
  "total": 132,
  "confusion": {
    "B2": {
      "B2": 16,
      "B3": 1,
      "B4": 1,
      "UPS": 0,
      "VS": 2,
      "VSV": 2
    },
    "B3": {
      "B3": 14,
      "B2": 8,
      "B4": 0,
      "UPS": 0,
      "VS": 0,
      "VSV": 0
    },
    "B4": {
      "B4": 6,
      "B2": 8,
      "B3": 6,
      "UPS": 0,
      "VS": 0,
      "VSV": 2
    },
    "UPS": {
      "UPS": 22,
      "B2": 0,
      "B3": 0,
      "B4": 0,
      "VS": 0,
      "VSV": 0
    },
    "VS": {
      "VS": 12,
      "B2": 2,
      "B3": 0,
      "B4": 0,
      "UPS": 0,
      "VSV": 8
    },
    "VSV": {
      "VSV": 19,
      "B2": 0,
      "B3": 1,
      "B4": 0,
      "UPS": 1,
      "VS": 1
    }
  },
  "failed": [
    "simple_call_test/audio/label_variable/sr500000_xpps5000_h256_wHam/img/C_TO_Jt1_16_06_20_015_063431.62_B2.htk",
    "simple_call_test/audio/label_variable/sr500000_xpps5000_h256_wHam/img/C_TO_Jt2_16_06_26_010_148667.50_B2.htk",
    "simple_call_test/audio/label_variable/sr500000_xpps5000_h256_wHam/img/C_TO_Jt2_16_07_06_015_115374.80_B2.htk",
    "simple_call_test/audio/label_variable/sr500000_xpps5000_h256_wHam/img/C_TO_Jt1_16_06_20_029_360520.80_B4.htk",
    "simple_call_test/audio/label_variable/sr500000_xpps5000_h256_wHam/img/C_TO_Jt3_16_06_18_006_029137.14_B4.htk",
    "simple_call_test/audio/label_variable/sr500000_xpps5000_h256_wHam/img/C_TO_Jt3_16_07_11_009_267708.40_B4.htk",
    "simple_call_test/audio/label_variable/sr500000_xpps5000_h256_wHam/img/C_TR_Jt4_16_06_19_013_012126.66_B4.htk",
    "simple_call_test/audio/label_variable/sr500000_xpps5000_h256_wHam/img/C_TR_Jt6_16_06_19_077_038152.77_B4.htk",
    "simple_call_test/audio/label_variable/sr500000_xpps5000_h256_wHam/img/C_TR_Jt7_16_06_23_071_005127.07_B4.htk",
    "simple_call_test/audio/label_variable/sr500000_xpps5000_h256_wHam/img/C_TR_Jt7_16_07_10_009_014889.82_B4.htk",
    "simple_call_test/audio/label_variable/sr500000_xpps5000_h256_wHam/img/C_TR_Jt8_16_07_07_020_007693.24_B4.htk",
    "simple_call_test/audio/label_variable/sr500000_xpps5000_h256_wHam/img/C_TR_Jt4_16_06_11_013_096210.96_B3.htk",
    "simple_call_test/audio/label_variable/sr500000_xpps5000_h256_wHam/img/C_TR_Jt4_16_06_19_013_026708.96_B3.htk",
    "simple_call_test/audio/label_variable/sr500000_xpps5000_h256_wHam/img/C_TR_Jt5_16_06_19_071_116388.20_B3.htk",
    "simple_call_test/audio/label_variable/sr500000_xpps5000_h256_wHam/img/C_TR_Jt6_16_06_19_035_013061.45_B3.htk",
    "simple_call_test/audio/label_variable/sr500000_xpps5000_h256_wHam/img/VSV_C_TO_Jt2_16_06_20_018_min62_000117.87_VSV.htk",
    "simple_call_test/audio/label_variable/sr500000_xpps5000_h256_wHam/img/VSV_C_TO_Jt2_16_06_26_010_min289_000025.88_VSV.htk",
    "simple_call_test/audio/label_variable/sr500000_xpps5000_h256_wHam/img/C_TR_Jt2_16_06_02_044_012063.17_VS.htk",
    "simple_call_test/audio/label_variable/sr500000_xpps5000_h256_wHam/img/VS_C_TO_Jt2_16_06_26_010_000244.65_VS.htk",
    "simple_call_test/audio/label_variable/sr500000_xpps5000_h256_wHam/img/VS_C_TO_Jt2_16_06_26_010_min92_000463.75_VS.htk",
    "simple_call_test/audio/label_variable/sr500000_xpps5000_h256_wHam/img/VS_C_TR_Jt4_16_06_15_047_min42_000102.41_VS.htk",
    "simple_call_test/audio/label_variable/sr500000_xpps5000_h256_wHam/img/VS_C_TR_Jt5_16_07_12_021_2_min23_000244.48_VS.htk",
    "simple_call_test/audio/label_variable/sr500000_xpps5000_h256_wHam/img/C_TO_Jt1_16_06_20_015_062571.36_B2.htk",
    "simple_call_test/audio/label_variable/sr500000_xpps5000_h256_wHam/img/C_TO_Jt2_16_06_26_010_148854.70_B2.htk",
    "simple_call_test/audio/label_variable/sr500000_xpps5000_h256_wHam/img/C_TO_Jt3_16_06_18_006_041029.17_B2.htk",
    "simple_call_test/audio/label_variable/sr500000_xpps5000_h256_wHam/img/C_TO_Jt2_16_06_20_018_047295.33_B4.htk",
    "simple_call_test/audio/label_variable/sr500000_xpps5000_h256_wHam/img/C_TO_Jt3_16_06_20_017_008032.86_B4.htk",
    "simple_call_test/audio/label_variable/sr500000_xpps5000_h256_wHam/img/C_TO_Jt3_16_07_11_009_267964.30_B4.htk",
    "simple_call_test/audio/label_variable/sr500000_xpps5000_h256_wHam/img/C_TR_Jt1_16_06_02_109_019244.31_B4.htk",
    "simple_call_test/audio/label_variable/sr500000_xpps5000_h256_wHam/img/C_TR_Jt4_16_06_19_013_012210.09_B4.htk",
    "simple_call_test/audio/label_variable/sr500000_xpps5000_h256_wHam/img/C_TR_Jt6_16_06_19_077_038310.63_B4.htk",
    "simple_call_test/audio/label_variable/sr500000_xpps5000_h256_wHam/img/C_TR_Jt7_16_07_12_020_066721.80_B4.htk",
    "simple_call_test/audio/label_variable/sr500000_xpps5000_h256_wHam/img/C_TR_Jt8_16_07_07_020_066105.41_B4.htk",
    "simple_call_test/audio/label_variable/sr500000_xpps5000_h256_wHam/img/C_TR_Jt4_16_06_11_013_095978.00_B3.htk",
    "simple_call_test/audio/label_variable/sr500000_xpps5000_h256_wHam/img/C_TR_Jt4_16_06_25_005_061631.15_B3.htk",
    "simple_call_test/audio/label_variable/sr500000_xpps5000_h256_wHam/img/C_TR_Jt5_16_06_19_071_156201.00_B3.htk",
    "simple_call_test/audio/label_variable/sr500000_xpps5000_h256_wHam/img/C_TR_Jt6_16_06_19_035_024507.79_B3.htk",
    "simple_call_test/audio/label_variable/sr500000_xpps5000_h256_wHam/img/VSV_C_TO_Jt3_16_07_11_008_min59_000092.38_VSV.htk",
    "simple_call_test/audio/label_variable/sr500000_xpps5000_h256_wHam/img/VSV_C_TO_Jt2_16_07_23_010_min64_000149.90_VS.htk",
    "simple_call_test/audio/label_variable/sr500000_xpps5000_h256_wHam/img/VS_C_TO_Jt2_16_06_26_010_000332.91_VS.htk",
    "simple_call_test/audio/label_variable/sr500000_xpps5000_h256_wHam/img/VS_C_TO_Jt3_16_06_18_006_min1_000052.91_VS.htk",
    "simple_call_test/audio/label_variable/sr500000_xpps5000_h256_wHam/img/VS_C_TR_Jt5_16_06_21_008_min138_000091.48_VS.htk",
    "simple_call_test/audio/label_variable/sr500000_xpps5000_h256_wHam/img/VS_C_TR_Jt5_16_07_12_021_2_min86_000039.28_VS.htk"
  ],
  "env": {
    "os": "Linux",
    "platform": "Linux-3.10.0-1127.19.1.el7.x86_64-x86_64-with-glibc2.10",
    "sox": "14.4.2",
    "java": [
      "openjdk version \"1.8.0_262\"",
      "OpenJDK Runtime Environment (build 1.8.0_262-b10)",
      "OpenJDK 64-Bit Server VM (build 25.262-b10, mixed mode)"
    ],
    "keras": "2.4.0",
    "tf": "2.3.1",
    "gpu": "device: 0, name: Tesla P100-PCIE-12GB, pci bus id: 0000:83:00.0, compute capability: 6.0"
  },
  "pipeline": [
    {
      "task": "AudioLoadTask",
      "props": {
        "mdb": "simple_call_test/metadata.json",
        "dataset_name": "simple_call_test",
        "source": "simple_call_test/audio"
      }
    },
    {
      "task": "ExtractLabelPartsTask",
      "props": {
        "fixed_length": false,
        "dataset_name": null
      }
    },
    {
      "task": "CreateSpectrogramTask",
      "props": {
        "sampling_rate": 500000,
        "x_pixels_per_sec": 5000,
        "height": 256,
        "window": "Ham"
      }
    },
    {
      "task": "ExtractPixelsTask",
      "props": {}
    },
    {
      "task": "KFoldSeparationTask",
      "props": {
        "k": 8,
        "val_bins": 1,
        "test_bins": 2,
        "n": 1
      }
    },
    {
      "task": "CreateNNModelTask",
      "props": {
        "name": "lstm_sct_vl_xpps5000_h256_raw_100",
        "model": {
          "name": "sequential",
          "layers": [
            {
              "class_name": "InputLayer",
              "config": {
                "batch_input_shape": [
                  null,
                  null,
                  256
                ],
                "dtype": "float32",
                "sparse": false,
                "ragged": true,
                "name": "input_1"
              }
            },
            {
              "class_name": "LSTM",
              "config": {
                "name": "lstm",