{
  "id": "nn_lstm_sct_left_padded_nrs0xpps5000h512_hog_100/a2dc3af2ba68b6f342ce79190277db83f879d571/rec/rec_732333ba5ed489f2b78c46d898f03983108943cc_e88.report",
  "timestamp": "2020-12-21T13:39:40Z",
  "accuracy": 0.8712121212121212,
  "loss": 0.41687086245122046,
  "correct": 115,
  "incorrect": 17,
  "total": 132,
  "confusion": {
    "B2": {
      "B2": 14,
      "B3": 1,
      "B4": 7,
      "UPS": 0,
      "VS": 0,
      "VSV": 0
    },
    "B3": {
      "B3": 19,
      "B2": 3,
      "B4": 0,
      "UPS": 0,
      "VS": 0,
      "VSV": 0
    },
    "B4": {
      "B4": 17,
      "B2": 3,
      "B3": 0,
      "UPS": 2,
      "VS": 0,
      "VSV": 0
    },
    "UPS": {
      "UPS": 22,
      "B2": 0,
      "B3": 0,
      "B4": 0,
      "VS": 0,
      "VSV": 0
    },
    "VS": {
      "VS": 21,
      "B2": 0,
      "B3": 0,
      "B4": 0,
      "UPS": 0,
      "VSV": 1
    },
    "VSV": {
      "VSV": 22,
      "B2": 0,
      "B3": 0,
      "B4": 0,
      "UPS": 0,
      "VS": 0
    }
  },
  "failed": [
    "simple_call_test/audio/label_fixed_left/sr500000_xpps5000_h512_wHam/hog/B2_C_TR_Jt5_16_07_10_034_001410.45_B2.htk",
    "simple_call_test/audio/label_fixed_left/sr500000_xpps5000_h512_wHam/hog/C_TO_Jt2_16_06_18_005_027233.91_B2.htk",
    "simple_call_test/audio/label_fixed_left/sr500000_xpps5000_h512_wHam/hog/C_TO_Jt2_16_06_24_015_052657.36_B2.htk",
    "simple_call_test/audio/label_fixed_left/sr500000_xpps5000_h512_wHam/hog/C_TO_Jt1_16_06_20_015_046088.27_B4.htk",
    "simple_call_test/audio/label_fixed_left/sr500000_xpps5000_h512_wHam/hog/C_TR_Jt1_16_06_02_109_027392.23_B4.htk",
    "simple_call_test/audio/label_fixed_left/sr500000_xpps5000_h512_wHam/hog/C_TR_Jt4_16_06_23_057_205774.30_B4.htk",
    "simple_call_test/audio/label_fixed_left/sr500000_xpps5000_h512_wHam/hog/C_TR_Jt4_16_06_15_043_087065.02_B3.htk",
    "simple_call_test/audio/label_fixed_left/sr500000_xpps5000_h512_wHam/hog/VS_C_TO_Jt2_16_06_26_010_min297_000009.92_VS.htk",
    "simple_call_test/audio/label_fixed_left/sr500000_xpps5000_h512_wHam/hog/B2_C_TR_Jt5_16_07_10_034_001603.11_B2.htk",
    "simple_call_test/audio/label_fixed_left/sr500000_xpps5000_h512_wHam/hog/C_TO_Jt1_16_06_20_029_468521.20_B2.htk",
    "simple_call_test/audio/label_fixed_left/sr500000_xpps5000_h512_wHam/hog/C_TO_Jt2_16_06_25_016_029739.00_B2.htk",
    "simple_call_test/audio/label_fixed_left/sr500000_xpps5000_h512_wHam/hog/C_TO_Jt2_16_06_26_010_195566.10_B2.htk",
    "simple_call_test/audio/label_fixed_left/sr500000_xpps5000_h512_wHam/hog/C_TO_Jt3_16_06_24_017_061426.06_B2.htk",
    "simple_call_test/audio/label_fixed_left/sr500000_xpps5000_h512_wHam/hog/C_TO_Jt1_16_06_20_015_045959.73_B4.htk",
    "simple_call_test/audio/label_fixed_left/sr500000_xpps5000_h512_wHam/hog/C_TR_Jt6_16_07_12_017_175631.70_B4.htk",
    "simple_call_test/audio/label_fixed_left/sr500000_xpps5000_h512_wHam/hog/C_TR_Jt5_16_06_21_008_068349.49_B3.htk",
    "simple_call_test/audio/label_fixed_left/sr500000_xpps5000_h512_wHam/hog/C_TR_Jt5_16_06_27_025_061551.00_B3.htk"
  ],
  "env": {
    "os": "Linux",
    "platform": "Linux-3.10.0-1127.19.1.el7.x86_64-x86_64-with-glibc2.10",
    "sox": "14.4.2",
    "java": [
      "openjdk version \"1.8.0_262\"",
      "OpenJDK Runtime Environment (build 1.8.0_262-b10)",
      "OpenJDK 64-Bit Server VM (build 25.262-b10, mixed mode)"
    ],
    "keras": "2.4.0",
    "tf": "2.3.1",
    "gpu": "device: 0, name: Tesla P100-PCIE-12GB, pci bus id: 0000:83:00.0, compute capability: 6.0"
  },
  "pipeline": [
    {
      "task": "AudioLoadTask",
      "props": {
        "mdb": "simple_call_test/metadata.json",
        "dataset_name": "simple_call_test",
        "source": "simple_call_test/audio"
      }
    },
    {
      "task": "ExtractLabelPartsTask",
      "props": {
        "fixed_length": true,
        "dataset_name": null,
        "padded_left": true
      }
    },
    {
      "task": "CreateSpectrogramTask",
      "props": {
        "sampling_rate": 500000,
        "x_pixels_per_sec": 5000,
        "height": 512,
        "window": "Ham"
      }
    },
    {
      "task": "ExtractHOGHWRecogTask",
      "props": {}
    },
    {
      "task": "KFoldSeparationTask",
      "props": {
        "k": 8,
        "val_bins": 1,
        "test_bins": 2,
        "n": 4
      }
    },
    {
      "task": "CreateNNModelTask",
      "props": {
        "name": "lstm_sct_left_padded_nrs0xpps5000h512_hog_100",
        "model": {
          "name": "sequential",
          "layers": [
            {
              "class_name": "InputLayer",
              "config": {
                "batch_input_shape": [
                  null,
                  null,
                  288
                ],
                "dtype": "float32",
                "sparse": false,
                "ragged": true,
                "name": "input_1"
              }
            },
            {
              "class_name": "LSTM",
              "config": {
                "name": "lstm",
                "trainable": true,
                "dtype": "float32",
                "return_sequences": true,
                "return_state": false,
                "go_backwards": false,
                "stateful": false,
                "unroll": false,
                "time_major": false,
                "units": 256,
                "activation": "tanh",
                "recurrent_activation": "sigmoid",
                "use_bias": true,
                "kernel_initializer": {
                  "class_name": "GlorotUniform",
                  "config": {
                    "seed": null
                  }
                },
                "recurrent_initializer": {
                  "class_name": "Orthogonal",
                  "config": {
                    "gain": 1.0,
                    "seed": null
                  }
                },
                "bias_initializer": {
                  "class_name": "Zeros",
                  "config": {}
                },
                "unit_forget_bias": true,
                "kernel_regularizer": null,
                "recurrent_regularizer": null,
                "bias_regularizer": null,
                "activity_regularizer": null,
                "kernel_constraint": null,
                "recurrent_constraint": null,
                "bias_constraint": null,
                "dropout": 0.0,
                "recurrent_dropout": 0.0,
                "implementation": 2
              }
            },
            {
              "class_name": "LSTM",
              "config": {
                "name": "lstm_1",
                "trainable": true,
                "dtype": "float32",
                "return_sequences": false,
                "return_state": false,
                "go_backwards": false,
                "stateful": false,
                "unroll": false,
                "time_major": false,
                "units": 256,
                "activation": "tanh",
                "recurrent_activation": "sigmoid",
                "use_bias": true,
                "kernel_initializer": {
                  "class_name": "GlorotUniform",
                  "config": {
                    "seed": null
                  }
                },
                "recurrent_initializer": {
                  "class_name": "Orthogonal",
                  "config": {
                    "gain": 1.0,
                    "seed": null
                  }
                },
                "bias_initializer": {
                  "class_name": "Zeros",
                  "config": {}
                },
                "unit_forget_bias": true,
                "kernel_regularizer": null,
                "recurrent_regularizer": null,
                "bias_regularizer": null,
                "activity_regularizer": null,
                "kernel_constraint": null,
                "recurrent_constraint": null,
                "bias_constraint": null,
                "dropout": 0.0,
                "recurrent_dropout": 0.0,