{
  "id": "nn_cnn_1d_sct_left_padded_nrs0xpps5000h512_raw_100/a4a48a493a1577b82a73d6863b7b149422ce4a68/rec/rec_349f5460811bc0a22b20c39c1c267ac222c03553_e91.report",
  "timestamp": "2020-12-21T12:39:57Z",
  "accuracy": 0.7954545454545454,
  "loss": 0.7907003891182272,
  "correct": 105,
  "incorrect": 27,
  "total": 132,
  "confusion": {
    "B2": {
      "B2": 19,
      "B3": 2,
      "B4": 1,
      "UPS": 0,
      "VS": 0,
      "VSV": 0
    },
    "B3": {
      "B3": 19,
      "B2": 2,
      "B4": 1,
      "UPS": 0,
      "VS": 0,
      "VSV": 0
    },
    "B4": {
      "B4": 15,
      "B2": 2,
      "B3": 2,
      "UPS": 0,
      "VS": 0,
      "VSV": 3
    },
    "UPS": {
      "UPS": 22,
      "B2": 0,
      "B3": 0,
      "B4": 0,
      "VS": 0,
      "VSV": 0
    },
    "VS": {
      "VS": 17,
      "B2": 0,
      "B3": 0,
      "B4": 0,
      "UPS": 0,
      "VSV": 5
    },
    "VSV": {
      "VSV": 13,
      "B2": 0,
      "B3": 0,
      "B4": 0,
      "UPS": 1,
      "VS": 8
    }
  },
  "failed": [
    "simple_call_test/audio/label_fixed_left/sr500000_xpps5000_h512_wHam/img/C_TO_Jt1_16_06_20_015_062447.76_B2.htk",
    "simple_call_test/audio/label_fixed_left/sr500000_xpps5000_h512_wHam/img/C_TO_Jt2_16_06_12_018_017885.91_B2.htk",
    "simple_call_test/audio/label_fixed_left/sr500000_xpps5000_h512_wHam/img/C_TO_Jt3_16_06_20_017_007136.74_B4.htk",
    "simple_call_test/audio/label_fixed_left/sr500000_xpps5000_h512_wHam/img/C_TO_Jt3_16_07_11_009_336885.70_B4.htk",
    "simple_call_test/audio/label_fixed_left/sr500000_xpps5000_h512_wHam/img/C_TR_Jt1_16_06_02_109_019361.16_B4.htk",
    "simple_call_test/audio/label_fixed_left/sr500000_xpps5000_h512_wHam/img/C_TR_Jt6_16_06_19_077_037837.14_B4.htk",
    "simple_call_test/audio/label_fixed_left/sr500000_xpps5000_h512_wHam/img/C_TR_Jt5_16_06_15_047_013379.50_B3.htk",
    "simple_call_test/audio/label_fixed_left/sr500000_xpps5000_h512_wHam/img/C_TR_Jt5_16_06_19_071_156089.90_B3.htk",
    "simple_call_test/audio/label_fixed_left/sr500000_xpps5000_h512_wHam/img/C_TR_Jt2_16_06_02_044_012205.56_VSV.htk",
    "simple_call_test/audio/label_fixed_left/sr500000_xpps5000_h512_wHam/img/VSV_C_TO_Jt2_16_06_20_018_min68_000106.56_VSV.htk",
    "simple_call_test/audio/label_fixed_left/sr500000_xpps5000_h512_wHam/img/VSV_C_TO_Jt2_16_07_04_023_min226_000111.51_VSV.htk",
    "simple_call_test/audio/label_fixed_left/sr500000_xpps5000_h512_wHam/img/VSV_C_TO_Jt3_16_07_11_009_min12_000013.70_VSV.htk",
    "simple_call_test/audio/label_fixed_left/sr500000_xpps5000_h512_wHam/img/VS_C_TO_Jt2_16_07_04_023_min166_000027.66_VS.htk",
    "simple_call_test/audio/label_fixed_left/sr500000_xpps5000_h512_wHam/img/VS_C_TO_Jt3_16_07_23_003_min13_000096.39_VS.htk",
    "simple_call_test/audio/label_fixed_left/sr500000_xpps5000_h512_wHam/img/VS_C_TR_Jt4_16_07_10_015_min17_000109.89_VS.htk",
    "simple_call_test/audio/label_fixed_left/sr500000_xpps5000_h512_wHam/img/VS_C_TR_Jt5_16_06_21_008_min6_000042.89_VS.htk",
    "simple_call_test/audio/label_fixed_left/sr500000_xpps5000_h512_wHam/img/C_TO_Jt2_16_06_12_018_017999.06_B2.htk",
    "simple_call_test/audio/label_fixed_left/sr500000_xpps5000_h512_wHam/img/C_TO_Jt2_16_06_20_018_047584.34_B4.htk",
    "simple_call_test/audio/label_fixed_left/sr500000_xpps5000_h512_wHam/img/C_TR_Jt1_16_06_02_109_027392.23_B4.htk",
    "simple_call_test/audio/label_fixed_left/sr500000_xpps5000_h512_wHam/img/C_TR_Jt7_16_07_07_017_102586.50_B4.htk",
    "simple_call_test/audio/label_fixed_left/sr500000_xpps5000_h512_wHam/img/C_TR_Jt5_16_06_15_047_050256.48_B3.htk",
    "simple_call_test/audio/label_fixed_left/sr500000_xpps5000_h512_wHam/img/C_TR_Jt2_16_06_02_044_012436.33_VSV.htk",
    "simple_call_test/audio/label_fixed_left/sr500000_xpps5000_h512_wHam/img/VSV_C_TO_Jt2_16_06_20_018_min68_000208.45_VSV.htk",
    "simple_call_test/audio/label_fixed_left/sr500000_xpps5000_h512_wHam/img/VSV_C_TO_Jt3_16_07_11_009_min12_000074.80_VSV.htk",
    "simple_call_test/audio/label_fixed_left/sr500000_xpps5000_h512_wHam/img/VSV_C_TR_Jt4_16_07_10_015_min31_000014.10_VSV.htk",
    "simple_call_test/audio/label_fixed_left/sr500000_xpps5000_h512_wHam/img/VSV_C_TR_Jt5_16_06_21_008_min131_000020.26_VSV.htk",
    "simple_call_test/audio/label_fixed_left/sr500000_xpps5000_h512_wHam/img/VSV_C_TO_Jt2_16_07_23_010_min64_000012.54_VS.htk"
  ],
  "env": {
    "os": "Linux",
    "platform": "Linux-3.10.0-1127.19.1.el7.x86_64-x86_64-with-glibc2.10",
    "sox": "14.4.2",
    "java": [
      "openjdk version \"1.8.0_262\"",
      "OpenJDK Runtime Environment (build 1.8.0_262-b10)",
      "OpenJDK 64-Bit Server VM (build 25.262-b10, mixed mode)"
    ],
    "keras": "2.4.0",
    "tf": "2.3.1",
    "gpu": "device: 0, name: Tesla P100-PCIE-12GB, pci bus id: 0000:83:00.0, compute capability: 6.0"
  },
  "pipeline": [
    {
      "task": "AudioLoadTask",
      "props": {
        "mdb": "simple_call_test/metadata.json",
        "dataset_name": "simple_call_test",
        "source": "simple_call_test/audio"
      }
    },
    {
      "task": "ExtractLabelPartsTask",
      "props": {
        "fixed_length": true,
        "dataset_name": null,
        "padded_left": true
      }
    },
    {
      "task": "CreateSpectrogramTask",
      "props": {
        "sampling_rate": 500000,
        "x_pixels_per_sec": 5000,
        "height": 512,
        "window": "Ham"
      }
    },
    {
      "task": "ExtractPixelsTask",
      "props": {}
    },
    {
      "task": "KFoldSeparationTask",
      "props": {
        "k": 8,
        "val_bins": 1,
        "test_bins": 2,
        "n": 3
      }
    },
    {
      "task": "CreateNNModelTask",
      "props": {
        "name": "cnn_1d_sct_left_padded_nrs0xpps5000h512_raw_100",
        "model": {
          "name": "sequential",
          "layers": [
            {
              "class_name": "InputLayer",
              "config": {
                "batch_input_shape": [
                  null,
                  1002,
                  512
                ],
                "dtype": "float32",
                "sparse": false,
                "ragged": false,
                "name": "conv1d_input"
              }
            },
            {
              "class_name": "Conv1D",
              "config": {
                "name": "conv1d",
                "trainable": true,
                "batch_input_shape": [
                  null,
                  1002,
                  512
                ],
                "dtype": "float32",
                "filters": 32,
                "kernel_size": [
                  3
                ],
                "strides": [
                  1
                ],
                "padding": "valid",
                "data_format": "channels_last",
                "dilation_rate": [
                  1
                ],
                "groups": 1,
                "activation": "relu",
                "use_bias": true,
                "kernel_initializer": {
                  "class_name": "GlorotUniform",
                  "config": {
                    "seed": null
                  }
                },
                "bias_initializer": {
                  "class_name": "Zeros",
                  "config": {}
                },
                "kernel_regularizer": null,
                "bias_regularizer": null,
                "activity_regularizer": null,
                "kernel_constraint": null,
                "bias_constraint": null
              }
            },
            {
              "class_name": "MaxPooling1D",
              "config": {
                "name": "max_pooling1d",
                "trainable": true,
                "dtype": "float32",
                "strides": [
                  2
                ],
                "pool_size": [
                  2
                ],
                "padding": "valid",
                "data_format": "channels_last"
              }
            },
            {
              "class_name": "Conv1D",