{
  "id": "nn_cnn_2d_sct_left_padded_nrs6xpps5000h512_hog_100_3d/3df2e633932c1a31119bccd21f903e06193dd1b4/rec/rec_5cef4cedb2310966065da53b6a2e51d91a2e454a_e18.report",
  "timestamp": "2020-12-21T15:09:26Z",
  "accuracy": 0.803030303030303,
  "loss": 0.606281243543853,
  "correct": 106,
  "incorrect": 26,
  "total": 132,
  "confusion": {
    "B2": {
      "B2": 15,
      "B3": 2,
      "B4": 4,
      "UPS": 0,
      "VS": 0,
      "VSV": 1
    },
    "B3": {
      "B3": 15,
      "B2": 4,
      "B4": 2,
      "UPS": 0,
      "VS": 0,
      "VSV": 1
    },
    "B4": {
      "B4": 16,
      "B2": 3,
      "B3": 3,
      "UPS": 0,
      "VS": 0,
      "VSV": 0
    },
    "UPS": {
      "UPS": 22,
      "B2": 0,
      "B3": 0,
      "B4": 0,
      "VS": 0,
      "VSV": 0
    },
    "VS": {
      "VS": 21,
      "B2": 0,
      "B3": 0,
      "B4": 0,
      "UPS": 0,
      "VSV": 1
    },
    "VSV": {
      "VSV": 17,
      "B2": 1,
      "B3": 0,
      "B4": 0,
      "UPS": 0,
      "VS": 4
    }
  },
  "failed": [
    "simple_call_test/audio/label_fixed_left/nr6/sr500000_xpps5000_h512_wHam/hog/C_TO_Jt2_16_06_12_018_018106.82_B2.htk",
    "simple_call_test/audio/label_fixed_left/nr6/sr500000_xpps5000_h512_wHam/hog/C_TO_Jt2_16_06_25_016_029739.00_B2.htk",
    "simple_call_test/audio/label_fixed_left/nr6/sr500000_xpps5000_h512_wHam/hog/C_TO_Jt3_16_07_06_006_089794.53_B4.htk",
    "simple_call_test/audio/label_fixed_left/nr6/sr500000_xpps5000_h512_wHam/hog/C_TR_Jt5_16_06_15_047_012566.78_B4.htk",
    "simple_call_test/audio/label_fixed_left/nr6/sr500000_xpps5000_h512_wHam/hog/C_TR_Jt6_16_07_12_017_175631.70_B4.htk",
    "simple_call_test/audio/label_fixed_left/nr6/sr500000_xpps5000_h512_wHam/hog/C_TR_Jt8_16_06_17_019_007138.76_B4.htk",
    "simple_call_test/audio/label_fixed_left/nr6/sr500000_xpps5000_h512_wHam/hog/C_TO_Jt3_16_06_20_017_007492.42_B3.htk",
    "simple_call_test/audio/label_fixed_left/nr6/sr500000_xpps5000_h512_wHam/hog/C_TO_Jt3_16_07_09_018_013917.09_B3.htk",
    "simple_call_test/audio/label_fixed_left/nr6/sr500000_xpps5000_h512_wHam/hog/C_TR_Jt4_16_06_19_013_011776.85_B3.htk",
    "simple_call_test/audio/label_fixed_left/nr6/sr500000_xpps5000_h512_wHam/hog/C_TR_Jt4_16_06_25_005_051849.68_B3.htk",
    "simple_call_test/audio/label_fixed_left/nr6/sr500000_xpps5000_h512_wHam/hog/C_TR_Jt5_16_06_21_008_068349.49_B3.htk",
    "simple_call_test/audio/label_fixed_left/nr6/sr500000_xpps5000_h512_wHam/hog/C_TR_Jt6_16_06_19_076_002179.48_B3.htk",
    "simple_call_test/audio/label_fixed_left/nr6/sr500000_xpps5000_h512_wHam/hog/VSV_C_TR_Jt2_16_06_02_044_000061.86_VSV.htk",
    "simple_call_test/audio/label_fixed_left/nr6/sr500000_xpps5000_h512_wHam/hog/VSV_C_TR_Jt4_16_07_10_015_min31_000080.22_VSV.htk",
    "simple_call_test/audio/label_fixed_left/nr6/sr500000_xpps5000_h512_wHam/hog/VSV_C_TR_Jt5_16_06_23_025_min110_000061.03_VSV.htk",
    "simple_call_test/audio/label_fixed_left/nr6/sr500000_xpps5000_h512_wHam/hog/VS_C_TO_Jt2_16_06_24_015_min22_000039.90_VS.htk",
    "simple_call_test/audio/label_fixed_left/nr6/sr500000_xpps5000_h512_wHam/hog/C_TO_Jt1_16_06_20_029_468395.80_B2.htk",
    "simple_call_test/audio/label_fixed_left/nr6/sr500000_xpps5000_h512_wHam/hog/C_TO_Jt2_16_06_12_018_018206.50_B2.htk",
    "simple_call_test/audio/label_fixed_left/nr6/sr500000_xpps5000_h512_wHam/hog/C_TO_Jt2_16_06_20_018_046849.37_B2.htk",
    "simple_call_test/audio/label_fixed_left/nr6/sr500000_xpps5000_h512_wHam/hog/C_TO_Jt2_16_07_04_023_185671.90_B2.htk",
    "simple_call_test/audio/label_fixed_left/nr6/sr500000_xpps5000_h512_wHam/hog/C_TO_Jt2_16_07_06_014_053632.33_B2.htk",
    "simple_call_test/audio/label_fixed_left/nr6/sr500000_xpps5000_h512_wHam/hog/C_TR_Jt1_16_06_02_109_004707.67_B4.htk",
    "simple_call_test/audio/label_fixed_left/nr6/sr500000_xpps5000_h512_wHam/hog/C_TR_Jt6_16_06_15_082_248000.30_B4.htk",
    "simple_call_test/audio/label_fixed_left/nr6/sr500000_xpps5000_h512_wHam/hog/C_TO_Jt3_16_07_11_009_298654.10_B3.htk",
    "simple_call_test/audio/label_fixed_left/nr6/sr500000_xpps5000_h512_wHam/hog/VSV_C_TR_Jt5_16_06_15_047_min42_000040.97_VSV.htk",
    "simple_call_test/audio/label_fixed_left/nr6/sr500000_xpps5000_h512_wHam/hog/VSV_C_TR_Jt5_16_07_12_021_2_min74_000017.91_VSV.htk"
  ],
  "env": {
    "os": "Linux",
    "platform": "Linux-3.10.0-1127.19.1.el7.x86_64-x86_64-with-glibc2.10",
    "sox": "14.4.2",
    "java": [
      "openjdk version \"1.8.0_262\"",
      "OpenJDK Runtime Environment (build 1.8.0_262-b10)",
      "OpenJDK 64-Bit Server VM (build 25.262-b10, mixed mode)"
    ],
    "keras": "2.4.0",
    "tf": "2.3.1",
    "gpu": "device: 0, name: Tesla P100-PCIE-12GB, pci bus id: 0000:87:00.0, compute capability: 6.0"
  },
  "pipeline": [
    {
      "task": "AudioLoadTask",
      "props": {
        "mdb": "simple_call_test/metadata.json",
        "dataset_name": "simple_call_test",
        "source": "simple_call_test/audio"
      }
    },
    {
      "task": "ExtractLabelPartsTask",
      "props": {
        "fixed_length": true,
        "dataset_name": null,
        "padded_left": true
      }
    },
    {
      "task": "NoiseReduceTask",
      "props": {
        "sensitivity": 6,
        "noise": [
          {
            "task": "AudioLoadTask",
            "props": {
              "mdb": "simple_call_test/metadata.json",
              "dataset_name": "simple_call_test",
              "source": "simple_call_test/audio"
            }
          },
          {
            "task": "SilentAudioTask",
            "props": {
              "max_length": 0.2004000000000019
            }
          },
          {
            "task": "NoiseProfileTask",
            "props": {}
          }
        ]
      }
    },
    {
      "task": "CreateSpectrogramTask",
      "props": {
        "sampling_rate": 500000,
        "x_pixels_per_sec": 5000,
        "height": 512,
        "window": "Ham"
      }
    },
    {
      "task": "ExtractHOGHWRecogTask",
      "props": {}
    },
    {
      "task": "KFoldSeparationTask",
      "props": {
        "k": 8,
        "val_bins": 1,
        "test_bins": 2,
        "n": 5
      }
    },
    {
      "task": "CreateNNModelTask",
      "props": {
        "name": "cnn_2d_sct_left_padded_nrs6xpps5000h512_hog_100_3d",
        "model": {
          "name": "sequential",
          "layers": [
            {
              "class_name": "InputLayer",
              "config": {
                "batch_input_shape": [
                  null,
                  489,
                  24,
                  12
                ],
                "dtype": "float32",
                "sparse": false,
                "ragged": false,
                "name": "conv2d_input"
              }
            },
            {
              "class_name": "Conv2D",
              "config": {
                "name": "conv2d",
                "trainable": true,
                "batch_input_shape": [
                  null,
                  489,
                  24,
                  12
                ],
                "dtype": "float32",
                "filters": 32,
                "kernel_size": [
                  3,
                  3
                ],
                "strides": [
                  1,
                  1
                ],
                "padding": "valid",
                "data_format": "channels_last",
                "dilation_rate": [
                  1,
                  1
                ],
                "groups": 1,
                "activation": "relu",
                "use_bias": true,
                "kernel_initializer": {
                  "class_name": "GlorotUniform",
                  "config": {
                    "seed": null
                  }
                },
                "bias_initializer": {
                  "class_name": "Zeros",
                  "config": {}
                },
                "kernel_regularizer": null,
                "bias_regularizer": null,