{
  "id": "nn_lstm_sct_vl_xpps4000_h256_raw_100/3256f29db8b7e552030af20e78b8e9136c5289ee/rec/rec_3a99ab64d0d72506567886befdfc4f95fc42c7e7_e28.report",
  "timestamp": "2020-12-22T00:13:52Z",
  "accuracy": 0.6363636363636364,
  "loss": 2.263776210573704,
  "correct": 84,
  "incorrect": 48,
  "total": 132,
  "confusion": {
    "B2": {
      "B2": 15,
      "B3": 3,
      "B4": 1,
      "UPS": 0,
      "VS": 2,
      "VSV": 1
    },
    "B3": {
      "B3": 7,
      "B2": 11,
      "B4": 1,
      "UPS": 1,
      "VS": 1,
      "VSV": 1
    },
    "B4": {
      "B4": 5,
      "B2": 7,
      "B3": 6,
      "UPS": 1,
      "VS": 3,
      "VSV": 0
    },
    "UPS": {
      "UPS": 22,
      "B2": 0,
      "B3": 0,
      "B4": 0,
      "VS": 0,
      "VSV": 0
    },
    "VS": {
      "VS": 19,
      "B2": 0,
      "B3": 0,
      "B4": 0,
      "UPS": 0,
      "VSV": 3
    },
    "VSV": {
      "VSV": 16,
      "B2": 0,
      "B3": 0,
      "B4": 0,
      "UPS": 0,
      "VS": 6
    }
  },
  "failed": [
    "simple_call_test/audio/label_variable/sr500000_xpps4000_h256_wHam/img/B2_C_TR_Jt5_16_07_10_034_001969.35_B2.htk",
    "simple_call_test/audio/label_variable/sr500000_xpps4000_h256_wHam/img/C_TO_Jt2_16_07_06_015_115042.50_B2.htk",
    "simple_call_test/audio/label_variable/sr500000_xpps4000_h256_wHam/img/C_TO_Jt3_16_06_18_006_072342.96_B2.htk",
    "simple_call_test/audio/label_variable/sr500000_xpps4000_h256_wHam/img/C_TO_Jt1_16_06_20_029_360101.50_B4.htk",
    "simple_call_test/audio/label_variable/sr500000_xpps4000_h256_wHam/img/C_TO_Jt3_16_07_09_018_037862.00_B4.htk",
    "simple_call_test/audio/label_variable/sr500000_xpps4000_h256_wHam/img/C_TR_Jt1_16_06_02_109_004553.61_B4.htk",
    "simple_call_test/audio/label_variable/sr500000_xpps4000_h256_wHam/img/C_TR_Jt4_16_06_11_013_161915.30_B4.htk",
    "simple_call_test/audio/label_variable/sr500000_xpps4000_h256_wHam/img/C_TR_Jt6_16_06_19_076_003228.97_B4.htk",
    "simple_call_test/audio/label_variable/sr500000_xpps4000_h256_wHam/img/C_TR_Jt7_16_06_17_023_009092.35_B4.htk",
    "simple_call_test/audio/label_variable/sr500000_xpps4000_h256_wHam/img/C_TR_Jt7_16_07_10_009_003873.68_B4.htk",
    "simple_call_test/audio/label_variable/sr500000_xpps4000_h256_wHam/img/C_TR_Jt8_16_06_17_019_007248.29_B4.htk",
    "simple_call_test/audio/label_variable/sr500000_xpps4000_h256_wHam/img/B3_C_B_Jt1_16_07_06_042_000016.84_B3.htk",
    "simple_call_test/audio/label_variable/sr500000_xpps4000_h256_wHam/img/C_TO_Jt3_16_07_11_009_297870.00_B3.htk",
    "simple_call_test/audio/label_variable/sr500000_xpps4000_h256_wHam/img/C_TR_Jt4_16_06_25_005_052088.97_B3.htk",
    "simple_call_test/audio/label_variable/sr500000_xpps4000_h256_wHam/img/C_TR_Jt5_16_06_17_024_045788.89_B3.htk",
    "simple_call_test/audio/label_variable/sr500000_xpps4000_h256_wHam/img/C_TR_Jt5_16_06_21_008_068979.69_B3.htk",
    "simple_call_test/audio/label_variable/sr500000_xpps4000_h256_wHam/img/C_TR_Jt5_16_06_27_025_062044.97_B3.htk",
    "simple_call_test/audio/label_variable/sr500000_xpps4000_h256_wHam/img/C_TR_Jt6_16_06_15_016_038633.63_B3.htk",
    "simple_call_test/audio/label_variable/sr500000_xpps4000_h256_wHam/img/VSV_C_TO_Jt3_16_06_24_017_min23_000024.29_VSV.htk",
    "simple_call_test/audio/label_variable/sr500000_xpps4000_h256_wHam/img/VSV_C_TO_Jt3_16_07_06_006_min199_000185.29_VSV.htk",
    "simple_call_test/audio/label_variable/sr500000_xpps4000_h256_wHam/img/VSV_C_TO_Jt3_16_07_11_009_min188_000024.48_VSV.htk",
    "simple_call_test/audio/label_variable/sr500000_xpps4000_h256_wHam/img/VS_C_TR_Jt5_16_06_19_071_min62_000258.06_VS.htk",
    "simple_call_test/audio/label_variable/sr500000_xpps4000_h256_wHam/img/C_TO_Jt1_16_06_20_029_475471.50_B2.htk",
    "simple_call_test/audio/label_variable/sr500000_xpps4000_h256_wHam/img/C_TO_Jt2_16_06_20_018_047188.79_B2.htk",
    "simple_call_test/audio/label_variable/sr500000_xpps4000_h256_wHam/img/C_TO_Jt2_16_06_26_010_148460.60_B2.htk",
    "simple_call_test/audio/label_variable/sr500000_xpps4000_h256_wHam/img/C_TO_Jt3_16_06_20_017_007321.50_B2.htk",
    "simple_call_test/audio/label_variable/sr500000_xpps4000_h256_wHam/img/C_TO_Jt1_16_06_20_029_360305.30_B4.htk",
    "simple_call_test/audio/label_variable/sr500000_xpps4000_h256_wHam/img/C_TO_Jt2_16_06_25_016_015005.03_B4.htk",
    "simple_call_test/audio/label_variable/sr500000_xpps4000_h256_wHam/img/C_TO_Jt3_16_07_09_018_037976.91_B4.htk",
    "simple_call_test/audio/label_variable/sr500000_xpps4000_h256_wHam/img/C_TR_Jt1_16_06_02_109_017181.54_B4.htk",
    "simple_call_test/audio/label_variable/sr500000_xpps4000_h256_wHam/img/C_TR_Jt1_16_06_02_109_032500.79_B4.htk",
    "simple_call_test/audio/label_variable/sr500000_xpps4000_h256_wHam/img/C_TR_Jt4_16_06_19_013_011958.39_B4.htk",
    "simple_call_test/audio/label_variable/sr500000_xpps4000_h256_wHam/img/C_TR_Jt6_16_06_19_076_002539.58_B4.htk",
    "simple_call_test/audio/label_variable/sr500000_xpps4000_h256_wHam/img/C_TR_Jt7_16_06_17_023_009188.70_B4.htk",
    "simple_call_test/audio/label_variable/sr500000_xpps4000_h256_wHam/img/C_TR_Jt7_16_07_10_009_014775.79_B4.htk",
    "simple_call_test/audio/label_variable/sr500000_xpps4000_h256_wHam/img/C_TO_Jt2_16_06_26_010_081345.62_B3.htk",
    "simple_call_test/audio/label_variable/sr500000_xpps4000_h256_wHam/img/C_TO_Jt2_16_07_06_015_122199.60_B3.htk",
    "simple_call_test/audio/label_variable/sr500000_xpps4000_h256_wHam/img/C_TO_Jt3_16_06_20_017_012145.27_B3.htk",
    "simple_call_test/audio/label_variable/sr500000_xpps4000_h256_wHam/img/C_TO_Jt3_16_07_11_009_303962.00_B3.htk",
    "simple_call_test/audio/label_variable/sr500000_xpps4000_h256_wHam/img/C_TR_Jt4_16_06_19_013_026371.15_B3.htk",
    "simple_call_test/audio/label_variable/sr500000_xpps4000_h256_wHam/img/C_TR_Jt5_16_06_19_071_116232.30_B3.htk",
    "simple_call_test/audio/label_variable/sr500000_xpps4000_h256_wHam/img/C_TR_Jt5_16_07_12_021_2_253061.60_B3.htk",
    "simple_call_test/audio/label_variable/sr500000_xpps4000_h256_wHam/img/C_TR_Jt6_16_06_19_035_012978.15_B3.htk",
    "simple_call_test/audio/label_variable/sr500000_xpps4000_h256_wHam/img/VSV_C_TO_Jt2_16_06_26_009_000516.83_VSV.htk",
    "simple_call_test/audio/label_variable/sr500000_xpps4000_h256_wHam/img/VSV_C_TO_Jt3_16_07_06_006_min66_000075.92_VSV.htk",
    "simple_call_test/audio/label_variable/sr500000_xpps4000_h256_wHam/img/VSV_C_TO_Jt3_16_07_11_009_min188_000102.46_VSV.htk",
    "simple_call_test/audio/label_variable/sr500000_xpps4000_h256_wHam/img/VS_C_TO_Jt3_16_07_11_009_min16_000067.95_VS.htk",
    "simple_call_test/audio/label_variable/sr500000_xpps4000_h256_wHam/img/VS_C_TR_Jt5_16_06_19_071_min62_000327.62_VS.htk"
  ],
  "env": {
    "os": "Linux",
    "platform": "Linux-3.10.0-1127.19.1.el7.x86_64-x86_64-with-glibc2.10",
    "sox": "14.4.2",
    "java": [
      "openjdk version \"1.8.0_262\"",
      "OpenJDK Runtime Environment (build 1.8.0_262-b10)",
      "OpenJDK 64-Bit Server VM (build 25.262-b10, mixed mode)"
    ],
    "keras": "2.4.0",
    "tf": "2.3.1",
    "gpu": "device: 0, name: Tesla P100-PCIE-12GB, pci bus id: 0000:83:00.0, compute capability: 6.0"
  },
  "pipeline": [
    {
      "task": "AudioLoadTask",
      "props": {
        "mdb": "simple_call_test/metadata.json",
        "dataset_name": "simple_call_test",
        "source": "simple_call_test/audio"
      }
    },
    {
      "task": "ExtractLabelPartsTask",
      "props": {
        "fixed_length": false,
        "dataset_name": null,
        "padded_left": false
      }
    },
    {
      "task": "CreateSpectrogramTask",
      "props": {
        "sampling_rate": 500000,
        "x_pixels_per_sec": 4000,
        "height": 256,
        "window": "Ham"
      }
    },
    {
      "task": "ExtractPixelsTask",
      "props": {}
    },
    {
      "task": "KFoldSeparationTask",
      "props": {
        "k": 8,
        "val_bins": 1,
        "test_bins": 2,
        "n": 7
      }
    },
    {
      "task": "CreateNNModelTask",