{
  "id": "nn_lstm_sct_left_padded_nrs0xpps5000h512_hog_100/78112eb7319b25ba0d3d767a69251f09ef2f426a/rec/rec_1d95f7cf3a23313c32c6b130aa6dae08bae061ae_e36.report",
  "timestamp": "2020-12-21T13:39:39Z",
  "accuracy": 0.8863636363636364,
  "loss": 0.345167375114794,
  "correct": 117,
  "incorrect": 15,
  "total": 132,
  "confusion": {
    "B2": {
      "B2": 13,
      "B3": 0,
      "B4": 5,
      "UPS": 3,
      "VS": 1,
      "VSV": 0
    },
    "B3": {
      "B3": 20,
      "B2": 1,
      "B4": 1,
      "UPS": 0,
      "VS": 0,
      "VSV": 0
    },
    "B4": {
      "B4": 20,
      "B2": 1,
      "B3": 1,
      "UPS": 0,
      "VS": 0,
      "VSV": 0
    },
    "UPS": {
      "UPS": 22,
      "B2": 0,
      "B3": 0,
      "B4": 0,
      "VS": 0,
      "VSV": 0
    },
    "VS": {
      "VS": 20,
      "B2": 1,
      "B3": 0,
      "B4": 0,
      "UPS": 0,
      "VSV": 1
    },
    "VSV": {
      "VSV": 22,
      "B2": 0,
      "B3": 0,
      "B4": 0,
      "UPS": 0,
      "VS": 0
    }
  },
  "failed": [
    "simple_call_test/audio/label_fixed_left/sr500000_xpps5000_h512_wHam/hog/C_TO_Jt1_16_06_20_015_062447.76_B2.htk",
    "simple_call_test/audio/label_fixed_left/sr500000_xpps5000_h512_wHam/hog/C_TO_Jt2_16_06_12_018_017885.91_B2.htk",
    "simple_call_test/audio/label_fixed_left/sr500000_xpps5000_h512_wHam/hog/C_TO_Jt2_16_06_24_015_041349.09_B2.htk",
    "simple_call_test/audio/label_fixed_left/sr500000_xpps5000_h512_wHam/hog/C_TO_Jt2_16_07_04_023_207918.90_B2.htk",
    "simple_call_test/audio/label_fixed_left/sr500000_xpps5000_h512_wHam/hog/C_TR_Jt8_16_07_07_020_066614.52_B4.htk",
    "simple_call_test/audio/label_fixed_left/sr500000_xpps5000_h512_wHam/hog/C_TR_Jt5_16_06_15_047_013379.50_B3.htk",
    "simple_call_test/audio/label_fixed_left/sr500000_xpps5000_h512_wHam/hog/C_TR_Jt5_16_06_19_071_156089.90_B3.htk",
    "simple_call_test/audio/label_fixed_left/sr500000_xpps5000_h512_wHam/hog/C_TO_Jt1_16_06_20_029_360627.40_B2.htk",
    "simple_call_test/audio/label_fixed_left/sr500000_xpps5000_h512_wHam/hog/C_TO_Jt2_16_06_12_018_017999.06_B2.htk",
    "simple_call_test/audio/label_fixed_left/sr500000_xpps5000_h512_wHam/hog/C_TO_Jt2_16_06_18_005_027233.91_B2.htk",
    "simple_call_test/audio/label_fixed_left/sr500000_xpps5000_h512_wHam/hog/C_TO_Jt2_16_06_24_015_052657.36_B2.htk",
    "simple_call_test/audio/label_fixed_left/sr500000_xpps5000_h512_wHam/hog/C_TO_Jt3_16_06_18_006_042024.30_B2.htk",
    "simple_call_test/audio/label_fixed_left/sr500000_xpps5000_h512_wHam/hog/C_TR_Jt1_16_06_02_109_027392.23_B4.htk",
    "simple_call_test/audio/label_fixed_left/sr500000_xpps5000_h512_wHam/hog/VS_C_TO_Jt2_16_06_26_010_min297_000009.92_VS.htk",
    "simple_call_test/audio/label_fixed_left/sr500000_xpps5000_h512_wHam/hog/VS_C_TR_Jt5_16_06_19_071_min62_000028.43_VS.htk"
  ],
  "env": {
    "os": "Linux",
    "platform": "Linux-3.10.0-1127.19.1.el7.x86_64-x86_64-with-glibc2.10",
    "sox": "14.4.2",
    "java": [
      "openjdk version \"1.8.0_262\"",
      "OpenJDK Runtime Environment (build 1.8.0_262-b10)",
      "OpenJDK 64-Bit Server VM (build 25.262-b10, mixed mode)"
    ],
    "keras": "2.4.0",
    "tf": "2.3.1",
    "gpu": "device: 0, name: Tesla P100-PCIE-12GB, pci bus id: 0000:83:00.0, compute capability: 6.0"
  },
  "pipeline": [
    {
      "task": "AudioLoadTask",
      "props": {
        "mdb": "simple_call_test/metadata.json",
        "dataset_name": "simple_call_test",
        "source": "simple_call_test/audio"
      }
    },
    {
      "task": "ExtractLabelPartsTask",
      "props": {
        "fixed_length": true,
        "dataset_name": null,
        "padded_left": true
      }
    },
    {
      "task": "CreateSpectrogramTask",
      "props": {
        "sampling_rate": 500000,
        "x_pixels_per_sec": 5000,
        "height": 512,
        "window": "Ham"
      }
    },
    {
      "task": "ExtractHOGHWRecogTask",
      "props": {}
    },
    {
      "task": "KFoldSeparationTask",
      "props": {
        "k": 8,
        "val_bins": 1,
        "test_bins": 2,
        "n": 3
      }
    },
    {
      "task": "CreateNNModelTask",
      "props": {
        "name": "lstm_sct_left_padded_nrs0xpps5000h512_hog_100",
        "model": {
          "name": "sequential",
          "layers": [
            {
              "class_name": "InputLayer",
              "config": {
                "batch_input_shape": [
                  null,
                  null,
                  288
                ],
                "dtype": "float32",
                "sparse": false,
                "ragged": true,
                "name": "input_1"
              }
            },
            {
              "class_name": "LSTM",
              "config": {
                "name": "lstm",
                "trainable": true,
                "dtype": "float32",
                "return_sequences": true,
                "return_state": false,
                "go_backwards": false,
                "stateful": false,
                "unroll": false,
                "time_major": false,
                "units": 256,
                "activation": "tanh",
                "recurrent_activation": "sigmoid",
                "use_bias": true,
                "kernel_initializer": {
                  "class_name": "GlorotUniform",
                  "config": {
                    "seed": null
                  }
                },
                "recurrent_initializer": {
                  "class_name": "Orthogonal",
                  "config": {
                    "gain": 1.0,
                    "seed": null
                  }
                },
                "bias_initializer": {
                  "class_name": "Zeros",
                  "config": {}
                },
                "unit_forget_bias": true,
                "kernel_regularizer": null,
                "recurrent_regularizer": null,
                "bias_regularizer": null,
                "activity_regularizer": null,
                "kernel_constraint": null,
                "recurrent_constraint": null,
                "bias_constraint": null,
                "dropout": 0.0,
                "recurrent_dropout": 0.0,
                "implementation": 2
              }
            },
            {
              "class_name": "LSTM",
              "config": {
                "name": "lstm_1",
                "trainable": true,
                "dtype": "float32",
                "return_sequences": false,
                "return_state": false,
                "go_backwards": false,
                "stateful": false,
                "unroll": false,
                "time_major": false,
                "units": 256,
                "activation": "tanh",
                "recurrent_activation": "sigmoid",
                "use_bias": true,
                "kernel_initializer": {
                  "class_name": "GlorotUniform",
                  "config": {
                    "seed": null
                  }
                },
                "recurrent_initializer": {
                  "class_name": "Orthogonal",
                  "config": {
                    "gain": 1.0,
                    "seed": null
                  }
                },
                "bias_initializer": {
                  "class_name": "Zeros",
                  "config": {}
                },
                "unit_forget_bias": true,
                "kernel_regularizer": null,
                "recurrent_regularizer": null,
                "bias_regularizer": null,
                "activity_regularizer": null,
                "kernel_constraint": null,
                "recurrent_constraint": null,
                "bias_constraint": null,
                "dropout": 0.0,
                "recurrent_dropout": 0.0,
                "implementation": 2
              }
            },
            {
              "class_name": "Dense",
              "config": {
                "name": "dense",
                "trainable": true,