{
  "id": "nn_lstm_sct_left_padded_nrs0xpps5000h512_raw_100/718b61b8f8318b4687facde6c61b244c54bacde6/rec/rec_fb754dd9a0dd384ca49fa140068e608e1674ed9f_e22.report",
  "timestamp": "2020-12-21T03:00:55Z",
  "accuracy": 0.6515151515151515,
  "loss": 1.5150700711409986,
  "correct": 86,
  "incorrect": 46,
  "total": 132,
  "confusion": {
    "B2": {
      "B2": 16,
      "B3": 4,
      "B4": 1,
      "UPS": 0,
      "VS": 0,
      "VSV": 1
    },
    "B3": {
      "B3": 10,
      "B2": 7,
      "B4": 2,
      "UPS": 2,
      "VS": 1,
      "VSV": 0
    },
    "B4": {
      "B4": 8,
      "B2": 12,
      "B3": 1,
      "UPS": 0,
      "VS": 1,
      "VSV": 0
    },
    "UPS": {
      "UPS": 22,
      "B2": 0,
      "B3": 0,
      "B4": 0,
      "VS": 0,
      "VSV": 0
    },
    "VS": {
      "VS": 13,
      "B2": 2,
      "B3": 0,
      "B4": 0,
      "UPS": 0,
      "VSV": 7
    },
    "VSV": {
      "VSV": 17,
      "B2": 1,
      "B3": 1,
      "B4": 0,
      "UPS": 0,
      "VS": 3
    }
  },
  "failed": [
    "simple_call_test/audio/label_fixed_left/sr500000_xpps5000_h512_wHam/img/C_TO_Jt2_16_06_12_018_018106.82_B2.htk",
    "simple_call_test/audio/label_fixed_left/sr500000_xpps5000_h512_wHam/img/C_TO_Jt2_16_06_12_018_193791.20_B2.htk",
    "simple_call_test/audio/label_fixed_left/sr500000_xpps5000_h512_wHam/img/C_TO_Jt1_16_06_20_015_045959.73_B4.htk",
    "simple_call_test/audio/label_fixed_left/sr500000_xpps5000_h512_wHam/img/C_TO_Jt2_16_06_20_018_050948.28_B4.htk",
    "simple_call_test/audio/label_fixed_left/sr500000_xpps5000_h512_wHam/img/C_TO_Jt3_16_07_06_006_089794.53_B4.htk",
    "simple_call_test/audio/label_fixed_left/sr500000_xpps5000_h512_wHam/img/C_TR_Jt1_16_06_02_109_031574.46_B4.htk",
    "simple_call_test/audio/label_fixed_left/sr500000_xpps5000_h512_wHam/img/C_TR_Jt5_16_06_15_047_012566.78_B4.htk",
    "simple_call_test/audio/label_fixed_left/sr500000_xpps5000_h512_wHam/img/C_TR_Jt6_16_07_12_017_175631.70_B4.htk",
    "simple_call_test/audio/label_fixed_left/sr500000_xpps5000_h512_wHam/img/C_TR_Jt7_16_07_07_017_102207.50_B4.htk",
    "simple_call_test/audio/label_fixed_left/sr500000_xpps5000_h512_wHam/img/C_TR_Jt8_16_07_12_063_076748.57_B4.htk",
    "simple_call_test/audio/label_fixed_left/sr500000_xpps5000_h512_wHam/img/C_TR_Jt3_16_06_16_013_067187.20_B3.htk",
    "simple_call_test/audio/label_fixed_left/sr500000_xpps5000_h512_wHam/img/C_TR_Jt4_16_06_19_013_011776.85_B3.htk",
    "simple_call_test/audio/label_fixed_left/sr500000_xpps5000_h512_wHam/img/C_TR_Jt4_16_06_25_005_051849.68_B3.htk",
    "simple_call_test/audio/label_fixed_left/sr500000_xpps5000_h512_wHam/img/C_TR_Jt5_16_06_21_008_068349.49_B3.htk",
    "simple_call_test/audio/label_fixed_left/sr500000_xpps5000_h512_wHam/img/C_TR_Jt6_16_06_19_076_002179.48_B3.htk",
    "simple_call_test/audio/label_fixed_left/sr500000_xpps5000_h512_wHam/img/VSV_C_TO_Jt3_16_06_24_017_min2_000103.78_VSV.htk",
    "simple_call_test/audio/label_fixed_left/sr500000_xpps5000_h512_wHam/img/VSV_C_TR_Jt5_16_06_23_025_min110_000061.03_VSV.htk",
    "simple_call_test/audio/label_fixed_left/sr500000_xpps5000_h512_wHam/img/VS_C_TO_Jt2_16_06_24_015_min22_000039.90_VS.htk",
    "simple_call_test/audio/label_fixed_left/sr500000_xpps5000_h512_wHam/img/VS_C_TO_Jt2_16_07_06_015_min152_000290.44_VS.htk",
    "simple_call_test/audio/label_fixed_left/sr500000_xpps5000_h512_wHam/img/VS_C_TO_Jt3_16_06_18_006_min13_000193.73_VS.htk",
    "simple_call_test/audio/label_fixed_left/sr500000_xpps5000_h512_wHam/img/VS_C_TR_Jt5_16_06_17_024_min77_000032.05_VS.htk",
    "simple_call_test/audio/label_fixed_left/sr500000_xpps5000_h512_wHam/img/VS_C_TR_Jt5_16_06_19_071_min62_000114.44_VS.htk",
    "simple_call_test/audio/label_fixed_left/sr500000_xpps5000_h512_wHam/img/VS_C_TR_Jt5_16_07_12_021_2_min98_000107.48_VS.htk",
    "simple_call_test/audio/label_fixed_left/sr500000_xpps5000_h512_wHam/img/B2_C_TR_Jt5_16_07_10_034_000707.77_B2.htk",
    "simple_call_test/audio/label_fixed_left/sr500000_xpps5000_h512_wHam/img/B2_C_TR_Jt5_16_07_10_034_001791.27_B2.htk",
    "simple_call_test/audio/label_fixed_left/sr500000_xpps5000_h512_wHam/img/C_TO_Jt1_16_06_20_029_468395.80_B2.htk",
    "simple_call_test/audio/label_fixed_left/sr500000_xpps5000_h512_wHam/img/C_TO_Jt2_16_07_06_014_053632.33_B2.htk",
    "simple_call_test/audio/label_fixed_left/sr500000_xpps5000_h512_wHam/img/C_TO_Jt2_16_06_20_018_051073.91_B4.htk",
    "simple_call_test/audio/label_fixed_left/sr500000_xpps5000_h512_wHam/img/C_TO_Jt3_16_07_09_018_037687.37_B4.htk",
    "simple_call_test/audio/label_fixed_left/sr500000_xpps5000_h512_wHam/img/C_TR_Jt1_16_06_02_109_032029.08_B4.htk",
    "simple_call_test/audio/label_fixed_left/sr500000_xpps5000_h512_wHam/img/C_TR_Jt6_16_06_15_082_248000.30_B4.htk",
    "simple_call_test/audio/label_fixed_left/sr500000_xpps5000_h512_wHam/img/C_TR_Jt6_16_07_12_017_175833.90_B4.htk",
    "simple_call_test/audio/label_fixed_left/sr500000_xpps5000_h512_wHam/img/C_TR_Jt7_16_07_07_017_102451.50_B4.htk",
    "simple_call_test/audio/label_fixed_left/sr500000_xpps5000_h512_wHam/img/C_TO_Jt2_16_07_04_023_114745.10_B3.htk",
    "simple_call_test/audio/label_fixed_left/sr500000_xpps5000_h512_wHam/img/C_TO_Jt3_16_06_20_017_006909.42_B3.htk",
    "simple_call_test/audio/label_fixed_left/sr500000_xpps5000_h512_wHam/img/C_TR_Jt3_16_06_16_013_067373.37_B3.htk",
    "simple_call_test/audio/label_fixed_left/sr500000_xpps5000_h512_wHam/img/C_TR_Jt4_16_06_19_013_012027.60_B3.htk",
    "simple_call_test/audio/label_fixed_left/sr500000_xpps5000_h512_wHam/img/C_TR_Jt5_16_06_17_024_053802.14_B3.htk",
    "simple_call_test/audio/label_fixed_left/sr500000_xpps5000_h512_wHam/img/C_TR_Jt5_16_06_21_008_068217.85_B3.htk",
    "simple_call_test/audio/label_fixed_left/sr500000_xpps5000_h512_wHam/img/C_TR_Jt5_16_06_27_025_061924.92_B3.htk",
    "simple_call_test/audio/label_fixed_left/sr500000_xpps5000_h512_wHam/img/VSV_C_TO_Jt3_16_06_24_017_min2_000033.86_VSV.htk",
    "simple_call_test/audio/label_fixed_left/sr500000_xpps5000_h512_wHam/img/VSV_C_TR_Jt5_16_06_15_047_min42_000040.97_VSV.htk",
    "simple_call_test/audio/label_fixed_left/sr500000_xpps5000_h512_wHam/img/VSV_C_TR_Jt5_16_07_12_021_2_min74_000017.91_VSV.htk",
    "simple_call_test/audio/label_fixed_left/sr500000_xpps5000_h512_wHam/img/VS_C_B_Jto_16_07_04_035_000208.88_VS.htk",
    "simple_call_test/audio/label_fixed_left/sr500000_xpps5000_h512_wHam/img/VS_C_TR_Jt5_16_06_19_071_min62_000187.00_VS.htk",
    "simple_call_test/audio/label_fixed_left/sr500000_xpps5000_h512_wHam/img/VS_C_TR_Jt5_16_07_12_021_2_min98_000202.93_VS.htk"
  ],
  "env": {
    "os": "Linux",
    "platform": "Linux-3.10.0-1127.19.1.el7.x86_64-x86_64-with-glibc2.10",
    "sox": "14.4.2",
    "java": [
      "openjdk version \"1.8.0_262\"",
      "OpenJDK Runtime Environment (build 1.8.0_262-b10)",
      "OpenJDK 64-Bit Server VM (build 25.262-b10, mixed mode)"
    ],
    "keras": "2.4.0",
    "tf": "2.3.1",
    "gpu": "device: 0, name: Tesla P100-PCIE-12GB, pci bus id: 0000:83:00.0, compute capability: 6.0"
  },
  "pipeline": [
    {
      "task": "AudioLoadTask",
      "props": {
        "mdb": "simple_call_test/metadata.json",
        "dataset_name": "simple_call_test",
        "source": "simple_call_test/audio"
      }
    },
    {
      "task": "ExtractLabelPartsTask",
      "props": {
        "fixed_length": true,
        "dataset_name": null,
        "padded_left": true
      }
    },
    {
      "task": "CreateSpectrogramTask",
      "props": {
        "sampling_rate": 500000,
        "x_pixels_per_sec": 5000,
        "height": 512,
        "window": "Ham"
      }
    },
    {
      "task": "ExtractPixelsTask",
      "props": {}
    },
    {
      "task": "KFoldSeparationTask",
      "props": {
        "k": 8,
        "val_bins": 1,
        "test_bins": 2,
        "n": 5
      }
    },
    {
      "task": "CreateNNModelTask",
      "props": {
        "name": "lstm_sct_left_padded_nrs0xpps5000h512_raw_100",