{
  "id": "nn_lstm_sct_vl_xpps4000_h256_raw_100/3fb79496e8682864861a24597d1e68fe6c994a29/rec/rec_bd9c198575e6f2f768e6207a3110a2093364c5f6_e25.report",
  "timestamp": "2020-12-22T00:13:51Z",
  "accuracy": 0.6439393939393939,
  "loss": 1.7082408546128087,
  "correct": 85,
  "incorrect": 47,
  "total": 132,
  "confusion": {
    "B2": {
      "B2": 6,
      "B3": 7,
      "B4": 5,
      "UPS": 0,
      "VS": 3,
      "VSV": 1
    },
    "B3": {
      "B3": 16,
      "B2": 2,
      "B4": 0,
      "UPS": 2,
      "VS": 1,
      "VSV": 1
    },
    "B4": {
      "B4": 12,
      "B2": 1,
      "B3": 8,
      "UPS": 0,
      "VS": 0,
      "VSV": 1
    },
    "UPS": {
      "UPS": 22,
      "B2": 0,
      "B3": 0,
      "B4": 0,
      "VS": 0,
      "VSV": 0
    },
    "VS": {
      "VS": 17,
      "B2": 1,
      "B3": 0,
      "B4": 2,
      "UPS": 0,
      "VSV": 2
    },
    "VSV": {
      "VSV": 12,
      "B2": 0,
      "B3": 0,
      "B4": 0,
      "UPS": 0,
      "VS": 10
    }
  },
  "failed": [
    "simple_call_test/audio/label_variable/sr500000_xpps4000_h256_wHam/img/B2_C_TR_Jt5_16_07_10_034_001053.17_B2.htk",
    "simple_call_test/audio/label_variable/sr500000_xpps4000_h256_wHam/img/C_TO_Jt1_16_06_20_015_062571.36_B2.htk",
    "simple_call_test/audio/label_variable/sr500000_xpps4000_h256_wHam/img/C_TO_Jt1_16_06_20_029_475729.90_B2.htk",
    "simple_call_test/audio/label_variable/sr500000_xpps4000_h256_wHam/img/C_TO_Jt2_16_06_12_018_048697.67_B2.htk",
    "simple_call_test/audio/label_variable/sr500000_xpps4000_h256_wHam/img/C_TO_Jt2_16_06_24_015_041236.45_B2.htk",
    "simple_call_test/audio/label_variable/sr500000_xpps4000_h256_wHam/img/C_TO_Jt2_16_06_26_010_148854.70_B2.htk",
    "simple_call_test/audio/label_variable/sr500000_xpps4000_h256_wHam/img/C_TO_Jt2_16_07_04_023_208173.20_B2.htk",
    "simple_call_test/audio/label_variable/sr500000_xpps4000_h256_wHam/img/C_TO_Jt3_16_06_18_006_041029.17_B2.htk",
    "simple_call_test/audio/label_variable/sr500000_xpps4000_h256_wHam/img/C_TO_Jt3_16_06_20_017_011057.44_B2.htk",
    "simple_call_test/audio/label_variable/sr500000_xpps4000_h256_wHam/img/C_TO_Jt2_16_06_20_018_047295.33_B4.htk",
    "simple_call_test/audio/label_variable/sr500000_xpps4000_h256_wHam/img/C_TO_Jt3_16_07_11_009_267964.30_B4.htk",
    "simple_call_test/audio/label_variable/sr500000_xpps4000_h256_wHam/img/C_TR_Jt1_16_06_02_109_019244.31_B4.htk",
    "simple_call_test/audio/label_variable/sr500000_xpps4000_h256_wHam/img/C_TR_Jt4_16_06_19_013_012210.09_B4.htk",
    "simple_call_test/audio/label_variable/sr500000_xpps4000_h256_wHam/img/C_TR_Jt8_16_07_07_020_066105.41_B4.htk",
    "simple_call_test/audio/label_variable/sr500000_xpps4000_h256_wHam/img/C_TR_Jt4_16_06_23_057_154843.80_B3.htk",
    "simple_call_test/audio/label_variable/sr500000_xpps4000_h256_wHam/img/C_TR_Jt5_16_06_23_025_082606.90_B3.htk",
    "simple_call_test/audio/label_variable/sr500000_xpps4000_h256_wHam/img/C_TR_Jt2_16_06_02_044_011848.11_VSV.htk",
    "simple_call_test/audio/label_variable/sr500000_xpps4000_h256_wHam/img/VSV_C_TO_Jt2_16_06_12_018_min165_000163.19_VSV.htk",
    "simple_call_test/audio/label_variable/sr500000_xpps4000_h256_wHam/img/VSV_C_TO_Jt2_16_06_20_018_min68_000022.64_VSV.htk",
    "simple_call_test/audio/label_variable/sr500000_xpps4000_h256_wHam/img/VSV_C_TO_Jt3_16_07_04_021_min83_000035.64_VSV.htk",
    "simple_call_test/audio/label_variable/sr500000_xpps4000_h256_wHam/img/VSV_C_TO_Jt3_16_07_11_008_min59_000092.38_VSV.htk",
    "simple_call_test/audio/label_variable/sr500000_xpps4000_h256_wHam/img/VSV_C_TR_Jt5_16_06_21_008_min127_000040.93_VSV.htk",
    "simple_call_test/audio/label_variable/sr500000_xpps4000_h256_wHam/img/VS_C_TO_Jt2_16_06_26_010_000332.91_VS.htk",
    "simple_call_test/audio/label_variable/sr500000_xpps4000_h256_wHam/img/VS_C_TO_Jt2_16_06_26_010_min92_000543.09_VS.htk",
    "simple_call_test/audio/label_variable/sr500000_xpps4000_h256_wHam/img/VS_C_TO_Jt3_16_06_18_006_min1_000052.91_VS.htk",
    "simple_call_test/audio/label_variable/sr500000_xpps4000_h256_wHam/img/B2_C_TR_Jt2_16_06_02_044_000306.76_B2.htk",
    "simple_call_test/audio/label_variable/sr500000_xpps4000_h256_wHam/img/B2_C_TR_Jt5_16_07_10_034_001226.77_B2.htk",
    "simple_call_test/audio/label_variable/sr500000_xpps4000_h256_wHam/img/C_TO_Jt2_16_06_12_018_017885.91_B2.htk",
    "simple_call_test/audio/label_variable/sr500000_xpps4000_h256_wHam/img/C_TO_Jt2_16_06_12_018_048834.57_B2.htk",
    "simple_call_test/audio/label_variable/sr500000_xpps4000_h256_wHam/img/C_TO_Jt2_16_06_26_010_194692.10_B2.htk",
    "simple_call_test/audio/label_variable/sr500000_xpps4000_h256_wHam/img/C_TO_Jt2_16_07_04_023_207918.90_B2.htk",
    "simple_call_test/audio/label_variable/sr500000_xpps4000_h256_wHam/img/C_TO_Jt3_16_06_20_017_011470.47_B2.htk",
    "simple_call_test/audio/label_variable/sr500000_xpps4000_h256_wHam/img/C_TO_Jt3_16_06_20_017_007136.74_B4.htk",
    "simple_call_test/audio/label_variable/sr500000_xpps4000_h256_wHam/img/C_TR_Jt1_16_06_02_109_019361.16_B4.htk",
    "simple_call_test/audio/label_variable/sr500000_xpps4000_h256_wHam/img/C_TR_Jt4_16_06_23_057_205685.70_B4.htk",
    "simple_call_test/audio/label_variable/sr500000_xpps4000_h256_wHam/img/C_TR_Jt7_16_07_12_020_153369.70_B4.htk",
    "simple_call_test/audio/label_variable/sr500000_xpps4000_h256_wHam/img/C_TR_Jt8_16_07_07_020_066614.52_B4.htk",
    "simple_call_test/audio/label_variable/sr500000_xpps4000_h256_wHam/img/C_TO_Jt3_16_06_18_007_001985.61_B3.htk",
    "simple_call_test/audio/label_variable/sr500000_xpps4000_h256_wHam/img/C_TO_Jt3_16_07_06_006_225073.80_B3.htk",
    "simple_call_test/audio/label_variable/sr500000_xpps4000_h256_wHam/img/C_TR_Jt1_16_06_07_058_086450.62_B3.htk",
    "simple_call_test/audio/label_variable/sr500000_xpps4000_h256_wHam/img/C_TR_Jt4_16_06_23_057_154986.30_B3.htk",
    "simple_call_test/audio/label_variable/sr500000_xpps4000_h256_wHam/img/C_TR_Jt2_16_06_02_044_012205.56_VSV.htk",
    "simple_call_test/audio/label_variable/sr500000_xpps4000_h256_wHam/img/VSV_C_TO_Jt2_16_06_20_018_min68_000106.56_VSV.htk",
    "simple_call_test/audio/label_variable/sr500000_xpps4000_h256_wHam/img/VSV_C_TO_Jt2_16_07_04_023_min226_000111.51_VSV.htk",
    "simple_call_test/audio/label_variable/sr500000_xpps4000_h256_wHam/img/VSV_C_TO_Jt3_16_07_06_006_min109_000021.76_VSV.htk",
    "simple_call_test/audio/label_variable/sr500000_xpps4000_h256_wHam/img/VSV_C_TO_Jt2_16_07_23_010_min64_000249.08_VS.htk",
    "simple_call_test/audio/label_variable/sr500000_xpps4000_h256_wHam/img/VS_C_TO_Jt2_16_06_12_018_min15_000180.86_VS.htk"
  ],
  "env": {
    "os": "Linux",
    "platform": "Linux-3.10.0-1127.19.1.el7.x86_64-x86_64-with-glibc2.10",
    "sox": "14.4.2",
    "java": [
      "openjdk version \"1.8.0_262\"",
      "OpenJDK Runtime Environment (build 1.8.0_262-b10)",
      "OpenJDK 64-Bit Server VM (build 25.262-b10, mixed mode)"
    ],
    "keras": "2.4.0",
    "tf": "2.3.1",
    "gpu": "device: 0, name: Tesla P100-PCIE-12GB, pci bus id: 0000:83:00.0, compute capability: 6.0"
  },
  "pipeline": [
    {
      "task": "AudioLoadTask",
      "props": {
        "mdb": "simple_call_test/metadata.json",
        "dataset_name": "simple_call_test",
        "source": "simple_call_test/audio"
      }
    },
    {
      "task": "ExtractLabelPartsTask",
      "props": {
        "fixed_length": false,
        "dataset_name": null,
        "padded_left": false
      }
    },
    {
      "task": "CreateSpectrogramTask",
      "props": {
        "sampling_rate": 500000,
        "x_pixels_per_sec": 4000,
        "height": 256,
        "window": "Ham"
      }
    },
    {
      "task": "ExtractPixelsTask",
      "props": {}
    },
    {
      "task": "KFoldSeparationTask",
      "props": {
        "k": 8,
        "val_bins": 1,
        "test_bins": 2,
        "n": 2
      }
    },
    {
      "task": "CreateNNModelTask",
      "props": {
        "name": "lstm_sct_vl_xpps4000_h256_raw_100",