{
  "id": "nn_cnn_2d_sct_left_padded_nrs0xpps5000h512_hog_100/a2dc3af2ba68b6f342ce79190277db83f879d571/rec/rec_732333ba5ed489f2b78c46d898f03983108943cc_e58.report",
  "timestamp": "2020-12-21T14:35:09Z",
  "accuracy": 0.7954545454545454,
  "loss": 0.8536146983746163,
  "correct": 105,
  "incorrect": 27,
  "total": 132,
  "confusion": {
    "B2": {
      "B2": 21,
      "B3": 0,
      "B4": 1,
      "UPS": 0,
      "VS": 0,
      "VSV": 0
    },
    "B3": {
      "B3": 14,
      "B2": 7,
      "B4": 0,
      "UPS": 0,
      "VS": 0,
      "VSV": 1
    },
    "B4": {
      "B4": 14,
      "B2": 6,
      "B3": 2,
      "UPS": 0,
      "VS": 0,
      "VSV": 0
    },
    "UPS": {
      "UPS": 22,
      "B2": 0,
      "B3": 0,
      "B4": 0,
      "VS": 0,
      "VSV": 0
    },
    "VS": {
      "VS": 19,
      "B2": 0,
      "B3": 0,
      "B4": 1,
      "UPS": 0,
      "VSV": 2
    },
    "VSV": {
      "VSV": 15,
      "B2": 0,
      "B3": 0,
      "B4": 0,
      "UPS": 0,
      "VS": 7
    }
  },
  "failed": [
    "simple_call_test/audio/label_fixed_left/sr500000_xpps5000_h512_wHam/hog/C_TO_Jt2_16_06_24_015_052657.36_B2.htk",
    "simple_call_test/audio/label_fixed_left/sr500000_xpps5000_h512_wHam/hog/C_TO_Jt3_16_07_06_006_089672.23_B4.htk",
    "simple_call_test/audio/label_fixed_left/sr500000_xpps5000_h512_wHam/hog/C_TO_Jt3_16_07_11_009_337328.00_B4.htk",
    "simple_call_test/audio/label_fixed_left/sr500000_xpps5000_h512_wHam/hog/C_TR_Jt4_16_06_23_057_205774.30_B4.htk",
    "simple_call_test/audio/label_fixed_left/sr500000_xpps5000_h512_wHam/hog/C_TR_Jt7_16_07_12_020_153616.60_B4.htk",
    "simple_call_test/audio/label_fixed_left/sr500000_xpps5000_h512_wHam/hog/C_TR_Jt8_16_07_12_063_077166.00_B4.htk",
    "simple_call_test/audio/label_fixed_left/sr500000_xpps5000_h512_wHam/hog/C_TR_Jt4_16_06_15_043_087065.02_B3.htk",
    "simple_call_test/audio/label_fixed_left/sr500000_xpps5000_h512_wHam/hog/C_TR_Jt5_16_06_15_047_050256.48_B3.htk",
    "simple_call_test/audio/label_fixed_left/sr500000_xpps5000_h512_wHam/hog/C_TR_Jt5_16_07_12_021_2_336955.00_B3.htk",
    "simple_call_test/audio/label_fixed_left/sr500000_xpps5000_h512_wHam/hog/C_TR_Jt2_16_06_02_044_012436.33_VSV.htk",
    "simple_call_test/audio/label_fixed_left/sr500000_xpps5000_h512_wHam/hog/VSV_C_TO_Jt3_16_07_11_009_min200_000278.84_VSV.htk",
    "simple_call_test/audio/label_fixed_left/sr500000_xpps5000_h512_wHam/hog/VSV_C_TR_Jt4_16_07_10_015_min31_000014.10_VSV.htk",
    "simple_call_test/audio/label_fixed_left/sr500000_xpps5000_h512_wHam/hog/VS_C_TO_Jt3_16_06_18_006_min13_000103.38_VS.htk",
    "simple_call_test/audio/label_fixed_left/sr500000_xpps5000_h512_wHam/hog/VS_C_TR_Jt5_16_06_19_071_min62_000028.43_VS.htk",
    "simple_call_test/audio/label_fixed_left/sr500000_xpps5000_h512_wHam/hog/C_TR_Jt5_16_06_15_047_012566.78_B4.htk",
    "simple_call_test/audio/label_fixed_left/sr500000_xpps5000_h512_wHam/hog/C_TR_Jt6_16_07_12_017_175631.70_B4.htk",
    "simple_call_test/audio/label_fixed_left/sr500000_xpps5000_h512_wHam/hog/C_TR_Jt7_16_07_07_017_102207.50_B4.htk",
    "simple_call_test/audio/label_fixed_left/sr500000_xpps5000_h512_wHam/hog/C_TO_Jt3_16_07_09_018_013917.09_B3.htk",
    "simple_call_test/audio/label_fixed_left/sr500000_xpps5000_h512_wHam/hog/C_TR_Jt4_16_06_25_005_051849.68_B3.htk",
    "simple_call_test/audio/label_fixed_left/sr500000_xpps5000_h512_wHam/hog/C_TR_Jt5_16_06_21_008_068349.49_B3.htk",
    "simple_call_test/audio/label_fixed_left/sr500000_xpps5000_h512_wHam/hog/C_TR_Jt5_16_06_27_025_061551.00_B3.htk",
    "simple_call_test/audio/label_fixed_left/sr500000_xpps5000_h512_wHam/hog/C_TR_Jt6_16_06_19_076_002179.48_B3.htk",
    "simple_call_test/audio/label_fixed_left/sr500000_xpps5000_h512_wHam/hog/VSV_C_TR_JT2_16_06_02_044_min12_000022.88_VSV.htk",
    "simple_call_test/audio/label_fixed_left/sr500000_xpps5000_h512_wHam/hog/VSV_C_TR_Jt2_16_06_02_044_000061.86_VSV.htk",
    "simple_call_test/audio/label_fixed_left/sr500000_xpps5000_h512_wHam/hog/VSV_C_TR_Jt4_16_07_10_015_min31_000080.22_VSV.htk",
    "simple_call_test/audio/label_fixed_left/sr500000_xpps5000_h512_wHam/hog/VSV_C_TR_Jt5_16_06_23_025_min110_000061.03_VSV.htk",
    "simple_call_test/audio/label_fixed_left/sr500000_xpps5000_h512_wHam/hog/VS_C_TO_Jt2_16_06_24_015_min22_000039.90_VS.htk"
  ],
  "env": {
    "os": "Linux",
    "platform": "Linux-3.10.0-1127.19.1.el7.x86_64-x86_64-with-glibc2.10",
    "sox": "14.4.2",
    "java": [
      "openjdk version \"1.8.0_262\"",
      "OpenJDK Runtime Environment (build 1.8.0_262-b10)",
      "OpenJDK 64-Bit Server VM (build 25.262-b10, mixed mode)"
    ],
    "keras": "2.4.0",
    "tf": "2.3.1",
    "gpu": "device: 0, name: Tesla P100-PCIE-12GB, pci bus id: 0000:83:00.0, compute capability: 6.0"
  },
  "pipeline": [
    {
      "task": "AudioLoadTask",
      "props": {
        "mdb": "simple_call_test/metadata.json",
        "dataset_name": "simple_call_test",
        "source": "simple_call_test/audio"
      }
    },
    {
      "task": "ExtractLabelPartsTask",
      "props": {
        "fixed_length": true,
        "dataset_name": null,
        "padded_left": true
      }
    },
    {
      "task": "CreateSpectrogramTask",
      "props": {
        "sampling_rate": 500000,
        "x_pixels_per_sec": 5000,
        "height": 512,
        "window": "Ham"
      }
    },
    {
      "task": "ExtractHOGHWRecogTask",
      "props": {}
    },
    {
      "task": "KFoldSeparationTask",
      "props": {
        "k": 8,
        "val_bins": 1,
        "test_bins": 2,
        "n": 4
      }
    },
    {
      "task": "CreateNNModelTask",
      "props": {
        "name": "cnn_2d_sct_left_padded_nrs0xpps5000h512_hog_100",
        "model": {
          "name": "sequential",
          "layers": [
            {
              "class_name": "InputLayer",
              "config": {
                "batch_input_shape": [
                  null,
                  494,
                  288,
                  1
                ],
                "dtype": "float32",
                "sparse": false,
                "ragged": false,
                "name": "conv2d_input"
              }
            },
            {
              "class_name": "Conv2D",
              "config": {
                "name": "conv2d",
                "trainable": true,
                "batch_input_shape": [
                  null,
                  494,
                  288,
                  1
                ],
                "dtype": "float32",
                "filters": 32,
                "kernel_size": [
                  3,
                  3
                ],
                "strides": [
                  1,
                  1
                ],
                "padding": "valid",
                "data_format": "channels_last",
                "dilation_rate": [
                  1,
                  1
                ],
                "groups": 1,
                "activation": "relu",
                "use_bias": true,
                "kernel_initializer": {
                  "class_name": "GlorotUniform",
                  "config": {
                    "seed": null
                  }
                },
                "bias_initializer": {
                  "class_name": "Zeros",
                  "config": {}
                },
                "kernel_regularizer": null,
                "bias_regularizer": null,
                "activity_regularizer": null,
                "kernel_constraint": null,
                "bias_constraint": null
              }
            },
            {
              "class_name": "MaxPooling2D",
              "config": {
                "name": "max_pooling2d",
                "trainable": true,
                "dtype": "float32",
                "pool_size": [
                  2,
                  2
                ],
                "padding": "valid",
                "strides": [
                  2,
                  2
                ],