{
  "id": "nn_cnn_1d_sct_padded_nrs0xpps2000h256_hog_100/c4a646b4b75be10c3cf9e76b6e5ccfb976ebd87a/rec/rec_a32746a6a29cc98b824478943ff6be0225367d72_e62.report",
  "timestamp": "2020-11-13T10:56:21Z",
  "accuracy": 0.7803030303030303,
  "loss": 0.5290674751846839,
  "correct": 103,
  "incorrect": 29,
  "total": 132,
  "confusion": {
    "B2": {
      "B2": 14,
      "B3": 2,
      "B4": 3,
      "UPS": 2,
      "VS": 0,
      "VSV": 1
    },
    "B3": {
      "B3": 12,
      "B2": 10,
      "B4": 0,
      "UPS": 0,
      "VS": 0,
      "VSV": 0
    },
    "B4": {
      "B4": 19,
      "B2": 1,
      "B3": 1,
      "UPS": 0,
      "VS": 0,
      "VSV": 1
    },
    "UPS": {
      "UPS": 22,
      "B2": 0,
      "B3": 0,
      "B4": 0,
      "VS": 0,
      "VSV": 0
    },
    "VS": {
      "VS": 18,
      "B2": 0,
      "B3": 0,
      "B4": 0,
      "UPS": 0,
      "VSV": 4
    },
    "VSV": {
      "VSV": 18,
      "B2": 1,
      "B3": 0,
      "B4": 0,
      "UPS": 0,
      "VS": 3
    }
  },
  "failed": [
    "simple_call_test/audio/label_fixed/sr500000_xpps2000_h256_wHam/hog/B2_C_TR_Jt5_16_07_10_034_001053.17_B2.htk",
    "simple_call_test/audio/label_fixed/sr500000_xpps2000_h256_wHam/hog/C_TO_Jt2_16_06_24_015_041236.45_B2.htk",
    "simple_call_test/audio/label_fixed/sr500000_xpps2000_h256_wHam/hog/C_TO_Jt2_16_07_04_023_208173.20_B2.htk",
    "simple_call_test/audio/label_fixed/sr500000_xpps2000_h256_wHam/hog/C_TR_Jt1_16_06_02_109_019244.31_B4.htk",
    "simple_call_test/audio/label_fixed/sr500000_xpps2000_h256_wHam/hog/C_TR_Jt1_16_06_07_058_000797.01_B3.htk",
    "simple_call_test/audio/label_fixed/sr500000_xpps2000_h256_wHam/hog/C_TR_Jt4_16_06_11_013_095978.00_B3.htk",
    "simple_call_test/audio/label_fixed/sr500000_xpps2000_h256_wHam/hog/C_TR_Jt4_16_06_25_005_061631.15_B3.htk",
    "simple_call_test/audio/label_fixed/sr500000_xpps2000_h256_wHam/hog/C_TR_Jt5_16_06_19_071_156201.00_B3.htk",
    "simple_call_test/audio/label_fixed/sr500000_xpps2000_h256_wHam/hog/C_TR_Jt5_16_06_23_025_082606.90_B3.htk",
    "simple_call_test/audio/label_fixed/sr500000_xpps2000_h256_wHam/hog/C_TR_Jt5_16_07_12_021_2_254170.30_B3.htk",
    "simple_call_test/audio/label_fixed/sr500000_xpps2000_h256_wHam/hog/VSV_C_TO_Jt3_16_07_04_021_min83_000035.64_VSV.htk",
    "simple_call_test/audio/label_fixed/sr500000_xpps2000_h256_wHam/hog/VSV_C_TO_Jt3_16_07_11_008_min59_000092.38_VSV.htk",
    "simple_call_test/audio/label_fixed/sr500000_xpps2000_h256_wHam/hog/VS_C_TO_Jt3_16_07_23_003_min13_000022.44_VS.htk",
    "simple_call_test/audio/label_fixed/sr500000_xpps2000_h256_wHam/hog/VS_C_TR_Jt5_16_06_21_008_min138_000091.48_VS.htk",
    "simple_call_test/audio/label_fixed/sr500000_xpps2000_h256_wHam/hog/B2_C_TR_Jt2_16_06_02_044_000306.76_B2.htk",
    "simple_call_test/audio/label_fixed/sr500000_xpps2000_h256_wHam/hog/C_TO_Jt1_16_06_20_015_062447.76_B2.htk",
    "simple_call_test/audio/label_fixed/sr500000_xpps2000_h256_wHam/hog/C_TO_Jt2_16_06_12_018_048834.57_B2.htk",
    "simple_call_test/audio/label_fixed/sr500000_xpps2000_h256_wHam/hog/C_TO_Jt2_16_06_24_015_041349.09_B2.htk",
    "simple_call_test/audio/label_fixed/sr500000_xpps2000_h256_wHam/hog/C_TO_Jt3_16_06_20_017_011470.47_B2.htk",
    "simple_call_test/audio/label_fixed/sr500000_xpps2000_h256_wHam/hog/C_TO_Jt3_16_06_20_017_007136.74_B4.htk",
    "simple_call_test/audio/label_fixed/sr500000_xpps2000_h256_wHam/hog/C_TR_Jt4_16_06_23_057_205685.70_B4.htk",
    "simple_call_test/audio/label_fixed/sr500000_xpps2000_h256_wHam/hog/C_TR_Jt4_16_06_15_043_080231.17_B3.htk",
    "simple_call_test/audio/label_fixed/sr500000_xpps2000_h256_wHam/hog/C_TR_Jt5_16_06_15_047_013379.50_B3.htk",
    "simple_call_test/audio/label_fixed/sr500000_xpps2000_h256_wHam/hog/C_TR_Jt5_16_06_19_071_156089.90_B3.htk",
    "simple_call_test/audio/label_fixed/sr500000_xpps2000_h256_wHam/hog/C_TR_Jt5_16_07_12_021_2_337339.40_B3.htk",
    "simple_call_test/audio/label_fixed/sr500000_xpps2000_h256_wHam/hog/VSV_C_TO_Jt2_16_07_04_023_min226_000111.51_VSV.htk",
    "simple_call_test/audio/label_fixed/sr500000_xpps2000_h256_wHam/hog/VSV_C_TO_Jt3_16_07_11_009_min12_000013.70_VSV.htk",
    "simple_call_test/audio/label_fixed/sr500000_xpps2000_h256_wHam/hog/VS_C_TO_Jt2_16_07_04_023_min166_000027.66_VS.htk",
    "simple_call_test/audio/label_fixed/sr500000_xpps2000_h256_wHam/hog/VS_C_TO_Jt3_16_07_23_003_min13_000096.39_VS.htk"
  ],
  "env": {
    "os": "Linux",
    "platform": "Linux-3.10.0-1127.19.1.el7.x86_64-x86_64-with-glibc2.10",
    "sox": "14.4.2",
    "java": [
      "openjdk version \"1.8.0_262\"",
      "OpenJDK Runtime Environment (build 1.8.0_262-b10)",
      "OpenJDK 64-Bit Server VM (build 25.262-b10, mixed mode)"
    ],
    "keras": "2.4.0",
    "tf": "2.3.1",
    "gpu": "device: 0, name: Tesla P100-PCIE-12GB, pci bus id: 0000:87:00.0, compute capability: 6.0"
  },
  "pipeline": [
    {
      "task": "AudioLoadTask",
      "props": {
        "mdb": "simple_call_test/metadata.json",
        "dataset_name": "simple_call_test",
        "source": "simple_call_test/audio"
      }
    },
    {
      "task": "ExtractLabelPartsTask",
      "props": {
        "fixed_length": true,
        "dataset_name": null
      }
    },
    {
      "task": "CreateSpectrogramTask",
      "props": {
        "sampling_rate": 500000,
        "x_pixels_per_sec": 2000,
        "height": 256,
        "window": "Ham"
      }
    },
    {
      "task": "ExtractHOGHWRecogTask",
      "props": {}
    },
    {
      "task": "KFoldSeparationTask",
      "props": {
        "k": 8,
        "val_bins": 1,
        "test_bins": 2,
        "n": 2
      }
    },
    {
      "task": "CreateNNModelTask",
      "props": {
        "name": "cnn_1d_sct_padded_nrs0xpps2000h256_hog_100",
        "model": {
          "name": "sequential",
          "layers": [
            {
              "class_name": "InputLayer",
              "config": {
                "batch_input_shape": [
                  null,
                  194,
                  288
                ],
                "dtype": "float32",
                "sparse": false,
                "ragged": false,
                "name": "conv1d_input"
              }
            },
            {
              "class_name": "Conv1D",
              "config": {
                "name": "conv1d",
                "trainable": true,
                "batch_input_shape": [
                  null,
                  194,
                  288
                ],
                "dtype": "float32",
                "filters": 32,
                "kernel_size": [
                  3
                ],
                "strides": [
                  1
                ],
                "padding": "valid",
                "data_format": "channels_last",
                "dilation_rate": [
                  1
                ],
                "groups": 1,
                "activation": "relu",
                "use_bias": true,
                "kernel_initializer": {
                  "class_name": "GlorotUniform",
                  "config": {
                    "seed": null
                  }
                },
                "bias_initializer": {
                  "class_name": "Zeros",
                  "config": {}
                },
                "kernel_regularizer": null,
                "bias_regularizer": null,
                "activity_regularizer": null,
                "kernel_constraint": null,
                "bias_constraint": null
              }
            },
            {
              "class_name": "MaxPooling1D",
              "config": {
                "name": "max_pooling1d",
                "trainable": true,
                "dtype": "float32",
                "strides": [
                  2
                ],
                "pool_size": [
                  2
                ],
                "padding": "valid",