{
  "id": "nn_lstm_sct_left_padded_nrs6xpps2000h256_raw_100/bb325565a53493c64c9b9b12aa42752ff535b22c/rec/rec_5f764c10e3b9a224a672d451a1f28e800f495d98_e37.report",
  "timestamp": "2020-12-20T22:41:41Z",
  "accuracy": 0.7803030303030303,
  "loss": 1.2717333881152793,
  "correct": 103,
  "incorrect": 29,
  "total": 132,
  "confusion": {
    "B2": {
      "B2": 18,
      "B3": 2,
      "B4": 2,
      "UPS": 0,
      "VS": 0,
      "VSV": 0
    },
    "B3": {
      "B3": 16,
      "B2": 4,
      "B4": 1,
      "UPS": 1,
      "VS": 0,
      "VSV": 0
    },
    "B4": {
      "B4": 13,
      "B2": 3,
      "B3": 5,
      "UPS": 0,
      "VS": 0,
      "VSV": 1
    },
    "UPS": {
      "UPS": 22,
      "B2": 0,
      "B3": 0,
      "B4": 0,
      "VS": 0,
      "VSV": 0
    },
    "VS": {
      "VS": 17,
      "B2": 0,
      "B3": 0,
      "B4": 0,
      "UPS": 0,
      "VSV": 5
    },
    "VSV": {
      "VSV": 17,
      "B2": 0,
      "B3": 0,
      "B4": 1,
      "UPS": 2,
      "VS": 2
    }
  },
  "failed": [
    "simple_call_test/audio/label_fixed_left/nr6/sr500000_xpps2000_h256_wHam/img/C_TO_Jt1_16_06_20_015_062447.76_B2.htk",
    "simple_call_test/audio/label_fixed_left/nr6/sr500000_xpps2000_h256_wHam/img/C_TO_Jt3_16_06_18_006_041236.76_B2.htk",
    "simple_call_test/audio/label_fixed_left/nr6/sr500000_xpps2000_h256_wHam/img/C_TO_Jt3_16_06_20_017_011470.47_B2.htk",
    "simple_call_test/audio/label_fixed_left/nr6/sr500000_xpps2000_h256_wHam/img/C_TO_Jt3_16_06_20_017_007136.74_B4.htk",
    "simple_call_test/audio/label_fixed_left/nr6/sr500000_xpps2000_h256_wHam/img/C_TO_Jt3_16_07_11_009_336885.70_B4.htk",
    "simple_call_test/audio/label_fixed_left/nr6/sr500000_xpps2000_h256_wHam/img/C_TR_Jt1_16_06_02_109_019361.16_B4.htk",
    "simple_call_test/audio/label_fixed_left/nr6/sr500000_xpps2000_h256_wHam/img/C_TR_Jt4_16_06_23_057_205685.70_B4.htk",
    "simple_call_test/audio/label_fixed_left/nr6/sr500000_xpps2000_h256_wHam/img/C_TR_Jt7_16_07_07_017_074981.03_B4.htk",
    "simple_call_test/audio/label_fixed_left/nr6/sr500000_xpps2000_h256_wHam/img/C_TR_Jt8_16_07_07_020_066614.52_B4.htk",
    "simple_call_test/audio/label_fixed_left/nr6/sr500000_xpps2000_h256_wHam/img/C_TR_Jt5_16_06_15_047_013379.50_B3.htk",
    "simple_call_test/audio/label_fixed_left/nr6/sr500000_xpps2000_h256_wHam/img/C_TR_Jt5_16_06_19_071_156089.90_B3.htk",
    "simple_call_test/audio/label_fixed_left/nr6/sr500000_xpps2000_h256_wHam/img/C_TR_Jt5_16_06_23_025_077217.57_B3.htk",
    "simple_call_test/audio/label_fixed_left/nr6/sr500000_xpps2000_h256_wHam/img/C_TR_Jt6_16_06_19_035_024346.27_B3.htk",
    "simple_call_test/audio/label_fixed_left/nr6/sr500000_xpps2000_h256_wHam/img/VSV_C_TO_Jt2_16_07_04_023_min226_000111.51_VSV.htk",
    "simple_call_test/audio/label_fixed_left/nr6/sr500000_xpps2000_h256_wHam/img/VSV_C_TO_Jt3_16_07_06_006_min109_000021.76_VSV.htk",
    "simple_call_test/audio/label_fixed_left/nr6/sr500000_xpps2000_h256_wHam/img/VSV_C_TO_Jt2_16_07_23_010_min64_000249.08_VS.htk",
    "simple_call_test/audio/label_fixed_left/nr6/sr500000_xpps2000_h256_wHam/img/VS_C_TO_Jt2_16_07_04_023_min166_000027.66_VS.htk",
    "simple_call_test/audio/label_fixed_left/nr6/sr500000_xpps2000_h256_wHam/img/VS_C_TO_Jt3_16_07_23_003_min13_000096.39_VS.htk",
    "simple_call_test/audio/label_fixed_left/nr6/sr500000_xpps2000_h256_wHam/img/VS_C_TR_Jt5_16_06_21_008_min6_000042.89_VS.htk",
    "simple_call_test/audio/label_fixed_left/nr6/sr500000_xpps2000_h256_wHam/img/C_TO_Jt1_16_06_20_029_360627.40_B2.htk",
    "simple_call_test/audio/label_fixed_left/nr6/sr500000_xpps2000_h256_wHam/img/C_TO_Jt1_16_06_20_015_046088.27_B4.htk",
    "simple_call_test/audio/label_fixed_left/nr6/sr500000_xpps2000_h256_wHam/img/C_TR_Jt4_16_06_23_057_205774.30_B4.htk",
    "simple_call_test/audio/label_fixed_left/nr6/sr500000_xpps2000_h256_wHam/img/C_TR_Jt8_16_07_12_063_077166.00_B4.htk",
    "simple_call_test/audio/label_fixed_left/nr6/sr500000_xpps2000_h256_wHam/img/C_TR_Jt5_16_06_15_047_050256.48_B3.htk",
    "simple_call_test/audio/label_fixed_left/nr6/sr500000_xpps2000_h256_wHam/img/C_TR_Jt6_16_06_19_076_002422.71_B3.htk",
    "simple_call_test/audio/label_fixed_left/nr6/sr500000_xpps2000_h256_wHam/img/C_TR_Jt2_16_06_02_044_012436.33_VSV.htk",
    "simple_call_test/audio/label_fixed_left/nr6/sr500000_xpps2000_h256_wHam/img/VSV_C_TO_Jt2_16_06_12_018_min165_000286.61_VSV.htk",
    "simple_call_test/audio/label_fixed_left/nr6/sr500000_xpps2000_h256_wHam/img/VSV_C_TO_Jt2_16_07_04_023_min226_000209.61_VSV.htk",
    "simple_call_test/audio/label_fixed_left/nr6/sr500000_xpps2000_h256_wHam/img/VSV_C_TO_Jt2_16_07_23_010_min64_000012.54_VS.htk"
  ],
  "env": {
    "os": "Linux",
    "platform": "Linux-3.10.0-1127.19.1.el7.x86_64-x86_64-with-glibc2.10",
    "sox": "14.4.2",
    "java": [
      "openjdk version \"1.8.0_262\"",
      "OpenJDK Runtime Environment (build 1.8.0_262-b10)",
      "OpenJDK 64-Bit Server VM (build 25.262-b10, mixed mode)"
    ],
    "keras": "2.4.0",
    "tf": "2.3.1",
    "gpu": "device: 0, name: Tesla P100-PCIE-12GB, pci bus id: 0000:84:00.0, compute capability: 6.0"
  },
  "pipeline": [
    {
      "task": "AudioLoadTask",
      "props": {
        "mdb": "simple_call_test/metadata.json",
        "dataset_name": "simple_call_test",
        "source": "simple_call_test/audio"
      }
    },
    {
      "task": "ExtractLabelPartsTask",
      "props": {
        "fixed_length": true,
        "dataset_name": null,
        "padded_left": true
      }
    },
    {
      "task": "NoiseReduceTask",
      "props": {
        "sensitivity": 6,
        "noise": [
          {
            "task": "AudioLoadTask",
            "props": {
              "mdb": "simple_call_test/metadata.json",
              "dataset_name": "simple_call_test",
              "source": "simple_call_test/audio"
            }
          },
          {
            "task": "SilentAudioTask",
            "props": {
              "max_length": 0.2004000000000019
            }
          },
          {
            "task": "NoiseProfileTask",
            "props": {}
          }
        ]
      }
    },
    {
      "task": "CreateSpectrogramTask",
      "props": {
        "sampling_rate": 500000,
        "x_pixels_per_sec": 2000,
        "height": 256,
        "window": "Ham"
      }
    },
    {
      "task": "ExtractPixelsTask",
      "props": {}
    },
    {
      "task": "KFoldSeparationTask",
      "props": {
        "k": 8,
        "val_bins": 1,
        "test_bins": 2,
        "n": 3
      }
    },
    {
      "task": "CreateNNModelTask",
      "props": {
        "name": "lstm_sct_left_padded_nrs6xpps2000h256_raw_100",
        "model": {
          "name": "sequential",
          "layers": [
            {
              "class_name": "InputLayer",
              "config": {
                "batch_input_shape": [
                  null,
                  null,
                  256
                ],
                "dtype": "float32",
                "sparse": false,
                "ragged": true,
                "name": "input_1"
              }
            },
            {
              "class_name": "LSTM",
              "config": {
                "name": "lstm",
                "trainable": true,
                "dtype": "float32",
                "return_sequences": true,
                "return_state": false,
                "go_backwards": false,
                "stateful": false,
                "unroll": false,
                "time_major": false,
                "units": 256,
                "activation": "tanh",
                "recurrent_activation": "sigmoid",
                "use_bias": true,
                "kernel_initializer": {
                  "class_name": "GlorotUniform",
                  "config": {
                    "seed": null
                  }
                },
                "recurrent_initializer": {
                  "class_name": "Orthogonal",
                  "config": {
                    "gain": 1.0,