{
  "id": "nn_cnn_2d_sct_padded_nrs6xpps2000h256_hog_100_3d/213094dc47d20471565bead008fc8781775860a2/rec/rec_e561469ec724d985bb3b206db2ae5112102802b5_e99.report",
  "timestamp": "2020-11-12T00:03:54Z",
  "accuracy": 0.7121212121212122,
  "loss": 1.2046906326610252,
  "correct": 94,
  "incorrect": 38,
  "total": 132,
  "confusion": {
    "B2": {
      "B2": 14,
      "B3": 2,
      "B4": 4,
      "UPS": 2,
      "VS": 0,
      "VSV": 0
    },
    "B3": {
      "B3": 7,
      "B2": 14,
      "B4": 1,
      "UPS": 0,
      "VS": 0,
      "VSV": 0
    },
    "B4": {
      "B4": 12,
      "B2": 6,
      "B3": 4,
      "UPS": 0,
      "VS": 0,
      "VSV": 0
    },
    "UPS": {
      "UPS": 22,
      "B2": 0,
      "B3": 0,
      "B4": 0,
      "VS": 0,
      "VSV": 0
    },
    "VS": {
      "VS": 17,
      "B2": 0,
      "B3": 0,
      "B4": 0,
      "UPS": 0,
      "VSV": 5
    },
    "VSV": {
      "VSV": 22,
      "B2": 0,
      "B3": 0,
      "B4": 0,
      "UPS": 0,
      "VS": 0
    }
  },
  "failed": [
    "simple_call_test/audio/label_fixed/nr6/sr500000_xpps2000_h256_wHam/hog/C_TO_Jt1_16_06_20_015_062447.76_B2.htk",
    "simple_call_test/audio/label_fixed/nr6/sr500000_xpps2000_h256_wHam/hog/C_TO_Jt2_16_06_12_018_048834.57_B2.htk",
    "simple_call_test/audio/label_fixed/nr6/sr500000_xpps2000_h256_wHam/hog/C_TO_Jt2_16_06_24_015_041349.09_B2.htk",
    "simple_call_test/audio/label_fixed/nr6/sr500000_xpps2000_h256_wHam/hog/C_TO_Jt3_16_06_20_017_011470.47_B2.htk",
    "simple_call_test/audio/label_fixed/nr6/sr500000_xpps2000_h256_wHam/hog/C_TO_Jt3_16_06_20_017_007136.74_B4.htk",
    "simple_call_test/audio/label_fixed/nr6/sr500000_xpps2000_h256_wHam/hog/C_TO_Jt3_16_07_11_009_336885.70_B4.htk",
    "simple_call_test/audio/label_fixed/nr6/sr500000_xpps2000_h256_wHam/hog/C_TR_Jt4_16_06_23_057_205685.70_B4.htk",
    "simple_call_test/audio/label_fixed/nr6/sr500000_xpps2000_h256_wHam/hog/C_TR_Jt6_16_06_19_077_037837.14_B4.htk",
    "simple_call_test/audio/label_fixed/nr6/sr500000_xpps2000_h256_wHam/hog/C_TR_Jt7_16_07_07_017_074981.03_B4.htk",
    "simple_call_test/audio/label_fixed/nr6/sr500000_xpps2000_h256_wHam/hog/C_TR_Jt7_16_07_12_020_153369.70_B4.htk",
    "simple_call_test/audio/label_fixed/nr6/sr500000_xpps2000_h256_wHam/hog/C_TO_Jt3_16_06_18_007_001985.61_B3.htk",
    "simple_call_test/audio/label_fixed/nr6/sr500000_xpps2000_h256_wHam/hog/C_TO_Jt3_16_07_06_006_225073.80_B3.htk",
    "simple_call_test/audio/label_fixed/nr6/sr500000_xpps2000_h256_wHam/hog/C_TR_Jt4_16_06_15_043_080231.17_B3.htk",
    "simple_call_test/audio/label_fixed/nr6/sr500000_xpps2000_h256_wHam/hog/C_TR_Jt5_16_06_15_047_013379.50_B3.htk",
    "simple_call_test/audio/label_fixed/nr6/sr500000_xpps2000_h256_wHam/hog/C_TR_Jt5_16_06_19_071_156089.90_B3.htk",
    "simple_call_test/audio/label_fixed/nr6/sr500000_xpps2000_h256_wHam/hog/C_TR_Jt5_16_06_23_025_077217.57_B3.htk",
    "simple_call_test/audio/label_fixed/nr6/sr500000_xpps2000_h256_wHam/hog/C_TR_Jt5_16_07_12_021_2_337339.40_B3.htk",
    "simple_call_test/audio/label_fixed/nr6/sr500000_xpps2000_h256_wHam/hog/C_TR_Jt6_16_06_19_035_024346.27_B3.htk",
    "simple_call_test/audio/label_fixed/nr6/sr500000_xpps2000_h256_wHam/hog/VS_C_TO_Jt2_16_07_04_023_min166_000027.66_VS.htk",
    "simple_call_test/audio/label_fixed/nr6/sr500000_xpps2000_h256_wHam/hog/VS_C_TO_Jt3_16_07_23_003_min13_000096.39_VS.htk",
    "simple_call_test/audio/label_fixed/nr6/sr500000_xpps2000_h256_wHam/hog/C_TO_Jt1_16_06_20_029_360627.40_B2.htk",
    "simple_call_test/audio/label_fixed/nr6/sr500000_xpps2000_h256_wHam/hog/C_TO_Jt2_16_06_24_015_052657.36_B2.htk",
    "simple_call_test/audio/label_fixed/nr6/sr500000_xpps2000_h256_wHam/hog/C_TO_Jt3_16_06_18_006_042024.30_B2.htk",
    "simple_call_test/audio/label_fixed/nr6/sr500000_xpps2000_h256_wHam/hog/C_TO_Jt3_16_06_20_017_011632.50_B2.htk",
    "simple_call_test/audio/label_fixed/nr6/sr500000_xpps2000_h256_wHam/hog/C_TR_Jt1_16_06_02_109_027392.23_B4.htk",
    "simple_call_test/audio/label_fixed/nr6/sr500000_xpps2000_h256_wHam/hog/C_TR_Jt4_16_06_23_057_205774.30_B4.htk",
    "simple_call_test/audio/label_fixed/nr6/sr500000_xpps2000_h256_wHam/hog/C_TR_Jt6_16_06_23_080_103281.90_B4.htk",
    "simple_call_test/audio/label_fixed/nr6/sr500000_xpps2000_h256_wHam/hog/C_TR_Jt8_16_07_12_063_077166.00_B4.htk",
    "simple_call_test/audio/label_fixed/nr6/sr500000_xpps2000_h256_wHam/hog/C_TO_Jt3_16_06_18_007_004291.27_B3.htk",
    "simple_call_test/audio/label_fixed/nr6/sr500000_xpps2000_h256_wHam/hog/C_TO_Jt3_16_07_09_018_013666.86_B3.htk",
    "simple_call_test/audio/label_fixed/nr6/sr500000_xpps2000_h256_wHam/hog/C_TR_Jt4_16_06_15_043_087065.02_B3.htk",
    "simple_call_test/audio/label_fixed/nr6/sr500000_xpps2000_h256_wHam/hog/C_TR_Jt4_16_06_23_057_154627.00_B3.htk",
    "simple_call_test/audio/label_fixed/nr6/sr500000_xpps2000_h256_wHam/hog/C_TR_Jt5_16_06_15_047_050256.48_B3.htk",
    "simple_call_test/audio/label_fixed/nr6/sr500000_xpps2000_h256_wHam/hog/C_TR_Jt5_16_06_23_025_077377.31_B3.htk",
    "simple_call_test/audio/label_fixed/nr6/sr500000_xpps2000_h256_wHam/hog/C_TR_Jt6_16_06_19_076_002422.71_B3.htk",
    "simple_call_test/audio/label_fixed/nr6/sr500000_xpps2000_h256_wHam/hog/VS_C_TO_Jt2_16_06_26_010_min297_000009.92_VS.htk",
    "simple_call_test/audio/label_fixed/nr6/sr500000_xpps2000_h256_wHam/hog/VS_C_TO_Jt3_16_07_23_003_min13_000171.36_VS.htk",
    "simple_call_test/audio/label_fixed/nr6/sr500000_xpps2000_h256_wHam/hog/VS_C_TR_Jt5_16_06_19_071_min62_000028.43_VS.htk"
  ],
  "env": {
    "os": "Linux",
    "platform": "Linux-3.10.0-1127.19.1.el7.x86_64-x86_64-with-glibc2.10",
    "sox": "14.4.2",
    "java": [
      "openjdk version \"1.8.0_262\"",
      "OpenJDK Runtime Environment (build 1.8.0_262-b10)",
      "OpenJDK 64-Bit Server VM (build 25.262-b10, mixed mode)"
    ],
    "keras": "2.4.0",
    "tf": "2.3.1",
    "gpu": "device: 0, name: Tesla P100-PCIE-12GB, pci bus id: 0000:05:00.0, compute capability: 6.0"
  },
  "pipeline": [
    {
      "task": "AudioLoadTask",
      "props": {
        "mdb": "simple_call_test/metadata.json",
        "dataset_name": "simple_call_test",
        "source": "simple_call_test/audio"
      }
    },
    {
      "task": "ExtractLabelPartsTask",
      "props": {
        "fixed_length": true,
        "dataset_name": null
      }
    },
    {
      "task": "NoiseReduceTask",
      "props": {
        "sensitivity": 6,
        "noise": [
          {
            "task": "AudioLoadTask",
            "props": {
              "mdb": "simple_call_test/metadata.json",
              "dataset_name": "simple_call_test",
              "source": "simple_call_test/audio"
            }
          },
          {
            "task": "SilentAudioTask",
            "props": {
              "max_length": 0.2004000000000019
            }
          },
          {
            "task": "NoiseProfileTask",
            "props": {}
          }
        ]
      }
    },
    {
      "task": "CreateSpectrogramTask",
      "props": {
        "sampling_rate": 500000,
        "x_pixels_per_sec": 2000,
        "height": 256,
        "window": "Ham"
      }
    },
    {
      "task": "ExtractHOGHWRecogTask",
      "props": {}
    },
    {
      "task": "KFoldSeparationTask",
      "props": {
        "k": 8,
        "val_bins": 1,
        "test_bins": 2,
        "n": 3
      }
    },
    {
      "task": "CreateNNModelTask",
      "props": {
        "name": "cnn_2d_sct_padded_nrs6xpps2000h256_hog_100_3d",
        "model": {
          "name": "sequential",
          "layers": [
            {
              "class_name": "InputLayer",
              "config": {
                "batch_input_shape": [
                  null,
                  192,
                  24,
                  12
                ],
                "dtype": "float32",
                "sparse": false,
                "ragged": false,