{
  "id": "nn_cnn_2d_sct_padded_nrs0xpps5000h512_hog_100_3d/70cd7129b91cadfda2096cb9fad11b3da85ad908/rec/rec_01d7f2c090dec6245acf6194e4806592df0735d2_e99.report",
  "timestamp": "2020-11-18T05:40:14Z",
  "accuracy": 0.803030303030303,
  "loss": 0.9430964783950704,
  "correct": 106,
  "incorrect": 26,
  "total": 132,
  "confusion": {
    "B2": {
      "B2": 20,
      "B3": 0,
      "B4": 2,
      "UPS": 0,
      "VS": 0,
      "VSV": 0
    },
    "B3": {
      "B3": 15,
      "B2": 6,
      "B4": 0,
      "UPS": 1,
      "VS": 0,
      "VSV": 0
    },
    "B4": {
      "B4": 14,
      "B2": 4,
      "B3": 4,
      "UPS": 0,
      "VS": 0,
      "VSV": 0
    },
    "UPS": {
      "UPS": 22,
      "B2": 0,
      "B3": 0,
      "B4": 0,
      "VS": 0,
      "VSV": 0
    },
    "VS": {
      "VS": 16,
      "B2": 1,
      "B3": 0,
      "B4": 0,
      "UPS": 1,
      "VSV": 4
    },
    "VSV": {
      "VSV": 19,
      "B2": 0,
      "B3": 1,
      "B4": 0,
      "UPS": 2,
      "VS": 0
    }
  },
  "failed": [
    "simple_call_test/audio/label_fixed/sr500000_xpps5000_h512_wHam/hog/C_TO_Jt2_16_06_12_018_018106.82_B2.htk",
    "simple_call_test/audio/label_fixed/sr500000_xpps5000_h512_wHam/hog/C_TO_Jt3_16_07_06_006_089794.53_B4.htk",
    "simple_call_test/audio/label_fixed/sr500000_xpps5000_h512_wHam/hog/C_TR_Jt5_16_06_15_047_012566.78_B4.htk",
    "simple_call_test/audio/label_fixed/sr500000_xpps5000_h512_wHam/hog/C_TR_Jt6_16_07_12_017_175631.70_B4.htk",
    "simple_call_test/audio/label_fixed/sr500000_xpps5000_h512_wHam/hog/C_TR_Jt8_16_06_17_019_007138.76_B4.htk",
    "simple_call_test/audio/label_fixed/sr500000_xpps5000_h512_wHam/hog/C_TO_Jt3_16_07_09_018_013917.09_B3.htk",
    "simple_call_test/audio/label_fixed/sr500000_xpps5000_h512_wHam/hog/C_TR_Jt5_16_06_21_008_068349.49_B3.htk",
    "simple_call_test/audio/label_fixed/sr500000_xpps5000_h512_wHam/hog/C_TR_Jt5_16_06_27_025_061551.00_B3.htk",
    "simple_call_test/audio/label_fixed/sr500000_xpps5000_h512_wHam/hog/C_TR_Jt6_16_06_19_076_002179.48_B3.htk",
    "simple_call_test/audio/label_fixed/sr500000_xpps5000_h512_wHam/hog/VSV_C_TO_Jt2_16_06_24_015_min22_000027.13_VSV.htk",
    "simple_call_test/audio/label_fixed/sr500000_xpps5000_h512_wHam/hog/VS_C_TO_Jt2_16_06_24_015_min22_000039.90_VS.htk",
    "simple_call_test/audio/label_fixed/sr500000_xpps5000_h512_wHam/hog/VS_C_TO_Jt2_16_07_06_015_min152_000290.44_VS.htk",
    "simple_call_test/audio/label_fixed/sr500000_xpps5000_h512_wHam/hog/VS_C_TR_Jt5_16_06_19_071_min62_000114.44_VS.htk",
    "simple_call_test/audio/label_fixed/sr500000_xpps5000_h512_wHam/hog/C_TO_Jt1_16_06_20_029_468395.80_B2.htk",
    "simple_call_test/audio/label_fixed/sr500000_xpps5000_h512_wHam/hog/C_TO_Jt1_16_06_20_015_046203.63_B4.htk",
    "simple_call_test/audio/label_fixed/sr500000_xpps5000_h512_wHam/hog/C_TR_Jt1_16_06_02_109_004707.67_B4.htk",
    "simple_call_test/audio/label_fixed/sr500000_xpps5000_h512_wHam/hog/C_TR_Jt6_16_06_15_082_248000.30_B4.htk",
    "simple_call_test/audio/label_fixed/sr500000_xpps5000_h512_wHam/hog/C_TR_Jt8_16_06_17_019_007362.62_B4.htk",
    "simple_call_test/audio/label_fixed/sr500000_xpps5000_h512_wHam/hog/C_TO_Jt3_16_07_11_009_298654.10_B3.htk",
    "simple_call_test/audio/label_fixed/sr500000_xpps5000_h512_wHam/hog/C_TR_Jt5_16_06_27_025_061924.92_B3.htk",
    "simple_call_test/audio/label_fixed/sr500000_xpps5000_h512_wHam/hog/C_TR_Jt6_16_06_11_014_024820.46_B3.htk",
    "simple_call_test/audio/label_fixed/sr500000_xpps5000_h512_wHam/hog/VSV_C_TO_Jt2_16_06_24_015_min22_000120.50_VSV.htk",
    "simple_call_test/audio/label_fixed/sr500000_xpps5000_h512_wHam/hog/VSV_C_TR_Jt5_16_06_15_047_min42_000040.97_VSV.htk",
    "simple_call_test/audio/label_fixed/sr500000_xpps5000_h512_wHam/hog/VS_C_TO_Jt2_16_06_24_015_min69_000051.23_VS.htk",
    "simple_call_test/audio/label_fixed/sr500000_xpps5000_h512_wHam/hog/VS_C_TO_Jt3_16_07_11_009_min158_000031.49_VS.htk",
    "simple_call_test/audio/label_fixed/sr500000_xpps5000_h512_wHam/hog/VS_C_TR_Jt4_16_06_15_043_min23_000061.00_VS.htk"
  ],
  "env": {
    "os": "Linux",
    "platform": "Linux-3.10.0-1127.19.1.el7.x86_64-x86_64-with-glibc2.10",
    "sox": "14.4.2",
    "java": [
      "openjdk version \"1.8.0_262\"",
      "OpenJDK Runtime Environment (build 1.8.0_262-b10)",
      "OpenJDK 64-Bit Server VM (build 25.262-b10, mixed mode)"
    ],
    "keras": "2.4.0",
    "tf": "2.3.1",
    "gpu": "device: 0, name: Tesla P100-PCIE-12GB, pci bus id: 0000:04:00.0, compute capability: 6.0, device: 1, name: Tesla P100-PCIE-12GB, pci bus id: 0000:05:00.0, compute capability: 6.0"
  },
  "pipeline": [
    {
      "task": "AudioLoadTask",
      "props": {
        "mdb": "simple_call_test/metadata.json",
        "dataset_name": "simple_call_test",
        "source": "simple_call_test/audio"
      }
    },
    {
      "task": "ExtractLabelPartsTask",
      "props": {
        "fixed_length": true,
        "dataset_name": null
      }
    },
    {
      "task": "CreateSpectrogramTask",
      "props": {
        "sampling_rate": 500000,
        "x_pixels_per_sec": 5000,
        "height": 512,
        "window": "Ham"
      }
    },
    {
      "task": "ExtractHOGHWRecogTask",
      "props": {}
    },
    {
      "task": "KFoldSeparationTask",
      "props": {
        "k": 8,
        "val_bins": 1,
        "test_bins": 2,
        "n": 5
      }
    },
    {
      "task": "CreateNNModelTask",
      "props": {
        "name": "cnn_2d_sct_padded_nrs0xpps5000h512_hog_100_3d",
        "model": {
          "name": "sequential",
          "layers": [
            {
              "class_name": "InputLayer",
              "config": {
                "batch_input_shape": [
                  null,
                  494,
                  24,
                  12
                ],
                "dtype": "float32",
                "sparse": false,
                "ragged": false,
                "name": "conv2d_input"
              }
            },
            {
              "class_name": "Conv2D",
              "config": {
                "name": "conv2d",
                "trainable": true,
                "batch_input_shape": [
                  null,
                  494,
                  24,
                  12
                ],
                "dtype": "float32",
                "filters": 32,
                "kernel_size": [
                  3,
                  3
                ],
                "strides": [
                  1,
                  1
                ],
                "padding": "valid",
                "data_format": "channels_last",
                "dilation_rate": [
                  1,
                  1
                ],
                "groups": 1,
                "activation": "relu",
                "use_bias": true,
                "kernel_initializer": {
                  "class_name": "GlorotUniform",
                  "config": {
                    "seed": null
                  }
                },
                "bias_initializer": {
                  "class_name": "Zeros",
                  "config": {}
                },
                "kernel_regularizer": null,
                "bias_regularizer": null,
                "activity_regularizer": null,
                "kernel_constraint": null,
                "bias_constraint": null
              }
            },
            {
              "class_name": "MaxPooling2D",
              "config": {
                "name": "max_pooling2d",
                "trainable": true,
                "dtype": "float32",
                "pool_size": [
                  2,
                  2
                ],
                "padding": "valid",
                "strides": [
                  2,
                  2
                ],
                "data_format": "channels_last"
              }
            },
            {
              "class_name": "Conv2D",
              "config": {
                "name": "conv2d_1",
                "trainable": true,