{
  "id": "nn_lstm_sct_left_padded_nrs6xpps2000h256_raw_100/fbf33b0194c067154484b61ceacc1e551217d54e/rec/rec_43fcd6e6fb8bd509ceb51da2d1db24172eff4c7d_e60.report",
  "timestamp": "2020-12-20T22:41:40Z",
  "accuracy": 0.7196969696969697,
  "loss": 1.9734017905579737,
  "correct": 95,
  "incorrect": 37,
  "total": 132,
  "confusion": {
    "B2": {
      "B2": 19,
      "B3": 1,
      "B4": 2,
      "UPS": 0,
      "VS": 0,
      "VSV": 0
    },
    "B3": {
      "B3": 12,
      "B2": 10,
      "B4": 0,
      "UPS": 0,
      "VS": 0,
      "VSV": 0
    },
    "B4": {
      "B4": 9,
      "B2": 8,
      "B3": 3,
      "UPS": 0,
      "VS": 0,
      "VSV": 2
    },
    "UPS": {
      "UPS": 22,
      "B2": 0,
      "B3": 0,
      "B4": 0,
      "VS": 0,
      "VSV": 0
    },
    "VS": {
      "VS": 16,
      "B2": 1,
      "B3": 0,
      "B4": 0,
      "UPS": 0,
      "VSV": 5
    },
    "VSV": {
      "VSV": 17,
      "B2": 0,
      "B3": 0,
      "B4": 1,
      "UPS": 2,
      "VS": 2
    }
  },
  "failed": [
    "simple_call_test/audio/label_fixed_left/nr6/sr500000_xpps2000_h256_wHam/img/C_TO_Jt2_16_06_26_010_148854.70_B2.htk",
    "simple_call_test/audio/label_fixed_left/nr6/sr500000_xpps2000_h256_wHam/img/C_TO_Jt2_16_06_20_018_047295.33_B4.htk",
    "simple_call_test/audio/label_fixed_left/nr6/sr500000_xpps2000_h256_wHam/img/C_TO_Jt3_16_06_20_017_008032.86_B4.htk",
    "simple_call_test/audio/label_fixed_left/nr6/sr500000_xpps2000_h256_wHam/img/C_TO_Jt3_16_07_11_009_267964.30_B4.htk",
    "simple_call_test/audio/label_fixed_left/nr6/sr500000_xpps2000_h256_wHam/img/C_TR_Jt1_16_06_02_109_019244.31_B4.htk",
    "simple_call_test/audio/label_fixed_left/nr6/sr500000_xpps2000_h256_wHam/img/C_TR_Jt4_16_06_19_013_012210.09_B4.htk",
    "simple_call_test/audio/label_fixed_left/nr6/sr500000_xpps2000_h256_wHam/img/C_TR_Jt6_16_06_19_077_038310.63_B4.htk",
    "simple_call_test/audio/label_fixed_left/nr6/sr500000_xpps2000_h256_wHam/img/C_TR_Jt8_16_07_07_020_066105.41_B4.htk",
    "simple_call_test/audio/label_fixed_left/nr6/sr500000_xpps2000_h256_wHam/img/C_TO_Jt2_16_06_26_010_301625.10_B3.htk",
    "simple_call_test/audio/label_fixed_left/nr6/sr500000_xpps2000_h256_wHam/img/C_TO_Jt3_16_06_18_006_076088.89_B3.htk",
    "simple_call_test/audio/label_fixed_left/nr6/sr500000_xpps2000_h256_wHam/img/C_TR_Jt4_16_06_25_005_061631.15_B3.htk",
    "simple_call_test/audio/label_fixed_left/nr6/sr500000_xpps2000_h256_wHam/img/C_TR_Jt5_16_06_19_071_156201.00_B3.htk",
    "simple_call_test/audio/label_fixed_left/nr6/sr500000_xpps2000_h256_wHam/img/C_TR_Jt6_16_06_19_035_024507.79_B3.htk",
    "simple_call_test/audio/label_fixed_left/nr6/sr500000_xpps2000_h256_wHam/img/VSV_C_TO_Jt2_16_06_26_009_000609.55_VSV.htk",
    "simple_call_test/audio/label_fixed_left/nr6/sr500000_xpps2000_h256_wHam/img/VSV_C_TO_Jt2_16_07_04_023_min226_000033.92_VSV.htk",
    "simple_call_test/audio/label_fixed_left/nr6/sr500000_xpps2000_h256_wHam/img/VSV_C_TO_Jt3_16_07_04_021_min83_000035.64_VSV.htk",
    "simple_call_test/audio/label_fixed_left/nr6/sr500000_xpps2000_h256_wHam/img/VSV_C_TO_Jt3_16_07_11_008_min59_000092.38_VSV.htk",
    "simple_call_test/audio/label_fixed_left/nr6/sr500000_xpps2000_h256_wHam/img/VS_C_TR_Jt4_16_07_10_015_min17_000019.60_VS.htk",
    "simple_call_test/audio/label_fixed_left/nr6/sr500000_xpps2000_h256_wHam/img/VS_C_TR_Jt5_16_06_21_008_min138_000091.48_VS.htk",
    "simple_call_test/audio/label_fixed_left/nr6/sr500000_xpps2000_h256_wHam/img/VS_C_TR_Jt5_16_07_12_021_2_min86_000039.28_VS.htk",
    "simple_call_test/audio/label_fixed_left/nr6/sr500000_xpps2000_h256_wHam/img/C_TO_Jt1_16_06_20_015_062447.76_B2.htk",
    "simple_call_test/audio/label_fixed_left/nr6/sr500000_xpps2000_h256_wHam/img/C_TO_Jt3_16_06_20_017_011470.47_B2.htk",
    "simple_call_test/audio/label_fixed_left/nr6/sr500000_xpps2000_h256_wHam/img/C_TO_Jt3_16_06_20_017_007136.74_B4.htk",
    "simple_call_test/audio/label_fixed_left/nr6/sr500000_xpps2000_h256_wHam/img/C_TO_Jt3_16_07_11_009_336885.70_B4.htk",
    "simple_call_test/audio/label_fixed_left/nr6/sr500000_xpps2000_h256_wHam/img/C_TR_Jt1_16_06_02_109_019361.16_B4.htk",
    "simple_call_test/audio/label_fixed_left/nr6/sr500000_xpps2000_h256_wHam/img/C_TR_Jt6_16_06_19_077_037837.14_B4.htk",
    "simple_call_test/audio/label_fixed_left/nr6/sr500000_xpps2000_h256_wHam/img/C_TR_Jt7_16_07_07_017_074981.03_B4.htk",
    "simple_call_test/audio/label_fixed_left/nr6/sr500000_xpps2000_h256_wHam/img/C_TR_Jt8_16_07_07_020_066614.52_B4.htk",
    "simple_call_test/audio/label_fixed_left/nr6/sr500000_xpps2000_h256_wHam/img/C_TO_Jt3_16_06_18_007_001985.61_B3.htk",
    "simple_call_test/audio/label_fixed_left/nr6/sr500000_xpps2000_h256_wHam/img/C_TO_Jt3_16_07_06_006_225073.80_B3.htk",
    "simple_call_test/audio/label_fixed_left/nr6/sr500000_xpps2000_h256_wHam/img/C_TR_Jt5_16_06_23_025_077217.57_B3.htk",
    "simple_call_test/audio/label_fixed_left/nr6/sr500000_xpps2000_h256_wHam/img/C_TR_Jt5_16_07_12_021_2_337339.40_B3.htk",
    "simple_call_test/audio/label_fixed_left/nr6/sr500000_xpps2000_h256_wHam/img/C_TR_Jt6_16_06_19_035_024346.27_B3.htk",
    "simple_call_test/audio/label_fixed_left/nr6/sr500000_xpps2000_h256_wHam/img/VSV_C_TO_Jt2_16_07_04_023_min226_000111.51_VSV.htk",
    "simple_call_test/audio/label_fixed_left/nr6/sr500000_xpps2000_h256_wHam/img/VS_C_TO_Jt2_16_07_04_023_min166_000027.66_VS.htk",
    "simple_call_test/audio/label_fixed_left/nr6/sr500000_xpps2000_h256_wHam/img/VS_C_TR_Jt4_16_07_10_015_min17_000109.89_VS.htk",
    "simple_call_test/audio/label_fixed_left/nr6/sr500000_xpps2000_h256_wHam/img/VS_C_TR_Jt5_16_06_21_008_min6_000042.89_VS.htk"
  ],
  "env": {
    "os": "Linux",
    "platform": "Linux-3.10.0-1127.19.1.el7.x86_64-x86_64-with-glibc2.10",
    "sox": "14.4.2",
    "java": [
      "openjdk version \"1.8.0_262\"",
      "OpenJDK Runtime Environment (build 1.8.0_262-b10)",
      "OpenJDK 64-Bit Server VM (build 25.262-b10, mixed mode)"
    ],
    "keras": "2.4.0",
    "tf": "2.3.1",
    "gpu": "device: 0, name: Tesla P100-PCIE-12GB, pci bus id: 0000:84:00.0, compute capability: 6.0"
  },
  "pipeline": [
    {
      "task": "AudioLoadTask",
      "props": {
        "mdb": "simple_call_test/metadata.json",
        "dataset_name": "simple_call_test",
        "source": "simple_call_test/audio"
      }
    },
    {
      "task": "ExtractLabelPartsTask",
      "props": {
        "fixed_length": true,
        "dataset_name": null,
        "padded_left": true
      }
    },
    {
      "task": "NoiseReduceTask",
      "props": {
        "sensitivity": 6,
        "noise": [
          {
            "task": "AudioLoadTask",
            "props": {
              "mdb": "simple_call_test/metadata.json",
              "dataset_name": "simple_call_test",
              "source": "simple_call_test/audio"
            }
          },
          {
            "task": "SilentAudioTask",
            "props": {
              "max_length": 0.2004000000000019
            }
          },
          {
            "task": "NoiseProfileTask",
            "props": {}
          }
        ]
      }
    },
    {
      "task": "CreateSpectrogramTask",
      "props": {
        "sampling_rate": 500000,
        "x_pixels_per_sec": 2000,
        "height": 256,
        "window": "Ham"
      }
    },
    {
      "task": "ExtractPixelsTask",
      "props": {}
    },
    {
      "task": "KFoldSeparationTask",
      "props": {
        "k": 8,
        "val_bins": 1,
        "test_bins": 2,
        "n": 2
      }
    },
    {
      "task": "CreateNNModelTask",
      "props": {
        "name": "lstm_sct_left_padded_nrs6xpps2000h256_raw_100",
        "model": {
          "name": "sequential",
          "layers": [
            {
              "class_name": "InputLayer",
              "config": {
                "batch_input_shape": [
                  null,
                  null,
                  256
                ],
                "dtype": "float32",
                "sparse": false,