{
  "id": "nn_lstm_sct_vl_xpps4000_h256_raw_100/7bb7332c89e5248aa1204b7571d6b9ca7cc3cc7e/rec/rec_7f553914da39e89efff0ccee9a13e688e6d6de41_e26.report",
  "timestamp": "2020-12-22T00:13:52Z",
  "accuracy": 0.6742424242424242,
  "loss": 1.8850676990401696,
  "correct": 89,
  "incorrect": 43,
  "total": 132,
  "confusion": {
    "B2": {
      "B2": 15,
      "B3": 2,
      "B4": 2,
      "UPS": 0,
      "VS": 2,
      "VSV": 1
    },
    "B3": {
      "B3": 9,
      "B2": 12,
      "B4": 1,
      "UPS": 0,
      "VS": 0,
      "VSV": 0
    },
    "B4": {
      "B4": 10,
      "B2": 5,
      "B3": 6,
      "UPS": 0,
      "VS": 1,
      "VSV": 0
    },
    "UPS": {
      "UPS": 22,
      "B2": 0,
      "B3": 0,
      "B4": 0,
      "VS": 0,
      "VSV": 0
    },
    "VS": {
      "VS": 13,
      "B2": 2,
      "B3": 0,
      "B4": 0,
      "UPS": 0,
      "VSV": 7
    },
    "VSV": {
      "VSV": 20,
      "B2": 0,
      "B3": 1,
      "B4": 0,
      "UPS": 0,
      "VS": 1
    }
  },
  "failed": [
    "simple_call_test/audio/label_variable/sr500000_xpps4000_h256_wHam/img/B2_C_TR_Jt2_16_06_02_044_000306.76_B2.htk",
    "simple_call_test/audio/label_variable/sr500000_xpps4000_h256_wHam/img/C_TO_Jt2_16_06_26_010_194692.10_B2.htk",
    "simple_call_test/audio/label_variable/sr500000_xpps4000_h256_wHam/img/C_TO_Jt3_16_06_18_006_041236.76_B2.htk",
    "simple_call_test/audio/label_variable/sr500000_xpps4000_h256_wHam/img/C_TO_Jt3_16_06_20_017_011470.47_B2.htk",
    "simple_call_test/audio/label_variable/sr500000_xpps4000_h256_wHam/img/C_TO_Jt3_16_06_20_017_007136.74_B4.htk",
    "simple_call_test/audio/label_variable/sr500000_xpps4000_h256_wHam/img/C_TO_Jt3_16_07_11_009_336885.70_B4.htk",
    "simple_call_test/audio/label_variable/sr500000_xpps4000_h256_wHam/img/C_TR_Jt1_16_06_02_109_019361.16_B4.htk",
    "simple_call_test/audio/label_variable/sr500000_xpps4000_h256_wHam/img/C_TR_Jt4_16_06_23_057_205685.70_B4.htk",
    "simple_call_test/audio/label_variable/sr500000_xpps4000_h256_wHam/img/C_TR_Jt7_16_07_07_017_074981.03_B4.htk",
    "simple_call_test/audio/label_variable/sr500000_xpps4000_h256_wHam/img/C_TR_Jt7_16_07_12_020_153369.70_B4.htk",
    "simple_call_test/audio/label_variable/sr500000_xpps4000_h256_wHam/img/C_TR_Jt8_16_07_07_020_066614.52_B4.htk",
    "simple_call_test/audio/label_variable/sr500000_xpps4000_h256_wHam/img/C_TO_Jt2_16_06_26_010_301713.30_B3.htk",
    "simple_call_test/audio/label_variable/sr500000_xpps4000_h256_wHam/img/C_TO_Jt3_16_06_18_007_001985.61_B3.htk",
    "simple_call_test/audio/label_variable/sr500000_xpps4000_h256_wHam/img/C_TO_Jt3_16_07_06_006_225073.80_B3.htk",
    "simple_call_test/audio/label_variable/sr500000_xpps4000_h256_wHam/img/C_TR_Jt1_16_06_07_058_086450.62_B3.htk",
    "simple_call_test/audio/label_variable/sr500000_xpps4000_h256_wHam/img/C_TR_Jt4_16_06_15_043_080231.17_B3.htk",
    "simple_call_test/audio/label_variable/sr500000_xpps4000_h256_wHam/img/C_TR_Jt4_16_06_23_057_154986.30_B3.htk",
    "simple_call_test/audio/label_variable/sr500000_xpps4000_h256_wHam/img/C_TR_Jt5_16_06_15_047_013379.50_B3.htk",
    "simple_call_test/audio/label_variable/sr500000_xpps4000_h256_wHam/img/C_TR_Jt5_16_06_19_071_156089.90_B3.htk",
    "simple_call_test/audio/label_variable/sr500000_xpps4000_h256_wHam/img/C_TR_Jt6_16_06_19_035_024346.27_B3.htk",
    "simple_call_test/audio/label_variable/sr500000_xpps4000_h256_wHam/img/VSV_C_TO_Jt2_16_07_04_023_min226_000111.51_VSV.htk",
    "simple_call_test/audio/label_variable/sr500000_xpps4000_h256_wHam/img/VSV_C_TO_Jt2_16_07_23_010_min64_000249.08_VS.htk",
    "simple_call_test/audio/label_variable/sr500000_xpps4000_h256_wHam/img/VS_C_TO_Jt2_16_06_12_018_min15_000180.86_VS.htk",
    "simple_call_test/audio/label_variable/sr500000_xpps4000_h256_wHam/img/VS_C_TO_Jt2_16_07_04_023_min166_000027.66_VS.htk",
    "simple_call_test/audio/label_variable/sr500000_xpps4000_h256_wHam/img/VS_C_TO_Jt3_16_07_23_003_min13_000096.39_VS.htk",
    "simple_call_test/audio/label_variable/sr500000_xpps4000_h256_wHam/img/C_TO_Jt1_16_06_20_029_360627.40_B2.htk",
    "simple_call_test/audio/label_variable/sr500000_xpps4000_h256_wHam/img/C_TO_Jt2_16_06_24_015_052657.36_B2.htk",
    "simple_call_test/audio/label_variable/sr500000_xpps4000_h256_wHam/img/C_TO_Jt2_16_06_26_010_194914.30_B2.htk",
    "simple_call_test/audio/label_variable/sr500000_xpps4000_h256_wHam/img/C_TO_Jt1_16_06_20_015_046088.27_B4.htk",
    "simple_call_test/audio/label_variable/sr500000_xpps4000_h256_wHam/img/C_TO_Jt2_16_06_20_018_047584.34_B4.htk",
    "simple_call_test/audio/label_variable/sr500000_xpps4000_h256_wHam/img/C_TR_Jt1_16_06_02_109_027392.23_B4.htk",
    "simple_call_test/audio/label_variable/sr500000_xpps4000_h256_wHam/img/C_TR_Jt4_16_06_23_057_205774.30_B4.htk",
    "simple_call_test/audio/label_variable/sr500000_xpps4000_h256_wHam/img/C_TR_Jt8_16_07_12_063_077166.00_B4.htk",
    "simple_call_test/audio/label_variable/sr500000_xpps4000_h256_wHam/img/C_TO_Jt2_16_06_26_010_301515.80_B3.htk",
    "simple_call_test/audio/label_variable/sr500000_xpps4000_h256_wHam/img/C_TR_Jt4_16_06_15_043_087065.02_B3.htk",
    "simple_call_test/audio/label_variable/sr500000_xpps4000_h256_wHam/img/C_TR_Jt5_16_06_21_008_063925.95_B3.htk",
    "simple_call_test/audio/label_variable/sr500000_xpps4000_h256_wHam/img/C_TR_Jt6_16_06_19_076_002422.71_B3.htk",
    "simple_call_test/audio/label_variable/sr500000_xpps4000_h256_wHam/img/C_TR_Jt2_16_06_02_044_012436.33_VSV.htk",
    "simple_call_test/audio/label_variable/sr500000_xpps4000_h256_wHam/img/VSV_C_TO_Jt2_16_07_23_010_min64_000012.54_VS.htk",
    "simple_call_test/audio/label_variable/sr500000_xpps4000_h256_wHam/img/VS_C_TO_Jt3_16_07_23_003_min13_000171.36_VS.htk",
    "simple_call_test/audio/label_variable/sr500000_xpps4000_h256_wHam/img/VS_C_TR_Jt4_16_07_10_015_min17_000192.45_VS.htk",
    "simple_call_test/audio/label_variable/sr500000_xpps4000_h256_wHam/img/VS_C_TR_Jt5_16_06_19_071_min62_000028.43_VS.htk",
    "simple_call_test/audio/label_variable/sr500000_xpps4000_h256_wHam/img/VS_C_TR_Jt5_16_06_23_025_min13_000036.57_VS.htk"
  ],
  "env": {
    "os": "Linux",
    "platform": "Linux-3.10.0-1127.19.1.el7.x86_64-x86_64-with-glibc2.10",
    "sox": "14.4.2",
    "java": [
      "openjdk version \"1.8.0_262\"",
      "OpenJDK Runtime Environment (build 1.8.0_262-b10)",
      "OpenJDK 64-Bit Server VM (build 25.262-b10, mixed mode)"
    ],
    "keras": "2.4.0",
    "tf": "2.3.1",
    "gpu": "device: 0, name: Tesla P100-PCIE-12GB, pci bus id: 0000:83:00.0, compute capability: 6.0"
  },
  "pipeline": [
    {
      "task": "AudioLoadTask",
      "props": {
        "mdb": "simple_call_test/metadata.json",
        "dataset_name": "simple_call_test",
        "source": "simple_call_test/audio"
      }
    },
    {
      "task": "ExtractLabelPartsTask",
      "props": {
        "fixed_length": false,
        "dataset_name": null,
        "padded_left": false
      }
    },
    {
      "task": "CreateSpectrogramTask",
      "props": {
        "sampling_rate": 500000,
        "x_pixels_per_sec": 4000,
        "height": 256,
        "window": "Ham"
      }
    },
    {
      "task": "ExtractPixelsTask",
      "props": {}
    },
    {
      "task": "KFoldSeparationTask",
      "props": {
        "k": 8,
        "val_bins": 1,
        "test_bins": 2,
        "n": 3
      }
    },
    {
      "task": "CreateNNModelTask",
      "props": {
        "name": "lstm_sct_vl_xpps4000_h256_raw_100",
        "model": {
          "name": "sequential",
          "layers": [
            {
              "class_name": "InputLayer",
              "config": {
                "batch_input_shape": [
                  null,
                  null,
                  256
                ],
                "dtype": "float32",
                "sparse": false,
                "ragged": true,
                "name": "input_1"
              }
            },
            {
              "class_name": "LSTM",