{
  "id": "nn_cnn_2d_sct_left_padded_nrs0xpps2000h256_hog_100_3d/1cc4a73b6b59dede22b2cb0fff7046e747b3e1e6/rec/rec_aeb44dbe3daaad26c4acbcf71a89ff97af4333a6_e11.report",
  "timestamp": "2020-12-22T14:26:15Z",
  "accuracy": 0.7424242424242424,
  "loss": 0.7180853793648411,
  "correct": 98,
  "incorrect": 34,
  "total": 132,
  "confusion": {
    "B2": {
      "B2": 14,
      "B3": 3,
      "B4": 4,
      "UPS": 0,
      "VS": 0,
      "VSV": 1
    },
    "B3": {
      "B3": 10,
      "B2": 11,
      "B4": 1,
      "UPS": 0,
      "VS": 0,
      "VSV": 0
    },
    "B4": {
      "B4": 14,
      "B2": 4,
      "B3": 3,
      "UPS": 0,
      "VS": 0,
      "VSV": 1
    },
    "UPS": {
      "UPS": 22,
      "B2": 0,
      "B3": 0,
      "B4": 0,
      "VS": 0,
      "VSV": 0
    },
    "VS": {
      "VS": 20,
      "B2": 0,
      "B3": 0,
      "B4": 0,
      "UPS": 0,
      "VSV": 2
    },
    "VSV": {
      "VSV": 18,
      "B2": 2,
      "B3": 0,
      "B4": 0,
      "UPS": 0,
      "VS": 2
    }
  },
  "failed": [
    "simple_call_test/audio/label_fixed_left/sr500000_xpps2000_h256_wHam/hog/C_TO_Jt1_16_06_20_029_468395.80_B2.htk",
    "simple_call_test/audio/label_fixed_left/sr500000_xpps2000_h256_wHam/hog/C_TO_Jt2_16_06_20_018_046849.37_B2.htk",
    "simple_call_test/audio/label_fixed_left/sr500000_xpps2000_h256_wHam/hog/C_TO_Jt2_16_06_25_016_029926.02_B2.htk",
    "simple_call_test/audio/label_fixed_left/sr500000_xpps2000_h256_wHam/hog/C_TO_Jt2_16_07_06_014_053632.33_B2.htk",
    "simple_call_test/audio/label_fixed_left/sr500000_xpps2000_h256_wHam/hog/C_TR_Jt6_16_06_15_082_248000.30_B4.htk",
    "simple_call_test/audio/label_fixed_left/sr500000_xpps2000_h256_wHam/hog/C_TR_Jt6_16_07_12_017_175833.90_B4.htk",
    "simple_call_test/audio/label_fixed_left/sr500000_xpps2000_h256_wHam/hog/C_TR_Jt8_16_06_17_019_007362.62_B4.htk",
    "simple_call_test/audio/label_fixed_left/sr500000_xpps2000_h256_wHam/hog/C_TR_Jt8_16_07_12_063_084102.48_B4.htk",
    "simple_call_test/audio/label_fixed_left/sr500000_xpps2000_h256_wHam/hog/C_TO_Jt3_16_06_20_017_006909.42_B3.htk",
    "simple_call_test/audio/label_fixed_left/sr500000_xpps2000_h256_wHam/hog/C_TO_Jt3_16_07_11_009_298654.10_B3.htk",
    "simple_call_test/audio/label_fixed_left/sr500000_xpps2000_h256_wHam/hog/C_TR_Jt4_16_06_19_013_012027.60_B3.htk",
    "simple_call_test/audio/label_fixed_left/sr500000_xpps2000_h256_wHam/hog/C_TR_Jt4_16_06_25_005_052221.81_B3.htk",
    "simple_call_test/audio/label_fixed_left/sr500000_xpps2000_h256_wHam/hog/C_TR_Jt5_16_06_27_025_061924.92_B3.htk",
    "simple_call_test/audio/label_fixed_left/sr500000_xpps2000_h256_wHam/hog/VSV_C_TR_Jt5_16_06_15_047_min42_000040.97_VSV.htk",
    "simple_call_test/audio/label_fixed_left/sr500000_xpps2000_h256_wHam/hog/VSV_C_TR_Jt5_16_07_12_021_2_min74_000017.91_VSV.htk",
    "simple_call_test/audio/label_fixed_left/sr500000_xpps2000_h256_wHam/hog/VS_C_TR_Jt4_16_06_15_043_min23_000061.00_VS.htk",
    "simple_call_test/audio/label_fixed_left/sr500000_xpps2000_h256_wHam/hog/B2_C_TR_Jt5_16_07_10_034_001969.35_B2.htk",
    "simple_call_test/audio/label_fixed_left/sr500000_xpps2000_h256_wHam/hog/C_TO_Jt2_16_06_20_018_046973.78_B2.htk",
    "simple_call_test/audio/label_fixed_left/sr500000_xpps2000_h256_wHam/hog/C_TO_Jt2_16_06_25_016_029581.37_B2.htk",
    "simple_call_test/audio/label_fixed_left/sr500000_xpps2000_h256_wHam/hog/C_TO_Jt3_16_06_18_006_072342.96_B2.htk",
    "simple_call_test/audio/label_fixed_left/sr500000_xpps2000_h256_wHam/hog/C_TO_Jt1_16_06_20_029_360101.50_B4.htk",
    "simple_call_test/audio/label_fixed_left/sr500000_xpps2000_h256_wHam/hog/C_TR_Jt1_16_06_02_109_004553.61_B4.htk",
    "simple_call_test/audio/label_fixed_left/sr500000_xpps2000_h256_wHam/hog/C_TR_Jt4_16_06_11_013_161915.30_B4.htk",
    "simple_call_test/audio/label_fixed_left/sr500000_xpps2000_h256_wHam/hog/C_TR_Jt8_16_06_17_019_007248.29_B4.htk",
    "simple_call_test/audio/label_fixed_left/sr500000_xpps2000_h256_wHam/hog/C_TO_Jt3_16_06_20_017_010840.13_B3.htk",
    "simple_call_test/audio/label_fixed_left/sr500000_xpps2000_h256_wHam/hog/C_TO_Jt3_16_07_11_009_297870.00_B3.htk",
    "simple_call_test/audio/label_fixed_left/sr500000_xpps2000_h256_wHam/hog/C_TR_Jt3_16_06_16_013_067091.54_B3.htk",
    "simple_call_test/audio/label_fixed_left/sr500000_xpps2000_h256_wHam/hog/C_TR_Jt5_16_06_17_024_045788.89_B3.htk",
    "simple_call_test/audio/label_fixed_left/sr500000_xpps2000_h256_wHam/hog/C_TR_Jt5_16_06_21_008_068979.69_B3.htk",
    "simple_call_test/audio/label_fixed_left/sr500000_xpps2000_h256_wHam/hog/C_TR_Jt5_16_06_27_025_062044.97_B3.htk",
    "simple_call_test/audio/label_fixed_left/sr500000_xpps2000_h256_wHam/hog/C_TR_Jt6_16_06_15_016_038633.63_B3.htk",
    "simple_call_test/audio/label_fixed_left/sr500000_xpps2000_h256_wHam/hog/VSV_C_TR_Jt4_16_06_11_013_min95_000040.32_VSV.htk",
    "simple_call_test/audio/label_fixed_left/sr500000_xpps2000_h256_wHam/hog/VSV_C_TR_Jt5_16_06_19_071_min162_000014.97_VSV.htk",
    "simple_call_test/audio/label_fixed_left/sr500000_xpps2000_h256_wHam/hog/VS_C_TO_Jt3_16_07_11_009_min16_000028.96_VS.htk"
  ],
  "env": {
    "os": "Linux",
    "platform": "Linux-3.10.0-1127.19.1.el7.x86_64-x86_64-with-glibc2.10",
    "sox": "14.4.2",
    "java": [
      "openjdk version \"1.8.0_262\"",
      "OpenJDK Runtime Environment (build 1.8.0_262-b10)",
      "OpenJDK 64-Bit Server VM (build 25.262-b10, mixed mode)"
    ],
    "keras": "2.4.0",
    "tf": "2.3.1",
    "gpu": "device: 0, name: Tesla P100-PCIE-12GB, pci bus id: 0000:04:00.0, compute capability: 6.0, device: 1, name: Tesla P100-PCIE-12GB, pci bus id: 0000:08:00.0, compute capability: 6.0"
  },
  "pipeline": [
    {
      "task": "AudioLoadTask",
      "props": {
        "mdb": "simple_call_test/metadata.json",
        "dataset_name": "simple_call_test",
        "source": "simple_call_test/audio"
      }
    },
    {
      "task": "ExtractLabelPartsTask",
      "props": {
        "fixed_length": true,
        "dataset_name": null,
        "padded_left": true
      }
    },
    {
      "task": "CreateSpectrogramTask",
      "props": {
        "sampling_rate": 500000,
        "x_pixels_per_sec": 2000,
        "height": 256,
        "window": "Ham"
      }
    },
    {
      "task": "ExtractHOGHWRecogTask",
      "props": {}
    },
    {
      "task": "KFoldSeparationTask",
      "props": {
        "k": 8,
        "val_bins": 1,
        "test_bins": 2,
        "n": 6
      }
    },
    {
      "task": "CreateNNModelTask",
      "props": {
        "name": "cnn_2d_sct_left_padded_nrs0xpps2000h256_hog_100_3d",
        "model": {
          "name": "sequential",
          "layers": [
            {
              "class_name": "InputLayer",
              "config": {
                "batch_input_shape": [
                  null,
                  194,
                  24,
                  12
                ],
                "dtype": "float32",
                "sparse": false,
                "ragged": false,
                "name": "conv2d_input"
              }
            },
            {
              "class_name": "Conv2D",
              "config": {
                "name": "conv2d",
                "trainable": true,
                "batch_input_shape": [
                  null,
                  194,
                  24,
                  12
                ],
                "dtype": "float32",
                "filters": 32,
                "kernel_size": [
                  3,
                  3
                ],
                "strides": [
                  1,
                  1
                ],
                "padding": "valid",
                "data_format": "channels_last",
                "dilation_rate": [
                  1,
                  1
                ],
                "groups": 1,
                "activation": "relu",
                "use_bias": true,
                "kernel_initializer": {
                  "class_name": "GlorotUniform",