{
  "id": "nn_lstm_sct_padded_nrs0xpps2000h256_raw_100/07c1f54c298c99953c9e461877bc450a9e5150fe/rec/rec_81b6e1ca28b1cd05dd3217a0ed05d01a6b4baf19_e92.report",
  "timestamp": "2020-11-11T15:17:56Z",
  "accuracy": 0.6136363636363636,
  "loss": 1.2584321898634365,
  "correct": 81,
  "incorrect": 51,
  "total": 132,
  "confusion": {
    "B2": {
      "B2": 12,
      "B3": 2,
      "B4": 4,
      "UPS": 0,
      "VS": 1,
      "VSV": 3
    },
    "B3": {
      "B3": 8,
      "B2": 6,
      "B4": 2,
      "UPS": 0,
      "VS": 5,
      "VSV": 1
    },
    "B4": {
      "B4": 13,
      "B2": 2,
      "B3": 3,
      "UPS": 0,
      "VS": 1,
      "VSV": 3
    },
    "UPS": {
      "UPS": 22,
      "B2": 0,
      "B3": 0,
      "B4": 0,
      "VS": 0,
      "VSV": 0
    },
    "VS": {
      "VS": 13,
      "B2": 0,
      "B3": 6,
      "B4": 1,
      "UPS": 0,
      "VSV": 2
    },
    "VSV": {
      "VSV": 13,
      "B2": 4,
      "B3": 1,
      "B4": 2,
      "UPS": 0,
      "VS": 2
    }
  },
  "failed": [
    "simple_call_test/audio/label_fixed/sr500000_xpps2000_h256_wHam/img/B2_C_TR_Jt2_16_06_02_044_000537.91_B2.htk",
    "simple_call_test/audio/label_fixed/sr500000_xpps2000_h256_wHam/img/C_TO_Jt1_16_06_20_029_360627.40_B2.htk",
    "simple_call_test/audio/label_fixed/sr500000_xpps2000_h256_wHam/img/C_TO_Jt2_16_06_12_018_017999.06_B2.htk",
    "simple_call_test/audio/label_fixed/sr500000_xpps2000_h256_wHam/img/C_TO_Jt2_16_06_24_015_052657.36_B2.htk",
    "simple_call_test/audio/label_fixed/sr500000_xpps2000_h256_wHam/img/C_TO_Jt2_16_06_26_010_194914.30_B2.htk",
    "simple_call_test/audio/label_fixed/sr500000_xpps2000_h256_wHam/img/C_TO_Jt2_16_06_20_018_047584.34_B4.htk",
    "simple_call_test/audio/label_fixed/sr500000_xpps2000_h256_wHam/img/C_TO_Jt3_16_07_06_006_089672.23_B4.htk",
    "simple_call_test/audio/label_fixed/sr500000_xpps2000_h256_wHam/img/C_TR_Jt4_16_06_23_057_205774.30_B4.htk",
    "simple_call_test/audio/label_fixed/sr500000_xpps2000_h256_wHam/img/C_TR_Jt6_16_06_23_080_103281.90_B4.htk",
    "simple_call_test/audio/label_fixed/sr500000_xpps2000_h256_wHam/img/C_TR_Jt7_16_07_12_020_153616.60_B4.htk",
    "simple_call_test/audio/label_fixed/sr500000_xpps2000_h256_wHam/img/C_TO_Jt2_16_06_26_010_301515.80_B3.htk",
    "simple_call_test/audio/label_fixed/sr500000_xpps2000_h256_wHam/img/C_TO_Jt3_16_07_09_018_013666.86_B3.htk",
    "simple_call_test/audio/label_fixed/sr500000_xpps2000_h256_wHam/img/C_TR_Jt3_16_06_16_013_066996.52_B3.htk",
    "simple_call_test/audio/label_fixed/sr500000_xpps2000_h256_wHam/img/C_TR_Jt4_16_06_15_043_087065.02_B3.htk",
    "simple_call_test/audio/label_fixed/sr500000_xpps2000_h256_wHam/img/C_TR_Jt4_16_06_23_057_154627.00_B3.htk",
    "simple_call_test/audio/label_fixed/sr500000_xpps2000_h256_wHam/img/C_TR_Jt5_16_06_15_047_050256.48_B3.htk",
    "simple_call_test/audio/label_fixed/sr500000_xpps2000_h256_wHam/img/C_TR_Jt5_16_06_21_008_063925.95_B3.htk",
    "simple_call_test/audio/label_fixed/sr500000_xpps2000_h256_wHam/img/C_TR_Jt5_16_07_12_021_2_336955.00_B3.htk",
    "simple_call_test/audio/label_fixed/sr500000_xpps2000_h256_wHam/img/C_TR_Jt6_16_06_19_076_002422.71_B3.htk",
    "simple_call_test/audio/label_fixed/sr500000_xpps2000_h256_wHam/img/VSV_C_TO_Jt2_16_06_12_018_min165_000286.61_VSV.htk",
    "simple_call_test/audio/label_fixed/sr500000_xpps2000_h256_wHam/img/VSV_C_TO_Jt2_16_06_20_018_min68_000208.45_VSV.htk",
    "simple_call_test/audio/label_fixed/sr500000_xpps2000_h256_wHam/img/VSV_C_TO_Jt3_16_07_11_009_min12_000074.80_VSV.htk",
    "simple_call_test/audio/label_fixed/sr500000_xpps2000_h256_wHam/img/VSV_C_TR_Jt4_16_07_10_015_min31_000014.10_VSV.htk",
    "simple_call_test/audio/label_fixed/sr500000_xpps2000_h256_wHam/img/VSV_C_TR_Jt5_16_06_21_008_min131_000020.26_VSV.htk",
    "simple_call_test/audio/label_fixed/sr500000_xpps2000_h256_wHam/img/VS_C_TO_Jt2_16_06_26_010_min297_000009.92_VS.htk",
    "simple_call_test/audio/label_fixed/sr500000_xpps2000_h256_wHam/img/VS_C_TO_Jt3_16_06_18_006_min13_000103.38_VS.htk",
    "simple_call_test/audio/label_fixed/sr500000_xpps2000_h256_wHam/img/VS_C_TR_Jt5_16_06_23_025_min13_000036.57_VS.htk",
    "simple_call_test/audio/label_fixed/sr500000_xpps2000_h256_wHam/img/C_TO_Jt1_16_06_20_029_468521.20_B2.htk",
    "simple_call_test/audio/label_fixed/sr500000_xpps2000_h256_wHam/img/C_TO_Jt2_16_06_12_018_193791.20_B2.htk",
    "simple_call_test/audio/label_fixed/sr500000_xpps2000_h256_wHam/img/C_TO_Jt2_16_06_25_016_029739.00_B2.htk",
    "simple_call_test/audio/label_fixed/sr500000_xpps2000_h256_wHam/img/C_TO_Jt2_16_06_26_010_195566.10_B2.htk",
    "simple_call_test/audio/label_fixed/sr500000_xpps2000_h256_wHam/img/C_TO_Jt3_16_06_18_006_043098.27_B2.htk",
    "simple_call_test/audio/label_fixed/sr500000_xpps2000_h256_wHam/img/C_TO_Jt3_16_07_06_006_089794.53_B4.htk",
    "simple_call_test/audio/label_fixed/sr500000_xpps2000_h256_wHam/img/C_TR_Jt5_16_06_15_047_012566.78_B4.htk",
    "simple_call_test/audio/label_fixed/sr500000_xpps2000_h256_wHam/img/C_TR_Jt6_16_07_12_017_175631.70_B4.htk",
    "simple_call_test/audio/label_fixed/sr500000_xpps2000_h256_wHam/img/C_TR_Jt8_16_06_17_019_007138.76_B4.htk",
    "simple_call_test/audio/label_fixed/sr500000_xpps2000_h256_wHam/img/C_TO_Jt2_16_07_04_023_114627.60_B3.htk",
    "simple_call_test/audio/label_fixed/sr500000_xpps2000_h256_wHam/img/C_TO_Jt3_16_07_09_018_013917.09_B3.htk",
    "simple_call_test/audio/label_fixed/sr500000_xpps2000_h256_wHam/img/C_TR_Jt3_16_06_16_013_067187.20_B3.htk",
    "simple_call_test/audio/label_fixed/sr500000_xpps2000_h256_wHam/img/C_TR_Jt5_16_06_21_008_068349.49_B3.htk",
    "simple_call_test/audio/label_fixed/sr500000_xpps2000_h256_wHam/img/C_TR_Jt5_16_07_12_021_2_337219.70_B3.htk",
    "simple_call_test/audio/label_fixed/sr500000_xpps2000_h256_wHam/img/VSV_C_TO_Jt2_16_06_12_018_min165_000368.19_VSV.htk",
    "simple_call_test/audio/label_fixed/sr500000_xpps2000_h256_wHam/img/VSV_C_TO_Jt3_16_06_24_017_min2_000103.78_VSV.htk",
    "simple_call_test/audio/label_fixed/sr500000_xpps2000_h256_wHam/img/VSV_C_TR_Jt4_16_07_10_015_min31_000080.22_VSV.htk",
    "simple_call_test/audio/label_fixed/sr500000_xpps2000_h256_wHam/img/VSV_C_TR_Jt5_16_06_23_025_min110_000061.03_VSV.htk",
    "simple_call_test/audio/label_fixed/sr500000_xpps2000_h256_wHam/img/VS_C_TO_Jt2_16_06_24_015_min22_000039.90_VS.htk",
    "simple_call_test/audio/label_fixed/sr500000_xpps2000_h256_wHam/img/VS_C_TO_Jt2_16_06_26_010_min92_000192.90_VS.htk",
    "simple_call_test/audio/label_fixed/sr500000_xpps2000_h256_wHam/img/VS_C_TO_Jt3_16_06_18_006_min13_000193.73_VS.htk",
    "simple_call_test/audio/label_fixed/sr500000_xpps2000_h256_wHam/img/VS_C_TR_Jt1_16_06_02_109_min3_000028.25_VS.htk",
    "simple_call_test/audio/label_fixed/sr500000_xpps2000_h256_wHam/img/VS_C_TR_Jt5_16_06_23_025_min13_000189.11_VS.htk",
    "simple_call_test/audio/label_fixed/sr500000_xpps2000_h256_wHam/img/VS_C_TR_Jt5_16_07_12_021_2_min98_000107.48_VS.htk"
  ],
  "env": {
    "os": "Linux",
    "platform": "Linux-3.10.0-1127.19.1.el7.x86_64-x86_64-with-glibc2.10",
    "sox": "14.4.2",
    "java": [
      "openjdk version \"1.8.0_262\"",
      "OpenJDK Runtime Environment (build 1.8.0_262-b10)",
      "OpenJDK 64-Bit Server VM (build 25.262-b10, mixed mode)"
    ],
    "keras": "2.4.0",
    "tf": "2.3.1",
    "gpu": "device: 0, name: Tesla P100-PCIE-12GB, pci bus id: 0000:05:00.0, compute capability: 6.0"
  },
  "pipeline": [
    {
      "task": "AudioLoadTask",
      "props": {
        "mdb": "simple_call_test/metadata.json",
        "dataset_name": "simple_call_test",
        "source": "simple_call_test/audio"
      }
    },
    {
      "task": "ExtractLabelPartsTask",
      "props": {
        "fixed_length": true,
        "dataset_name": null
      }
    },
    {
      "task": "CreateSpectrogramTask",
      "props": {
        "sampling_rate": 500000,
        "x_pixels_per_sec": 2000,
        "height": 256,