{
  "id": "nn_cnn_2d_sct_padded_nrs0xpps2000h256_hog_100/637e83877cc63a26c163cf3ff6c049c53b71394a/rec/rec_8b82d196da23269cec4249bea232f180a92e7fd3_e89.report",
  "timestamp": "2020-11-13T10:49:11Z",
  "accuracy": 0.803030303030303,
  "loss": 0.9574659857594983,
  "correct": 106,
  "incorrect": 26,
  "total": 132,
  "confusion": {
    "B2": {
      "B2": 18,
      "B3": 1,
      "B4": 3,
      "UPS": 0,
      "VS": 0,
      "VSV": 0
    },
    "B3": {
      "B3": 13,
      "B2": 6,
      "B4": 2,
      "UPS": 0,
      "VS": 1,
      "VSV": 0
    },
    "B4": {
      "B4": 14,
      "B2": 5,
      "B3": 2,
      "UPS": 0,
      "VS": 0,
      "VSV": 1
    },
    "UPS": {
      "UPS": 22,
      "B2": 0,
      "B3": 0,
      "B4": 0,
      "VS": 0,
      "VSV": 0
    },
    "VS": {
      "VS": 19,
      "B2": 0,
      "B3": 0,
      "B4": 0,
      "UPS": 0,
      "VSV": 3
    },
    "VSV": {
      "VSV": 20,
      "B2": 0,
      "B3": 0,
      "B4": 0,
      "UPS": 0,
      "VS": 2
    }
  },
  "failed": [
    "simple_call_test/audio/label_fixed/sr500000_xpps2000_h256_wHam/hog/C_TO_Jt1_16_06_20_029_475582.60_B2.htk",
    "simple_call_test/audio/label_fixed/sr500000_xpps2000_h256_wHam/hog/C_TO_Jt2_16_06_20_018_051190.84_B2.htk",
    "simple_call_test/audio/label_fixed/sr500000_xpps2000_h256_wHam/hog/C_TO_Jt3_16_06_18_006_029137.14_B4.htk",
    "simple_call_test/audio/label_fixed/sr500000_xpps2000_h256_wHam/hog/C_TR_Jt4_16_06_19_013_012126.66_B4.htk",
    "simple_call_test/audio/label_fixed/sr500000_xpps2000_h256_wHam/hog/C_TR_Jt7_16_06_23_071_005127.07_B4.htk",
    "simple_call_test/audio/label_fixed/sr500000_xpps2000_h256_wHam/hog/C_TR_Jt7_16_07_10_009_014889.82_B4.htk",
    "simple_call_test/audio/label_fixed/sr500000_xpps2000_h256_wHam/hog/C_TO_Jt3_16_06_18_006_076198.43_B3.htk",
    "simple_call_test/audio/label_fixed/sr500000_xpps2000_h256_wHam/hog/C_TR_Jt1_16_06_07_058_000910.16_B3.htk",
    "simple_call_test/audio/label_fixed/sr500000_xpps2000_h256_wHam/hog/C_TR_Jt4_16_06_11_013_096210.96_B3.htk",
    "simple_call_test/audio/label_fixed/sr500000_xpps2000_h256_wHam/hog/C_TR_Jt5_16_06_19_071_116388.20_B3.htk",
    "simple_call_test/audio/label_fixed/sr500000_xpps2000_h256_wHam/hog/VSV_C_TO_Jt2_16_06_26_009_000322.76_VSV.htk",
    "simple_call_test/audio/label_fixed/sr500000_xpps2000_h256_wHam/hog/VS_C_TR_Jt5_16_06_21_008_min138_000010.88_VS.htk",
    "simple_call_test/audio/label_fixed/sr500000_xpps2000_h256_wHam/hog/C_TO_Jt1_16_06_20_015_062571.36_B2.htk",
    "simple_call_test/audio/label_fixed/sr500000_xpps2000_h256_wHam/hog/C_TO_Jt1_16_06_20_029_475729.90_B2.htk",
    "simple_call_test/audio/label_fixed/sr500000_xpps2000_h256_wHam/hog/C_TO_Jt2_16_06_20_018_047295.33_B4.htk",
    "simple_call_test/audio/label_fixed/sr500000_xpps2000_h256_wHam/hog/C_TO_Jt3_16_06_20_017_008032.86_B4.htk",
    "simple_call_test/audio/label_fixed/sr500000_xpps2000_h256_wHam/hog/C_TR_Jt1_16_06_02_109_019244.31_B4.htk",
    "simple_call_test/audio/label_fixed/sr500000_xpps2000_h256_wHam/hog/C_TR_Jt4_16_06_19_013_012210.09_B4.htk",
    "simple_call_test/audio/label_fixed/sr500000_xpps2000_h256_wHam/hog/C_TO_Jt3_16_06_18_006_076088.89_B3.htk",
    "simple_call_test/audio/label_fixed/sr500000_xpps2000_h256_wHam/hog/C_TR_Jt1_16_06_07_058_000797.01_B3.htk",
    "simple_call_test/audio/label_fixed/sr500000_xpps2000_h256_wHam/hog/C_TR_Jt4_16_06_11_013_095978.00_B3.htk",
    "simple_call_test/audio/label_fixed/sr500000_xpps2000_h256_wHam/hog/C_TR_Jt5_16_06_23_025_082606.90_B3.htk",
    "simple_call_test/audio/label_fixed/sr500000_xpps2000_h256_wHam/hog/C_TR_Jt5_16_07_12_021_2_254170.30_B3.htk",
    "simple_call_test/audio/label_fixed/sr500000_xpps2000_h256_wHam/hog/VSV_C_TO_Jt3_16_07_04_021_min83_000035.64_VSV.htk",
    "simple_call_test/audio/label_fixed/sr500000_xpps2000_h256_wHam/hog/VS_C_TR_Jt5_16_06_21_008_min138_000091.48_VS.htk",
    "simple_call_test/audio/label_fixed/sr500000_xpps2000_h256_wHam/hog/VS_C_TR_Jt5_16_07_12_021_2_min86_000039.28_VS.htk"
  ],
  "env": {
    "os": "Linux",
    "platform": "Linux-3.10.0-1127.19.1.el7.x86_64-x86_64-with-glibc2.10",
    "sox": "14.4.2",
    "java": [
      "openjdk version \"1.8.0_262\"",
      "OpenJDK Runtime Environment (build 1.8.0_262-b10)",
      "OpenJDK 64-Bit Server VM (build 25.262-b10, mixed mode)"
    ],
    "keras": "2.4.0",
    "tf": "2.3.1",
    "gpu": "device: 0, name: Tesla P100-PCIE-12GB, pci bus id: 0000:87:00.0, compute capability: 6.0"
  },
  "pipeline": [
    {
      "task": "AudioLoadTask",
      "props": {
        "mdb": "simple_call_test/metadata.json",
        "dataset_name": "simple_call_test",
        "source": "simple_call_test/audio"
      }
    },
    {
      "task": "ExtractLabelPartsTask",
      "props": {
        "fixed_length": true,
        "dataset_name": null
      }
    },
    {
      "task": "CreateSpectrogramTask",
      "props": {
        "sampling_rate": 500000,
        "x_pixels_per_sec": 2000,
        "height": 256,
        "window": "Ham"
      }
    },
    {
      "task": "ExtractHOGHWRecogTask",
      "props": {}
    },
    {
      "task": "KFoldSeparationTask",
      "props": {
        "k": 8,
        "val_bins": 1,
        "test_bins": 2,
        "n": 1
      }
    },
    {
      "task": "CreateNNModelTask",
      "props": {
        "name": "cnn_2d_sct_padded_nrs0xpps2000h256_hog_100",
        "model": {
          "name": "sequential",
          "layers": [
            {
              "class_name": "InputLayer",
              "config": {
                "batch_input_shape": [
                  null,
                  194,
                  288,
                  1
                ],
                "dtype": "float32",
                "sparse": false,
                "ragged": false,
                "name": "conv2d_input"
              }
            },
            {
              "class_name": "Conv2D",
              "config": {
                "name": "conv2d",
                "trainable": true,
                "batch_input_shape": [
                  null,
                  194,
                  288,
                  1
                ],
                "dtype": "float32",
                "filters": 32,
                "kernel_size": [
                  3,
                  3
                ],
                "strides": [
                  1,
                  1
                ],
                "padding": "valid",
                "data_format": "channels_last",
                "dilation_rate": [
                  1,
                  1
                ],
                "groups": 1,
                "activation": "relu",
                "use_bias": true,
                "kernel_initializer": {
                  "class_name": "GlorotUniform",
                  "config": {
                    "seed": null
                  }
                },
                "bias_initializer": {
                  "class_name": "Zeros",
                  "config": {}
                },
                "kernel_regularizer": null,
                "bias_regularizer": null,
                "activity_regularizer": null,
                "kernel_constraint": null,
                "bias_constraint": null
              }
            },
            {
              "class_name": "MaxPooling2D",
              "config": {
                "name": "max_pooling2d",
                "trainable": true,
                "dtype": "float32",
                "pool_size": [
                  2,
                  2
                ],
                "padding": "valid",
                "strides": [
                  2,
                  2
                ],
                "data_format": "channels_last"
              }
            },
            {
              "class_name": "Conv2D",
              "config": {
                "name": "conv2d_1",
                "trainable": true,
                "dtype": "float32",
                "filters": 64,