{
  "id": "nn_lstm_sct_left_padded_nrs0xpps2000h256_raw_100/93688afba2bc3012f83c1906d3ef725f143c75ec/rec/rec_dbef0cda3037e42bca56050659759c350190a8e3_e27.report",
  "timestamp": "2020-12-20T23:17:37Z",
  "accuracy": 0.7196969696969697,
  "loss": 0.9635557025977216,
  "correct": 95,
  "incorrect": 37,
  "total": 132,
  "confusion": {
    "B2": {
      "B2": 14,
      "B3": 6,
      "B4": 2,
      "UPS": 0,
      "VS": 0,
      "VSV": 0
    },
    "B3": {
      "B3": 14,
      "B2": 6,
      "B4": 1,
      "UPS": 1,
      "VS": 0,
      "VSV": 0
    },
    "B4": {
      "B4": 9,
      "B2": 7,
      "B3": 4,
      "UPS": 0,
      "VS": 1,
      "VSV": 1
    },
    "UPS": {
      "UPS": 22,
      "B2": 0,
      "B3": 0,
      "B4": 0,
      "VS": 0,
      "VSV": 0
    },
    "VS": {
      "VS": 17,
      "B2": 0,
      "B3": 0,
      "B4": 0,
      "UPS": 0,
      "VSV": 5
    },
    "VSV": {
      "VSV": 19,
      "B2": 1,
      "B3": 0,
      "B4": 0,
      "UPS": 0,
      "VS": 2
    }
  },
  "failed": [
    "simple_call_test/audio/label_fixed_left/sr500000_xpps2000_h256_wHam/img/C_TO_Jt2_16_06_12_018_018106.82_B2.htk",
    "simple_call_test/audio/label_fixed_left/sr500000_xpps2000_h256_wHam/img/C_TO_Jt2_16_06_18_005_032169.37_B2.htk",
    "simple_call_test/audio/label_fixed_left/sr500000_xpps2000_h256_wHam/img/C_TO_Jt2_16_06_26_010_195566.10_B2.htk",
    "simple_call_test/audio/label_fixed_left/sr500000_xpps2000_h256_wHam/img/C_TO_Jt2_16_07_06_014_053484.79_B2.htk",
    "simple_call_test/audio/label_fixed_left/sr500000_xpps2000_h256_wHam/img/C_TO_Jt1_16_06_20_015_045959.73_B4.htk",
    "simple_call_test/audio/label_fixed_left/sr500000_xpps2000_h256_wHam/img/C_TO_Jt2_16_06_20_018_050948.28_B4.htk",
    "simple_call_test/audio/label_fixed_left/sr500000_xpps2000_h256_wHam/img/C_TO_Jt3_16_07_06_006_089794.53_B4.htk",
    "simple_call_test/audio/label_fixed_left/sr500000_xpps2000_h256_wHam/img/C_TR_Jt1_16_06_02_109_031574.46_B4.htk",
    "simple_call_test/audio/label_fixed_left/sr500000_xpps2000_h256_wHam/img/C_TR_Jt6_16_07_12_017_175631.70_B4.htk",
    "simple_call_test/audio/label_fixed_left/sr500000_xpps2000_h256_wHam/img/C_TR_Jt7_16_07_07_017_102207.50_B4.htk",
    "simple_call_test/audio/label_fixed_left/sr500000_xpps2000_h256_wHam/img/C_TR_Jt8_16_06_17_019_007138.76_B4.htk",
    "simple_call_test/audio/label_fixed_left/sr500000_xpps2000_h256_wHam/img/C_TR_Jt8_16_07_12_063_076748.57_B4.htk",
    "simple_call_test/audio/label_fixed_left/sr500000_xpps2000_h256_wHam/img/C_TR_Jt4_16_06_19_013_011776.85_B3.htk",
    "simple_call_test/audio/label_fixed_left/sr500000_xpps2000_h256_wHam/img/C_TR_Jt4_16_06_25_005_051849.68_B3.htk",
    "simple_call_test/audio/label_fixed_left/sr500000_xpps2000_h256_wHam/img/C_TR_Jt5_16_06_21_008_068349.49_B3.htk",
    "simple_call_test/audio/label_fixed_left/sr500000_xpps2000_h256_wHam/img/C_TR_Jt5_16_06_27_025_061551.00_B3.htk",
    "simple_call_test/audio/label_fixed_left/sr500000_xpps2000_h256_wHam/img/C_TR_Jt5_16_07_12_021_2_337219.70_B3.htk",
    "simple_call_test/audio/label_fixed_left/sr500000_xpps2000_h256_wHam/img/C_TR_Jt6_16_06_19_076_002179.48_B3.htk",
    "simple_call_test/audio/label_fixed_left/sr500000_xpps2000_h256_wHam/img/VSV_C_TO_Jt2_16_06_12_018_min165_000368.19_VSV.htk",
    "simple_call_test/audio/label_fixed_left/sr500000_xpps2000_h256_wHam/img/VS_C_TO_Jt2_16_06_24_015_min22_000039.90_VS.htk",
    "simple_call_test/audio/label_fixed_left/sr500000_xpps2000_h256_wHam/img/VS_C_TO_Jt3_16_06_18_006_min13_000193.73_VS.htk",
    "simple_call_test/audio/label_fixed_left/sr500000_xpps2000_h256_wHam/img/VS_C_TR_Jt5_16_06_19_071_min62_000114.44_VS.htk",
    "simple_call_test/audio/label_fixed_left/sr500000_xpps2000_h256_wHam/img/B2_C_TR_Jt5_16_07_10_034_001791.27_B2.htk",
    "simple_call_test/audio/label_fixed_left/sr500000_xpps2000_h256_wHam/img/C_TO_Jt1_16_06_20_029_468395.80_B2.htk",
    "simple_call_test/audio/label_fixed_left/sr500000_xpps2000_h256_wHam/img/C_TO_Jt2_16_06_12_018_018206.50_B2.htk",
    "simple_call_test/audio/label_fixed_left/sr500000_xpps2000_h256_wHam/img/C_TO_Jt2_16_07_06_014_053632.33_B2.htk",
    "simple_call_test/audio/label_fixed_left/sr500000_xpps2000_h256_wHam/img/C_TO_Jt2_16_06_20_018_051073.91_B4.htk",
    "simple_call_test/audio/label_fixed_left/sr500000_xpps2000_h256_wHam/img/C_TR_Jt6_16_06_15_082_248000.30_B4.htk",
    "simple_call_test/audio/label_fixed_left/sr500000_xpps2000_h256_wHam/img/C_TR_Jt6_16_07_12_017_175833.90_B4.htk",
    "simple_call_test/audio/label_fixed_left/sr500000_xpps2000_h256_wHam/img/C_TR_Jt8_16_06_17_019_007362.62_B4.htk",
    "simple_call_test/audio/label_fixed_left/sr500000_xpps2000_h256_wHam/img/C_TR_Jt8_16_07_12_063_084102.48_B4.htk",
    "simple_call_test/audio/label_fixed_left/sr500000_xpps2000_h256_wHam/img/C_TO_Jt2_16_07_04_023_114745.10_B3.htk",
    "simple_call_test/audio/label_fixed_left/sr500000_xpps2000_h256_wHam/img/C_TR_Jt4_16_06_19_013_012027.60_B3.htk",
    "simple_call_test/audio/label_fixed_left/sr500000_xpps2000_h256_wHam/img/VSV_C_TO_Jt3_16_07_11_009_min171_000106.70_VSV.htk",
    "simple_call_test/audio/label_fixed_left/sr500000_xpps2000_h256_wHam/img/VSV_C_TR_Jt5_16_07_12_021_2_min74_000017.91_VSV.htk",
    "simple_call_test/audio/label_fixed_left/sr500000_xpps2000_h256_wHam/img/VS_C_B_Jto_16_07_04_035_000208.88_VS.htk",
    "simple_call_test/audio/label_fixed_left/sr500000_xpps2000_h256_wHam/img/VS_C_TR_Jt5_16_06_19_071_min62_000187.00_VS.htk"
  ],
  "env": {
    "os": "Linux",
    "platform": "Linux-3.10.0-1127.19.1.el7.x86_64-x86_64-with-glibc2.10",
    "sox": "14.4.2",
    "java": [
      "openjdk version \"1.8.0_262\"",
      "OpenJDK Runtime Environment (build 1.8.0_262-b10)",
      "OpenJDK 64-Bit Server VM (build 25.262-b10, mixed mode)"
    ],
    "keras": "2.4.0",
    "tf": "2.3.1",
    "gpu": "device: 0, name: Tesla P100-PCIE-12GB, pci bus id: 0000:09:00.0, compute capability: 6.0"
  },
  "pipeline": [
    {
      "task": "AudioLoadTask",
      "props": {
        "mdb": "simple_call_test/metadata.json",
        "dataset_name": "simple_call_test",
        "source": "simple_call_test/audio"
      }
    },
    {
      "task": "ExtractLabelPartsTask",
      "props": {
        "fixed_length": true,
        "dataset_name": null,
        "padded_left": true
      }
    },
    {
      "task": "CreateSpectrogramTask",
      "props": {
        "sampling_rate": 500000,
        "x_pixels_per_sec": 2000,
        "height": 256,
        "window": "Ham"
      }
    },
    {
      "task": "ExtractPixelsTask",
      "props": {}
    },
    {
      "task": "KFoldSeparationTask",
      "props": {
        "k": 8,
        "val_bins": 1,
        "test_bins": 2,
        "n": 5
      }
    },
    {
      "task": "CreateNNModelTask",
      "props": {
        "name": "lstm_sct_left_padded_nrs0xpps2000h256_raw_100",
        "model": {
          "name": "sequential",
          "layers": [
            {
              "class_name": "InputLayer",
              "config": {
                "batch_input_shape": [
                  null,
                  null,
                  256
                ],
                "dtype": "float32",
                "sparse": false,
                "ragged": true,
                "name": "input_1"
              }
            },
            {
              "class_name": "LSTM",
              "config": {
                "name": "lstm",
                "trainable": true,
                "dtype": "float32",
                "return_sequences": true,
                "return_state": false,
                "go_backwards": false,
                "stateful": false,
                "unroll": false,
                "time_major": false,
                "units": 256,
                "activation": "tanh",
                "recurrent_activation": "sigmoid",
                "use_bias": true,
                "kernel_initializer": {
                  "class_name": "GlorotUniform",