{
  "id": "nn_cnn_1d_sct_padded_nrs0xpps2000h256_hog_100/dd00b2ef25d5648056bc616d91a807157f84ea68/rec/rec_48de4d3ab1e72ce5ff510c0e4d5cb9b3562b5429_e50.report",
  "timestamp": "2020-11-13T10:56:21Z",
  "accuracy": 0.7878787878787878,
  "loss": 0.5477806918959043,
  "correct": 104,
  "incorrect": 28,
  "total": 132,
  "confusion": {
    "B2": {
      "B2": 11,
      "B3": 4,
      "B4": 6,
      "UPS": 0,
      "VS": 0,
      "VSV": 1
    },
    "B3": {
      "B3": 19,
      "B2": 3,
      "B4": 0,
      "UPS": 0,
      "VS": 0,
      "VSV": 0
    },
    "B4": {
      "B4": 19,
      "B2": 2,
      "B3": 1,
      "UPS": 0,
      "VS": 0,
      "VSV": 0
    },
    "UPS": {
      "UPS": 22,
      "B2": 0,
      "B3": 0,
      "B4": 0,
      "VS": 0,
      "VSV": 0
    },
    "VS": {
      "VS": 16,
      "B2": 0,
      "B3": 0,
      "B4": 0,
      "UPS": 0,
      "VSV": 6
    },
    "VSV": {
      "VSV": 17,
      "B2": 1,
      "B3": 0,
      "B4": 0,
      "UPS": 0,
      "VS": 4
    }
  },
  "failed": [
    "simple_call_test/audio/label_fixed/sr500000_xpps2000_h256_wHam/hog/B2_C_TR_Jt2_16_06_02_044_000306.76_B2.htk",
    "simple_call_test/audio/label_fixed/sr500000_xpps2000_h256_wHam/hog/C_TO_Jt1_16_06_20_015_062447.76_B2.htk",
    "simple_call_test/audio/label_fixed/sr500000_xpps2000_h256_wHam/hog/C_TO_Jt2_16_06_12_018_017885.91_B2.htk",
    "simple_call_test/audio/label_fixed/sr500000_xpps2000_h256_wHam/hog/C_TO_Jt2_16_06_24_015_041349.09_B2.htk",
    "simple_call_test/audio/label_fixed/sr500000_xpps2000_h256_wHam/hog/C_TO_Jt2_16_07_04_023_207918.90_B2.htk",
    "simple_call_test/audio/label_fixed/sr500000_xpps2000_h256_wHam/hog/C_TO_Jt3_16_06_20_017_011470.47_B2.htk",
    "simple_call_test/audio/label_fixed/sr500000_xpps2000_h256_wHam/hog/C_TO_Jt3_16_06_20_017_007136.74_B4.htk",
    "simple_call_test/audio/label_fixed/sr500000_xpps2000_h256_wHam/hog/C_TR_Jt4_16_06_23_057_205685.70_B4.htk",
    "simple_call_test/audio/label_fixed/sr500000_xpps2000_h256_wHam/hog/C_TR_Jt5_16_06_15_047_013379.50_B3.htk",
    "simple_call_test/audio/label_fixed/sr500000_xpps2000_h256_wHam/hog/C_TR_Jt5_16_07_12_021_2_337339.40_B3.htk",
    "simple_call_test/audio/label_fixed/sr500000_xpps2000_h256_wHam/hog/VSV_C_TO_Jt2_16_07_04_023_min226_000111.51_VSV.htk",
    "simple_call_test/audio/label_fixed/sr500000_xpps2000_h256_wHam/hog/VSV_C_TO_Jt3_16_07_11_009_min12_000013.70_VSV.htk",
    "simple_call_test/audio/label_fixed/sr500000_xpps2000_h256_wHam/hog/VS_C_TO_Jt2_16_07_04_023_min166_000027.66_VS.htk",
    "simple_call_test/audio/label_fixed/sr500000_xpps2000_h256_wHam/hog/VS_C_TO_Jt3_16_07_23_003_min13_000096.39_VS.htk",
    "simple_call_test/audio/label_fixed/sr500000_xpps2000_h256_wHam/hog/C_TO_Jt1_16_06_20_029_360627.40_B2.htk",
    "simple_call_test/audio/label_fixed/sr500000_xpps2000_h256_wHam/hog/C_TO_Jt2_16_06_12_018_017999.06_B2.htk",
    "simple_call_test/audio/label_fixed/sr500000_xpps2000_h256_wHam/hog/C_TO_Jt2_16_06_12_018_048965.28_B2.htk",
    "simple_call_test/audio/label_fixed/sr500000_xpps2000_h256_wHam/hog/C_TO_Jt2_16_07_06_014_053281.70_B2.htk",
    "simple_call_test/audio/label_fixed/sr500000_xpps2000_h256_wHam/hog/C_TO_Jt3_16_06_18_006_042024.30_B2.htk",
    "simple_call_test/audio/label_fixed/sr500000_xpps2000_h256_wHam/hog/C_TR_Jt4_16_06_23_057_205774.30_B4.htk",
    "simple_call_test/audio/label_fixed/sr500000_xpps2000_h256_wHam/hog/C_TO_Jt3_16_06_18_007_004291.27_B3.htk",
    "simple_call_test/audio/label_fixed/sr500000_xpps2000_h256_wHam/hog/VSV_C_TO_Jt2_16_07_04_023_min226_000209.61_VSV.htk",
    "simple_call_test/audio/label_fixed/sr500000_xpps2000_h256_wHam/hog/VSV_C_TO_Jt3_16_07_11_009_min12_000074.80_VSV.htk",
    "simple_call_test/audio/label_fixed/sr500000_xpps2000_h256_wHam/hog/VSV_C_TR_Jt5_16_06_21_008_min131_000020.26_VSV.htk",
    "simple_call_test/audio/label_fixed/sr500000_xpps2000_h256_wHam/hog/VSV_C_TO_Jt2_16_07_23_010_min64_000012.54_VS.htk",
    "simple_call_test/audio/label_fixed/sr500000_xpps2000_h256_wHam/hog/VS_C_TO_Jt2_16_06_26_010_min297_000009.92_VS.htk",
    "simple_call_test/audio/label_fixed/sr500000_xpps2000_h256_wHam/hog/VS_C_TO_Jt3_16_06_18_006_min13_000103.38_VS.htk",
    "simple_call_test/audio/label_fixed/sr500000_xpps2000_h256_wHam/hog/VS_C_TR_Jt5_16_06_19_071_min62_000028.43_VS.htk"
  ],
  "env": {
    "os": "Linux",
    "platform": "Linux-3.10.0-1127.19.1.el7.x86_64-x86_64-with-glibc2.10",
    "sox": "14.4.2",
    "java": [
      "openjdk version \"1.8.0_262\"",
      "OpenJDK Runtime Environment (build 1.8.0_262-b10)",
      "OpenJDK 64-Bit Server VM (build 25.262-b10, mixed mode)"
    ],
    "keras": "2.4.0",
    "tf": "2.3.1",
    "gpu": "device: 0, name: Tesla P100-PCIE-12GB, pci bus id: 0000:87:00.0, compute capability: 6.0"
  },
  "pipeline": [
    {
      "task": "AudioLoadTask",
      "props": {
        "mdb": "simple_call_test/metadata.json",
        "dataset_name": "simple_call_test",
        "source": "simple_call_test/audio"
      }
    },
    {
      "task": "ExtractLabelPartsTask",
      "props": {
        "fixed_length": true,
        "dataset_name": null
      }
    },
    {
      "task": "CreateSpectrogramTask",
      "props": {
        "sampling_rate": 500000,
        "x_pixels_per_sec": 2000,
        "height": 256,
        "window": "Ham"
      }
    },
    {
      "task": "ExtractHOGHWRecogTask",
      "props": {}
    },
    {
      "task": "KFoldSeparationTask",
      "props": {
        "k": 8,
        "val_bins": 1,
        "test_bins": 2,
        "n": 3
      }
    },
    {
      "task": "CreateNNModelTask",
      "props": {
        "name": "cnn_1d_sct_padded_nrs0xpps2000h256_hog_100",
        "model": {
          "name": "sequential",
          "layers": [
            {
              "class_name": "InputLayer",
              "config": {
                "batch_input_shape": [
                  null,
                  194,
                  288
                ],
                "dtype": "float32",
                "sparse": false,
                "ragged": false,
                "name": "conv1d_input"
              }
            },
            {
              "class_name": "Conv1D",
              "config": {
                "name": "conv1d",
                "trainable": true,
                "batch_input_shape": [
                  null,
                  194,
                  288
                ],
                "dtype": "float32",
                "filters": 32,
                "kernel_size": [
                  3
                ],
                "strides": [
                  1
                ],
                "padding": "valid",
                "data_format": "channels_last",
                "dilation_rate": [
                  1
                ],
                "groups": 1,
                "activation": "relu",
                "use_bias": true,
                "kernel_initializer": {
                  "class_name": "GlorotUniform",
                  "config": {
                    "seed": null
                  }
                },
                "bias_initializer": {
                  "class_name": "Zeros",
                  "config": {}
                },
                "kernel_regularizer": null,
                "bias_regularizer": null,
                "activity_regularizer": null,
                "kernel_constraint": null,
                "bias_constraint": null
              }
            },
            {
              "class_name": "MaxPooling1D",
              "config": {
                "name": "max_pooling1d",
                "trainable": true,
                "dtype": "float32",
                "strides": [
                  2
                ],
                "pool_size": [
                  2
                ],
                "padding": "valid",
                "data_format": "channels_last"
              }
            },
            {
              "class_name": "Conv1D",
              "config": {
                "name": "conv1d_1",