{
  "id": "nn_lstm_sct_padded_nrs0xpps2000h256_hog_100/bdfaa3eccb4110e0e66c073e50de4e6c873f8733/rec/rec_93cd7345367625423eb26ab4d3f7c5fb5e526367_e91.report",
  "timestamp": "2020-11-13T10:28:49Z",
  "accuracy": 0.6893939393939394,
  "loss": 1.0484884241853891,
  "correct": 91,
  "incorrect": 41,
  "total": 132,
  "confusion": {
    "B2": {
      "B2": 11,
      "B3": 6,
      "B4": 4,
      "UPS": 0,
      "VS": 0,
      "VSV": 1
    },
    "B3": {
      "B3": 10,
      "B2": 6,
      "B4": 5,
      "UPS": 0,
      "VS": 0,
      "VSV": 1
    },
    "B4": {
      "B4": 15,
      "B2": 5,
      "B3": 2,
      "UPS": 0,
      "VS": 0,
      "VSV": 0
    },
    "UPS": {
      "UPS": 22,
      "B2": 0,
      "B3": 0,
      "B4": 0,
      "VS": 0,
      "VSV": 0
    },
    "VS": {
      "VS": 16,
      "B2": 0,
      "B3": 2,
      "B4": 2,
      "UPS": 0,
      "VSV": 2
    },
    "VSV": {
      "VSV": 17,
      "B2": 2,
      "B3": 0,
      "B4": 1,
      "UPS": 0,
      "VS": 2
    }
  },
  "failed": [
    "simple_call_test/audio/label_fixed/sr500000_xpps2000_h256_wHam/hog/C_TO_Jt2_16_06_12_018_018106.82_B2.htk",
    "simple_call_test/audio/label_fixed/sr500000_xpps2000_h256_wHam/hog/C_TO_Jt2_16_06_18_005_032169.37_B2.htk",
    "simple_call_test/audio/label_fixed/sr500000_xpps2000_h256_wHam/hog/C_TO_Jt2_16_06_25_016_029739.00_B2.htk",
    "simple_call_test/audio/label_fixed/sr500000_xpps2000_h256_wHam/hog/C_TO_Jt2_16_07_06_014_053484.79_B2.htk",
    "simple_call_test/audio/label_fixed/sr500000_xpps2000_h256_wHam/hog/C_TO_Jt3_16_06_18_006_043098.27_B2.htk",
    "simple_call_test/audio/label_fixed/sr500000_xpps2000_h256_wHam/hog/C_TO_Jt1_16_06_20_015_045959.73_B4.htk",
    "simple_call_test/audio/label_fixed/sr500000_xpps2000_h256_wHam/hog/C_TO_Jt3_16_07_06_006_089794.53_B4.htk",
    "simple_call_test/audio/label_fixed/sr500000_xpps2000_h256_wHam/hog/C_TR_Jt5_16_06_15_047_012566.78_B4.htk",
    "simple_call_test/audio/label_fixed/sr500000_xpps2000_h256_wHam/hog/C_TR_Jt6_16_07_12_017_175631.70_B4.htk",
    "simple_call_test/audio/label_fixed/sr500000_xpps2000_h256_wHam/hog/C_TR_Jt8_16_06_17_019_007138.76_B4.htk",
    "simple_call_test/audio/label_fixed/sr500000_xpps2000_h256_wHam/hog/C_TO_Jt3_16_07_09_018_013917.09_B3.htk",
    "simple_call_test/audio/label_fixed/sr500000_xpps2000_h256_wHam/hog/C_TR_Jt5_16_06_21_008_068349.49_B3.htk",
    "simple_call_test/audio/label_fixed/sr500000_xpps2000_h256_wHam/hog/C_TR_Jt5_16_06_27_025_061551.00_B3.htk",
    "simple_call_test/audio/label_fixed/sr500000_xpps2000_h256_wHam/hog/C_TR_Jt5_16_07_12_021_2_337219.70_B3.htk",
    "simple_call_test/audio/label_fixed/sr500000_xpps2000_h256_wHam/hog/C_TR_Jt6_16_06_19_076_002179.48_B3.htk",
    "simple_call_test/audio/label_fixed/sr500000_xpps2000_h256_wHam/hog/VSV_C_TR_JT2_16_06_02_044_min12_000022.88_VSV.htk",
    "simple_call_test/audio/label_fixed/sr500000_xpps2000_h256_wHam/hog/VSV_C_TR_Jt4_16_07_10_015_min31_000080.22_VSV.htk",
    "simple_call_test/audio/label_fixed/sr500000_xpps2000_h256_wHam/hog/VS_C_TO_Jt2_16_06_24_015_min22_000039.90_VS.htk",
    "simple_call_test/audio/label_fixed/sr500000_xpps2000_h256_wHam/hog/VS_C_TR_Jt1_16_06_02_109_min3_000028.25_VS.htk",
    "simple_call_test/audio/label_fixed/sr500000_xpps2000_h256_wHam/hog/VS_C_TR_Jt5_16_06_23_025_min13_000189.11_VS.htk",
    "simple_call_test/audio/label_fixed/sr500000_xpps2000_h256_wHam/hog/C_TO_Jt1_16_06_20_029_468395.80_B2.htk",
    "simple_call_test/audio/label_fixed/sr500000_xpps2000_h256_wHam/hog/C_TO_Jt2_16_06_20_018_046849.37_B2.htk",
    "simple_call_test/audio/label_fixed/sr500000_xpps2000_h256_wHam/hog/C_TO_Jt2_16_06_25_016_029926.02_B2.htk",
    "simple_call_test/audio/label_fixed/sr500000_xpps2000_h256_wHam/hog/C_TO_Jt2_16_07_06_014_053632.33_B2.htk",
    "simple_call_test/audio/label_fixed/sr500000_xpps2000_h256_wHam/hog/C_TO_Jt3_16_06_18_006_043272.72_B2.htk",
    "simple_call_test/audio/label_fixed/sr500000_xpps2000_h256_wHam/hog/C_TO_Jt3_16_06_24_017_061651.37_B2.htk",
    "simple_call_test/audio/label_fixed/sr500000_xpps2000_h256_wHam/hog/C_TR_Jt6_16_06_15_082_248000.30_B4.htk",
    "simple_call_test/audio/label_fixed/sr500000_xpps2000_h256_wHam/hog/C_TR_Jt6_16_07_12_017_175833.90_B4.htk",
    "simple_call_test/audio/label_fixed/sr500000_xpps2000_h256_wHam/hog/C_TO_Jt2_16_07_04_023_114745.10_B3.htk",
    "simple_call_test/audio/label_fixed/sr500000_xpps2000_h256_wHam/hog/C_TO_Jt3_16_06_20_017_006909.42_B3.htk",
    "simple_call_test/audio/label_fixed/sr500000_xpps2000_h256_wHam/hog/C_TO_Jt3_16_07_11_009_298654.10_B3.htk",
    "simple_call_test/audio/label_fixed/sr500000_xpps2000_h256_wHam/hog/C_TR_Jt5_16_06_17_024_053802.14_B3.htk",
    "simple_call_test/audio/label_fixed/sr500000_xpps2000_h256_wHam/hog/C_TR_Jt5_16_06_21_008_068217.85_B3.htk",
    "simple_call_test/audio/label_fixed/sr500000_xpps2000_h256_wHam/hog/C_TR_Jt5_16_06_27_025_061924.92_B3.htk",
    "simple_call_test/audio/label_fixed/sr500000_xpps2000_h256_wHam/hog/C_TR_Jt6_16_06_11_014_024820.46_B3.htk",
    "simple_call_test/audio/label_fixed/sr500000_xpps2000_h256_wHam/hog/VSV_C_TR_Jt1_16_06_02_109_000035.96_VSV.htk",
    "simple_call_test/audio/label_fixed/sr500000_xpps2000_h256_wHam/hog/VSV_C_TR_Jt5_16_06_15_047_min42_000040.97_VSV.htk",
    "simple_call_test/audio/label_fixed/sr500000_xpps2000_h256_wHam/hog/VSV_C_TR_Jt5_16_07_12_021_2_min74_000017.91_VSV.htk",
    "simple_call_test/audio/label_fixed/sr500000_xpps2000_h256_wHam/hog/VS_C_TO_Jt3_16_07_11_009_min158_000031.49_VS.htk",
    "simple_call_test/audio/label_fixed/sr500000_xpps2000_h256_wHam/hog/VS_C_TR_Jt1_16_06_02_109_min3_000129.64_VS.htk",
    "simple_call_test/audio/label_fixed/sr500000_xpps2000_h256_wHam/hog/VS_C_TR_Jt5_16_06_23_025_min13_000303.28_VS.htk"
  ],
  "env": {
    "os": "Linux",
    "platform": "Linux-3.10.0-1127.19.1.el7.x86_64-x86_64-with-glibc2.10",
    "sox": "14.4.2",
    "java": [
      "openjdk version \"1.8.0_262\"",
      "OpenJDK Runtime Environment (build 1.8.0_262-b10)",
      "OpenJDK 64-Bit Server VM (build 25.262-b10, mixed mode)"
    ],
    "keras": "2.4.0",
    "tf": "2.3.1",
    "gpu": "device: 0, name: Tesla P100-PCIE-12GB, pci bus id: 0000:87:00.0, compute capability: 6.0"
  },
  "pipeline": [
    {
      "task": "AudioLoadTask",
      "props": {
        "mdb": "simple_call_test/metadata.json",
        "dataset_name": "simple_call_test",
        "source": "simple_call_test/audio"
      }
    },
    {
      "task": "ExtractLabelPartsTask",
      "props": {
        "fixed_length": true,
        "dataset_name": null
      }
    },
    {
      "task": "CreateSpectrogramTask",
      "props": {
        "sampling_rate": 500000,
        "x_pixels_per_sec": 2000,
        "height": 256,
        "window": "Ham"
      }
    },
    {
      "task": "ExtractHOGHWRecogTask",
      "props": {}
    },
    {
      "task": "KFoldSeparationTask",
      "props": {
        "k": 8,
        "val_bins": 1,
        "test_bins": 2,
        "n": 5
      }
    },
    {
      "task": "CreateNNModelTask",
      "props": {
        "name": "lstm_sct_padded_nrs0xpps2000h256_hog_100",
        "model": {
          "name": "sequential",
          "layers": [
            {
              "class_name": "InputLayer",
              "config": {
                "batch_input_shape": [
                  null,
                  null,
                  288
                ],
                "dtype": "float32",
                "sparse": false,
                "ragged": true,
                "name": "input_1"
              }
            },
            {
              "class_name": "LSTM",
              "config": {
                "name": "lstm",
                "trainable": true,
                "dtype": "float32",
                "return_sequences": true,
                "return_state": false,
                "go_backwards": false,
                "stateful": false,
                "unroll": false,
                "time_major": false,
                "units": 256,