{
  "id": "nn_cnn_2d_sct_left_padded_nrs6xpps2000h256_hog_100_3d/5a7594d469d76c68004aef293033c5a6570c02bd/rec/rec_ad8e620ff2ad2c4d5edb5e302fcad854f7bb2191_e8.report",
  "timestamp": "2020-12-21T21:43:59Z",
  "accuracy": 0.7121212121212122,
  "loss": 0.7268721425417893,
  "correct": 94,
  "incorrect": 38,
  "total": 132,
  "confusion": {
    "B2": {
      "B2": 9,
      "B3": 3,
      "B4": 8,
      "UPS": 0,
      "VS": 0,
      "VSV": 2
    },
    "B3": {
      "B3": 19,
      "B2": 3,
      "B4": 0,
      "UPS": 0,
      "VS": 0,
      "VSV": 0
    },
    "B4": {
      "B4": 9,
      "B2": 4,
      "B3": 5,
      "UPS": 0,
      "VS": 0,
      "VSV": 4
    },
    "UPS": {
      "UPS": 22,
      "B2": 0,
      "B3": 0,
      "B4": 0,
      "VS": 0,
      "VSV": 0
    },
    "VS": {
      "VS": 16,
      "B2": 0,
      "B3": 0,
      "B4": 0,
      "UPS": 0,
      "VSV": 6
    },
    "VSV": {
      "VSV": 19,
      "B2": 0,
      "B3": 0,
      "B4": 0,
      "UPS": 0,
      "VS": 3
    }
  },
  "failed": [
    "simple_call_test/audio/label_fixed_left/nr6/sr500000_xpps2000_h256_wHam/hog/B2_C_TR_Jt1_16_06_02_018_000022.58_B2.htk",
    "simple_call_test/audio/label_fixed_left/nr6/sr500000_xpps2000_h256_wHam/hog/B4_C_TR_Jt1_16_06_02_108_000022.58_B2.htk",
    "simple_call_test/audio/label_fixed_left/nr6/sr500000_xpps2000_h256_wHam/hog/C_TO_Jt2_16_06_12_018_048432.58_B2.htk",
    "simple_call_test/audio/label_fixed_left/nr6/sr500000_xpps2000_h256_wHam/hog/C_TO_Jt2_16_06_18_005_026497.69_B2.htk",
    "simple_call_test/audio/label_fixed_left/nr6/sr500000_xpps2000_h256_wHam/hog/C_TO_Jt2_16_06_20_018_047188.79_B2.htk",
    "simple_call_test/audio/label_fixed_left/nr6/sr500000_xpps2000_h256_wHam/hog/C_TO_Jt2_16_07_04_023_185898.80_B2.htk",
    "simple_call_test/audio/label_fixed_left/nr6/sr500000_xpps2000_h256_wHam/hog/C_TO_Jt2_16_07_06_015_115273.50_B2.htk",
    "simple_call_test/audio/label_fixed_left/nr6/sr500000_xpps2000_h256_wHam/hog/C_TO_Jt3_16_06_20_017_007321.50_B2.htk",
    "simple_call_test/audio/label_fixed_left/nr6/sr500000_xpps2000_h256_wHam/hog/C_TO_Jt1_16_06_20_029_360305.30_B4.htk",
    "simple_call_test/audio/label_fixed_left/nr6/sr500000_xpps2000_h256_wHam/hog/C_TO_Jt3_16_07_09_018_037976.91_B4.htk",
    "simple_call_test/audio/label_fixed_left/nr6/sr500000_xpps2000_h256_wHam/hog/C_TR_Jt4_16_06_19_013_011958.39_B4.htk",
    "simple_call_test/audio/label_fixed_left/nr6/sr500000_xpps2000_h256_wHam/hog/C_TR_Jt6_16_06_19_076_002539.58_B4.htk",
    "simple_call_test/audio/label_fixed_left/nr6/sr500000_xpps2000_h256_wHam/hog/C_TR_Jt7_16_06_17_023_009188.70_B4.htk",
    "simple_call_test/audio/label_fixed_left/nr6/sr500000_xpps2000_h256_wHam/hog/C_TR_Jt7_16_07_10_009_014775.79_B4.htk",
    "simple_call_test/audio/label_fixed_left/nr6/sr500000_xpps2000_h256_wHam/hog/C_TR_Jt8_16_07_07_020_007504.04_B4.htk",
    "simple_call_test/audio/label_fixed_left/nr6/sr500000_xpps2000_h256_wHam/hog/C_TR_Jt4_16_06_11_013_096056.77_B3.htk",
    "simple_call_test/audio/label_fixed_left/nr6/sr500000_xpps2000_h256_wHam/hog/C_TR_Jt4_16_06_25_005_061776.26_B3.htk",
    "simple_call_test/audio/label_fixed_left/nr6/sr500000_xpps2000_h256_wHam/hog/VSV_C_TR_Jt5_16_06_19_071_min162_000122.16_VSV.htk",
    "simple_call_test/audio/label_fixed_left/nr6/sr500000_xpps2000_h256_wHam/hog/C_TR_Jt2_16_06_02_044_012360.72_VS.htk",
    "simple_call_test/audio/label_fixed_left/nr6/sr500000_xpps2000_h256_wHam/hog/VS_C_TO_Jt3_16_07_11_009_min16_000067.95_VS.htk",
    "simple_call_test/audio/label_fixed_left/nr6/sr500000_xpps2000_h256_wHam/hog/VS_C_TR_Jt1_16_06_07_057_min133_000120.74_VS.htk",
    "simple_call_test/audio/label_fixed_left/nr6/sr500000_xpps2000_h256_wHam/hog/VS_C_TR_Jt4_16_06_15_047_min42_000022.64_VS.htk",
    "simple_call_test/audio/label_fixed_left/nr6/sr500000_xpps2000_h256_wHam/hog/B2_C_TR_Jt2_16_06_02_044_000070.56_B2.htk",
    "simple_call_test/audio/label_fixed_left/nr6/sr500000_xpps2000_h256_wHam/hog/C_TO_Jt1_16_06_20_015_063431.62_B2.htk",
    "simple_call_test/audio/label_fixed_left/nr6/sr500000_xpps2000_h256_wHam/hog/C_TO_Jt2_16_06_20_018_051190.84_B2.htk",
    "simple_call_test/audio/label_fixed_left/nr6/sr500000_xpps2000_h256_wHam/hog/C_TO_Jt2_16_07_04_023_208041.10_B2.htk",
    "simple_call_test/audio/label_fixed_left/nr6/sr500000_xpps2000_h256_wHam/hog/C_TO_Jt3_16_06_20_017_008191.93_B2.htk",
    "simple_call_test/audio/label_fixed_left/nr6/sr500000_xpps2000_h256_wHam/hog/C_TO_Jt1_16_06_20_029_360520.80_B4.htk",
    "simple_call_test/audio/label_fixed_left/nr6/sr500000_xpps2000_h256_wHam/hog/C_TO_Jt3_16_06_18_006_029137.14_B4.htk",
    "simple_call_test/audio/label_fixed_left/nr6/sr500000_xpps2000_h256_wHam/hog/C_TR_Jt4_16_06_19_013_012126.66_B4.htk",
    "simple_call_test/audio/label_fixed_left/nr6/sr500000_xpps2000_h256_wHam/hog/C_TR_Jt6_16_06_19_077_038152.77_B4.htk",
    "simple_call_test/audio/label_fixed_left/nr6/sr500000_xpps2000_h256_wHam/hog/C_TR_Jt7_16_06_23_071_005127.07_B4.htk",
    "simple_call_test/audio/label_fixed_left/nr6/sr500000_xpps2000_h256_wHam/hog/C_TR_Jt7_16_07_10_009_014889.82_B4.htk",
    "simple_call_test/audio/label_fixed_left/nr6/sr500000_xpps2000_h256_wHam/hog/C_TR_Jt4_16_06_11_013_096210.96_B3.htk",
    "simple_call_test/audio/label_fixed_left/nr6/sr500000_xpps2000_h256_wHam/hog/VSV_C_TO_Jt2_16_06_26_010_min289_000025.88_VSV.htk",
    "simple_call_test/audio/label_fixed_left/nr6/sr500000_xpps2000_h256_wHam/hog/VSV_C_TR_Jt5_16_06_21_008_min125_000064.75_VSV.htk",
    "simple_call_test/audio/label_fixed_left/nr6/sr500000_xpps2000_h256_wHam/hog/VS_C_TO_Jt3_16_07_11_009_min16_000126.99_VS.htk",
    "simple_call_test/audio/label_fixed_left/nr6/sr500000_xpps2000_h256_wHam/hog/VS_C_TR_Jt4_16_06_15_047_min42_000102.41_VS.htk"
  ],
  "env": {
    "os": "Linux",
    "platform": "Linux-3.10.0-1127.19.1.el7.x86_64-x86_64-with-glibc2.10",
    "sox": "14.4.2",
    "java": [
      "openjdk version \"1.8.0_262\"",
      "OpenJDK Runtime Environment (build 1.8.0_262-b10)",
      "OpenJDK 64-Bit Server VM (build 25.262-b10, mixed mode)"
    ],
    "keras": "2.4.0",
    "tf": "2.3.1",
    "gpu": "device: 0, name: Tesla P100-PCIE-12GB, pci bus id: 0000:88:00.0, compute capability: 6.0"
  },
  "pipeline": [
    {
      "task": "AudioLoadTask",
      "props": {
        "mdb": "simple_call_test/metadata.json",
        "dataset_name": "simple_call_test",
        "source": "simple_call_test/audio"
      }
    },
    {
      "task": "ExtractLabelPartsTask",
      "props": {
        "fixed_length": true,
        "dataset_name": null,
        "padded_left": true
      }
    },
    {
      "task": "NoiseReduceTask",
      "props": {
        "sensitivity": 6,
        "noise": [
          {
            "task": "AudioLoadTask",
            "props": {
              "mdb": "simple_call_test/metadata.json",
              "dataset_name": "simple_call_test",
              "source": "simple_call_test/audio"
            }
          },
          {
            "task": "SilentAudioTask",
            "props": {
              "max_length": 0.2004000000000019
            }
          },
          {
            "task": "NoiseProfileTask",
            "props": {}
          }
        ]
      }
    },
    {
      "task": "CreateSpectrogramTask",
      "props": {
        "sampling_rate": 500000,
        "x_pixels_per_sec": 2000,
        "height": 256,
        "window": "Ham"
      }
    },
    {
      "task": "ExtractHOGHWRecogTask",
      "props": {}
    },
    {
      "task": "KFoldSeparationTask",
      "props": {
        "k": 8,
        "val_bins": 1,
        "test_bins": 2,
        "n": 0
      }
    },
    {
      "task": "CreateNNModelTask",
      "props": {
        "name": "cnn_2d_sct_left_padded_nrs6xpps2000h256_hog_100_3d",
        "model": {
          "name": "sequential",
          "layers": [
            {
              "class_name": "InputLayer",