{
  "id": "nn_cnn_1d_sct_padded_nrs0xpps5000h512_hog_100/b00ea21299279e8f53d57df6ffee37b81de776ec/rec/rec_9041e039ff3f6583bce59fb8d2209dc5a7bf99ed_e64.report",
  "timestamp": "2020-11-18T02:47:28Z",
  "accuracy": 0.8333333333333334,
  "loss": 0.594443204182901,
  "correct": 110,
  "incorrect": 22,
  "total": 132,
  "confusion": {
    "B2": {
      "B2": 21,
      "B3": 0,
      "B4": 1,
      "UPS": 0,
      "VS": 0,
      "VSV": 0
    },
    "B3": {
      "B3": 16,
      "B2": 5,
      "B4": 1,
      "UPS": 0,
      "VS": 0,
      "VSV": 0
    },
    "B4": {
      "B4": 12,
      "B2": 6,
      "B3": 2,
      "UPS": 2,
      "VS": 0,
      "VSV": 0
    },
    "UPS": {
      "UPS": 22,
      "B2": 0,
      "B3": 0,
      "B4": 0,
      "VS": 0,
      "VSV": 0
    },
    "VS": {
      "VS": 18,
      "B2": 0,
      "B3": 0,
      "B4": 0,
      "UPS": 0,
      "VSV": 4
    },
    "VSV": {
      "VSV": 21,
      "B2": 0,
      "B3": 0,
      "B4": 0,
      "UPS": 0,
      "VS": 1
    }
  },
  "failed": [
    "simple_call_test/audio/label_fixed/sr500000_xpps5000_h512_wHam/hog/C_TO_Jt1_16_06_20_029_360305.30_B4.htk",
    "simple_call_test/audio/label_fixed/sr500000_xpps5000_h512_wHam/hog/C_TO_Jt2_16_06_25_016_015005.03_B4.htk",
    "simple_call_test/audio/label_fixed/sr500000_xpps5000_h512_wHam/hog/C_TO_Jt3_16_07_09_018_037976.91_B4.htk",
    "simple_call_test/audio/label_fixed/sr500000_xpps5000_h512_wHam/hog/C_TR_Jt1_16_06_02_109_017181.54_B4.htk",
    "simple_call_test/audio/label_fixed/sr500000_xpps5000_h512_wHam/hog/C_TR_Jt1_16_06_02_109_032500.79_B4.htk",
    "simple_call_test/audio/label_fixed/sr500000_xpps5000_h512_wHam/hog/C_TR_Jt6_16_06_19_076_002539.58_B4.htk",
    "simple_call_test/audio/label_fixed/sr500000_xpps5000_h512_wHam/hog/C_TR_Jt7_16_06_17_023_009188.70_B4.htk",
    "simple_call_test/audio/label_fixed/sr500000_xpps5000_h512_wHam/hog/C_TO_Jt2_16_07_06_015_122199.60_B3.htk",
    "simple_call_test/audio/label_fixed/sr500000_xpps5000_h512_wHam/hog/C_TR_Jt4_16_06_25_005_061776.26_B3.htk",
    "simple_call_test/audio/label_fixed/sr500000_xpps5000_h512_wHam/hog/C_TR_Jt5_16_06_19_071_116232.30_B3.htk",
    "simple_call_test/audio/label_fixed/sr500000_xpps5000_h512_wHam/hog/C_TR_Jt6_16_06_19_035_012978.15_B3.htk",
    "simple_call_test/audio/label_fixed/sr500000_xpps5000_h512_wHam/hog/VSV_C_TR_Jt5_16_06_19_071_min162_000122.16_VSV.htk",
    "simple_call_test/audio/label_fixed/sr500000_xpps5000_h512_wHam/hog/VS_C_TO_Jt2_16_07_06_015_min152_000115.04_VS.htk",
    "simple_call_test/audio/label_fixed/sr500000_xpps5000_h512_wHam/hog/VS_C_TO_Jt3_16_07_11_009_min16_000067.95_VS.htk",
    "simple_call_test/audio/label_fixed/sr500000_xpps5000_h512_wHam/hog/B2_C_TR_Jt2_16_06_02_044_000070.56_B2.htk",
    "simple_call_test/audio/label_fixed/sr500000_xpps5000_h512_wHam/hog/C_TO_Jt3_16_06_18_006_029137.14_B4.htk",
    "simple_call_test/audio/label_fixed/sr500000_xpps5000_h512_wHam/hog/C_TR_Jt7_16_06_23_071_005127.07_B4.htk",
    "simple_call_test/audio/label_fixed/sr500000_xpps5000_h512_wHam/hog/C_TR_Jt7_16_07_10_009_014889.82_B4.htk",
    "simple_call_test/audio/label_fixed/sr500000_xpps5000_h512_wHam/hog/C_TR_Jt1_16_06_07_058_000910.16_B3.htk",
    "simple_call_test/audio/label_fixed/sr500000_xpps5000_h512_wHam/hog/C_TR_Jt5_16_06_19_071_116388.20_B3.htk",
    "simple_call_test/audio/label_fixed/sr500000_xpps5000_h512_wHam/hog/VS_C_TO_Jt2_16_07_06_015_min152_000024.64_VS.htk",
    "simple_call_test/audio/label_fixed/sr500000_xpps5000_h512_wHam/hog/VS_C_TO_Jt3_16_07_11_009_min16_000126.99_VS.htk"
  ],
  "env": {
    "os": "Linux",
    "platform": "Linux-3.10.0-1127.19.1.el7.x86_64-x86_64-with-glibc2.10",
    "sox": "14.4.2",
    "java": [
      "openjdk version \"1.8.0_262\"",
      "OpenJDK Runtime Environment (build 1.8.0_262-b10)",
      "OpenJDK 64-Bit Server VM (build 25.262-b10, mixed mode)"
    ],
    "keras": "2.4.0",
    "tf": "2.3.1",
    "gpu": "device: 0, name: Tesla P100-PCIE-12GB, pci bus id: 0000:04:00.0, compute capability: 6.0, device: 1, name: Tesla P100-PCIE-12GB, pci bus id: 0000:05:00.0, compute capability: 6.0"
  },
  "pipeline": [
    {
      "task": "AudioLoadTask",
      "props": {
        "mdb": "simple_call_test/metadata.json",
        "dataset_name": "simple_call_test",
        "source": "simple_call_test/audio"
      }
    },
    {
      "task": "ExtractLabelPartsTask",
      "props": {
        "fixed_length": true,
        "dataset_name": null
      }
    },
    {
      "task": "CreateSpectrogramTask",
      "props": {
        "sampling_rate": 500000,
        "x_pixels_per_sec": 5000,
        "height": 512,
        "window": "Ham"
      }
    },
    {
      "task": "ExtractHOGHWRecogTask",
      "props": {}
    },
    {
      "task": "KFoldSeparationTask",
      "props": {
        "k": 8,
        "val_bins": 1,
        "test_bins": 2,
        "n": 0
      }
    },
    {
      "task": "CreateNNModelTask",
      "props": {
        "name": "cnn_1d_sct_padded_nrs0xpps5000h512_hog_100",
        "model": {
          "name": "sequential",
          "layers": [
            {
              "class_name": "InputLayer",
              "config": {
                "batch_input_shape": [
                  null,
                  494,
                  288
                ],
                "dtype": "float32",
                "sparse": false,
                "ragged": false,
                "name": "conv1d_input"
              }
            },
            {
              "class_name": "Conv1D",
              "config": {
                "name": "conv1d",
                "trainable": true,
                "batch_input_shape": [
                  null,
                  494,
                  288
                ],
                "dtype": "float32",
                "filters": 32,
                "kernel_size": [
                  3
                ],
                "strides": [
                  1
                ],
                "padding": "valid",
                "data_format": "channels_last",
                "dilation_rate": [
                  1
                ],
                "groups": 1,
                "activation": "relu",
                "use_bias": true,
                "kernel_initializer": {
                  "class_name": "GlorotUniform",
                  "config": {
                    "seed": null
                  }
                },
                "bias_initializer": {
                  "class_name": "Zeros",
                  "config": {}
                },
                "kernel_regularizer": null,
                "bias_regularizer": null,
                "activity_regularizer": null,
                "kernel_constraint": null,
                "bias_constraint": null
              }
            },
            {
              "class_name": "MaxPooling1D",
              "config": {
                "name": "max_pooling1d",
                "trainable": true,
                "dtype": "float32",
                "strides": [
                  2
                ],
                "pool_size": [
                  2
                ],
                "padding": "valid",
                "data_format": "channels_last"
              }
            },
            {
              "class_name": "Conv1D",
              "config": {
                "name": "conv1d_1",
                "trainable": true,
                "dtype": "float32",
                "filters": 64,
                "kernel_size": [
                  3
                ],
                "strides": [
                  1
                ],
                "padding": "valid",
                "data_format": "channels_last",
                "dilation_rate": [
                  1
                ],
                "groups": 1,
                "activation": "relu",
                "use_bias": true,
                "kernel_initializer": {
                  "class_name": "GlorotUniform",