{
  "id": "nn_lstm_sct_vl_xpps4000_h256_hog_100/0320ac2b36483513e8f6ec4182c8390dcf2d2d68/rec/rec_c61ba6e66f1ac83e441687006feb5ecc58f04faf_e39.report",
  "timestamp": "2020-12-22T10:58:50Z",
  "accuracy": 0.8636363636363636,
  "loss": 0.36893769532576753,
  "correct": 114,
  "incorrect": 18,
  "total": 132,
  "confusion": {
    "B2": {
      "B2": 17,
      "B3": 0,
      "B4": 5,
      "UPS": 0,
      "VS": 0,
      "VSV": 0
    },
    "B3": {
      "B3": 18,
      "B2": 4,
      "B4": 0,
      "UPS": 0,
      "VS": 0,
      "VSV": 0
    },
    "B4": {
      "B4": 15,
      "B2": 5,
      "B3": 1,
      "UPS": 1,
      "VS": 0,
      "VSV": 0
    },
    "UPS": {
      "UPS": 22,
      "B2": 0,
      "B3": 0,
      "B4": 0,
      "VS": 0,
      "VSV": 0
    },
    "VS": {
      "VS": 20,
      "B2": 0,
      "B3": 0,
      "B4": 0,
      "UPS": 0,
      "VSV": 2
    },
    "VSV": {
      "VSV": 22,
      "B2": 0,
      "B3": 0,
      "B4": 0,
      "UPS": 0,
      "VS": 0
    }
  },
  "failed": [
    "simple_call_test/audio/label_variable/sr500000_xpps4000_h256_wHam/hog/C_TO_Jt2_16_06_18_005_026497.69_B2.htk",
    "simple_call_test/audio/label_variable/sr500000_xpps4000_h256_wHam/hog/C_TO_Jt2_16_07_04_023_185898.80_B2.htk",
    "simple_call_test/audio/label_variable/sr500000_xpps4000_h256_wHam/hog/C_TO_Jt1_16_06_20_029_360305.30_B4.htk",
    "simple_call_test/audio/label_variable/sr500000_xpps4000_h256_wHam/hog/C_TO_Jt2_16_06_25_016_015005.03_B4.htk",
    "simple_call_test/audio/label_variable/sr500000_xpps4000_h256_wHam/hog/C_TO_Jt3_16_07_09_018_037976.91_B4.htk",
    "simple_call_test/audio/label_variable/sr500000_xpps4000_h256_wHam/hog/C_TR_Jt6_16_06_19_076_002539.58_B4.htk",
    "simple_call_test/audio/label_variable/sr500000_xpps4000_h256_wHam/hog/C_TR_Jt7_16_06_17_023_009188.70_B4.htk",
    "simple_call_test/audio/label_variable/sr500000_xpps4000_h256_wHam/hog/C_TO_Jt3_16_06_20_017_012145.27_B3.htk",
    "simple_call_test/audio/label_variable/sr500000_xpps4000_h256_wHam/hog/C_TR_Jt5_16_06_19_071_116232.30_B3.htk",
    "simple_call_test/audio/label_variable/sr500000_xpps4000_h256_wHam/hog/VS_C_TO_Jt3_16_07_11_009_min16_000067.95_VS.htk",
    "simple_call_test/audio/label_variable/sr500000_xpps4000_h256_wHam/hog/B2_C_TR_Jt2_16_06_02_044_000070.56_B2.htk",
    "simple_call_test/audio/label_variable/sr500000_xpps4000_h256_wHam/hog/C_TO_Jt1_16_06_20_015_063431.62_B2.htk",
    "simple_call_test/audio/label_variable/sr500000_xpps4000_h256_wHam/hog/C_TO_Jt2_16_07_04_023_208041.10_B2.htk",
    "simple_call_test/audio/label_variable/sr500000_xpps4000_h256_wHam/hog/C_TO_Jt3_16_06_18_006_029137.14_B4.htk",
    "simple_call_test/audio/label_variable/sr500000_xpps4000_h256_wHam/hog/C_TR_Jt8_16_07_07_020_007693.24_B4.htk",
    "simple_call_test/audio/label_variable/sr500000_xpps4000_h256_wHam/hog/C_TR_Jt1_16_06_07_058_000910.16_B3.htk",
    "simple_call_test/audio/label_variable/sr500000_xpps4000_h256_wHam/hog/C_TR_Jt5_16_06_19_071_116388.20_B3.htk",
    "simple_call_test/audio/label_variable/sr500000_xpps4000_h256_wHam/hog/VS_C_TO_Jt3_16_07_11_009_min16_000126.99_VS.htk"
  ],
  "env": {
    "os": "Linux",
    "platform": "Linux-3.10.0-1127.19.1.el7.x86_64-x86_64-with-glibc2.10",
    "sox": "14.4.2",
    "java": [
      "openjdk version \"1.8.0_262\"",
      "OpenJDK Runtime Environment (build 1.8.0_262-b10)",
      "OpenJDK 64-Bit Server VM (build 25.262-b10, mixed mode)"
    ],
    "keras": "2.4.0",
    "tf": "2.3.1",
    "gpu": "device: 0, name: Tesla P100-PCIE-12GB, pci bus id: 0000:09:00.0, compute capability: 6.0"
  },
  "pipeline": [
    {
      "task": "AudioLoadTask",
      "props": {
        "mdb": "simple_call_test/metadata.json",
        "dataset_name": "simple_call_test",
        "source": "simple_call_test/audio"
      }
    },
    {
      "task": "ExtractLabelPartsTask",
      "props": {
        "fixed_length": false,
        "dataset_name": null,
        "padded_left": false
      }
    },
    {
      "task": "CreateSpectrogramTask",
      "props": {
        "sampling_rate": 500000,
        "x_pixels_per_sec": 4000,
        "height": 256,
        "window": "Ham"
      }
    },
    {
      "task": "ExtractHOGHWRecogTask",
      "props": {}
    },
    {
      "task": "KFoldSeparationTask",
      "props": {
        "k": 8,
        "val_bins": 1,
        "test_bins": 2,
        "n": 0
      }
    },
    {
      "task": "CreateNNModelTask",
      "props": {
        "name": "lstm_sct_vl_xpps4000_h256_hog_100",
        "model": {
          "name": "sequential",
          "layers": [
            {
              "class_name": "InputLayer",
              "config": {
                "batch_input_shape": [
                  null,
                  null,
                  288
                ],
                "dtype": "float32",
                "sparse": false,
                "ragged": true,
                "name": "input_1"
              }
            },
            {
              "class_name": "LSTM",
              "config": {
                "name": "lstm",
                "trainable": true,
                "dtype": "float32",
                "return_sequences": true,
                "return_state": false,
                "go_backwards": false,
                "stateful": false,
                "unroll": false,
                "time_major": false,
                "units": 256,
                "activation": "tanh",
                "recurrent_activation": "sigmoid",
                "use_bias": true,
                "kernel_initializer": {
                  "class_name": "GlorotUniform",
                  "config": {
                    "seed": null
                  }
                },
                "recurrent_initializer": {
                  "class_name": "Orthogonal",
                  "config": {
                    "gain": 1.0,
                    "seed": null
                  }
                },
                "bias_initializer": {
                  "class_name": "Zeros",
                  "config": {}
                },
                "unit_forget_bias": true,
                "kernel_regularizer": null,
                "recurrent_regularizer": null,
                "bias_regularizer": null,
                "activity_regularizer": null,
                "kernel_constraint": null,
                "recurrent_constraint": null,
                "bias_constraint": null,
                "dropout": 0.0,
                "recurrent_dropout": 0.0,
                "implementation": 2
              }
            },
            {
              "class_name": "LSTM",
              "config": {
                "name": "lstm_1",
                "trainable": true,
                "dtype": "float32",
                "return_sequences": false,
                "return_state": false,
                "go_backwards": false,
                "stateful": false,
                "unroll": false,
                "time_major": false,
                "units": 256,
                "activation": "tanh",
                "recurrent_activation": "sigmoid",
                "use_bias": true,
                "kernel_initializer": {
                  "class_name": "GlorotUniform",
                  "config": {
                    "seed": null
                  }
                },
                "recurrent_initializer": {
                  "class_name": "Orthogonal",
                  "config": {
                    "gain": 1.0,
                    "seed": null
                  }
                },
                "bias_initializer": {
                  "class_name": "Zeros",
                  "config": {}
                },
                "unit_forget_bias": true,
                "kernel_regularizer": null,
                "recurrent_regularizer": null,
                "bias_regularizer": null,
                "activity_regularizer": null,
                "kernel_constraint": null,
                "recurrent_constraint": null,
                "bias_constraint": null,