{
  "id": "nn_lstm_sct_padded_nrs0xpps5000h512_raw_100/77847c5a4ed4cd4a24c202c347f1f73137be70c2/rec/rec_b304e0c10d121c1070e26168d4384dca91114797_e80.report",
  "timestamp": "2020-11-11T16:17:30Z",
  "accuracy": 0.5606060606060606,
  "loss": 1.3720244344448502,
  "correct": 74,
  "incorrect": 58,
  "total": 132,
  "confusion": {
    "B2": {
      "B2": 7,
      "B3": 2,
      "B4": 5,
      "UPS": 0,
      "VS": 4,
      "VSV": 4
    },
    "B3": {
      "B3": 8,
      "B2": 5,
      "B4": 3,
      "UPS": 0,
      "VS": 4,
      "VSV": 2
    },
    "B4": {
      "B4": 12,
      "B2": 1,
      "B3": 2,
      "UPS": 0,
      "VS": 3,
      "VSV": 4
    },
    "UPS": {
      "UPS": 22,
      "B2": 0,
      "B3": 0,
      "B4": 0,
      "VS": 0,
      "VSV": 0
    },
    "VS": {
      "VS": 13,
      "B2": 1,
      "B3": 2,
      "B4": 1,
      "UPS": 1,
      "VSV": 4
    },
    "VSV": {
      "VSV": 12,
      "B2": 3,
      "B3": 1,
      "B4": 0,
      "UPS": 0,
      "VS": 6
    }
  },
  "failed": [
    "simple_call_test/audio/label_fixed/sr500000_xpps5000_h512_wHam/img/C_TO_Jt1_16_06_20_029_468521.20_B2.htk",
    "simple_call_test/audio/label_fixed/sr500000_xpps5000_h512_wHam/img/C_TO_Jt2_16_06_12_018_018106.82_B2.htk",
    "simple_call_test/audio/label_fixed/sr500000_xpps5000_h512_wHam/img/C_TO_Jt2_16_06_12_018_193791.20_B2.htk",
    "simple_call_test/audio/label_fixed/sr500000_xpps5000_h512_wHam/img/C_TO_Jt2_16_06_25_016_029739.00_B2.htk",
    "simple_call_test/audio/label_fixed/sr500000_xpps5000_h512_wHam/img/C_TO_Jt2_16_06_26_010_195566.10_B2.htk",
    "simple_call_test/audio/label_fixed/sr500000_xpps5000_h512_wHam/img/C_TO_Jt2_16_07_06_014_053484.79_B2.htk",
    "simple_call_test/audio/label_fixed/sr500000_xpps5000_h512_wHam/img/C_TO_Jt3_16_06_18_006_043098.27_B2.htk",
    "simple_call_test/audio/label_fixed/sr500000_xpps5000_h512_wHam/img/C_TO_Jt3_16_06_24_017_061426.06_B2.htk",
    "simple_call_test/audio/label_fixed/sr500000_xpps5000_h512_wHam/img/C_TO_Jt2_16_06_20_018_050948.28_B4.htk",
    "simple_call_test/audio/label_fixed/sr500000_xpps5000_h512_wHam/img/C_TO_Jt3_16_07_06_006_089794.53_B4.htk",
    "simple_call_test/audio/label_fixed/sr500000_xpps5000_h512_wHam/img/C_TR_Jt1_16_06_02_108_000242.12_B4.htk",
    "simple_call_test/audio/label_fixed/sr500000_xpps5000_h512_wHam/img/C_TR_Jt5_16_06_15_047_012566.78_B4.htk",
    "simple_call_test/audio/label_fixed/sr500000_xpps5000_h512_wHam/img/C_TR_Jt6_16_07_12_017_175631.70_B4.htk",
    "simple_call_test/audio/label_fixed/sr500000_xpps5000_h512_wHam/img/C_TR_Jt8_16_06_17_019_007138.76_B4.htk",
    "simple_call_test/audio/label_fixed/sr500000_xpps5000_h512_wHam/img/C_TO_Jt2_16_07_04_023_114627.60_B3.htk",
    "simple_call_test/audio/label_fixed/sr500000_xpps5000_h512_wHam/img/C_TO_Jt3_16_06_20_017_007492.42_B3.htk",
    "simple_call_test/audio/label_fixed/sr500000_xpps5000_h512_wHam/img/C_TO_Jt3_16_07_09_018_013917.09_B3.htk",
    "simple_call_test/audio/label_fixed/sr500000_xpps5000_h512_wHam/img/C_TR_Jt3_16_06_16_013_067187.20_B3.htk",
    "simple_call_test/audio/label_fixed/sr500000_xpps5000_h512_wHam/img/C_TR_Jt5_16_06_17_024_053407.77_B3.htk",
    "simple_call_test/audio/label_fixed/sr500000_xpps5000_h512_wHam/img/C_TR_Jt5_16_06_21_008_068349.49_B3.htk",
    "simple_call_test/audio/label_fixed/sr500000_xpps5000_h512_wHam/img/C_TR_Jt5_16_07_12_021_2_337219.70_B3.htk",
    "simple_call_test/audio/label_fixed/sr500000_xpps5000_h512_wHam/img/C_TR_Jt6_16_06_19_076_002179.48_B3.htk",
    "simple_call_test/audio/label_fixed/sr500000_xpps5000_h512_wHam/img/VSV_C_TO_Jt2_16_06_12_018_min165_000368.19_VSV.htk",
    "simple_call_test/audio/label_fixed/sr500000_xpps5000_h512_wHam/img/VSV_C_TO_Jt2_16_06_24_015_min22_000027.13_VSV.htk",
    "simple_call_test/audio/label_fixed/sr500000_xpps5000_h512_wHam/img/VSV_C_TR_Jt2_16_06_02_044_000061.86_VSV.htk",
    "simple_call_test/audio/label_fixed/sr500000_xpps5000_h512_wHam/img/VSV_C_TR_Jt4_16_07_10_015_min31_000080.22_VSV.htk",
    "simple_call_test/audio/label_fixed/sr500000_xpps5000_h512_wHam/img/VSV_C_TR_Jt5_16_06_23_025_min110_000061.03_VSV.htk",
    "simple_call_test/audio/label_fixed/sr500000_xpps5000_h512_wHam/img/VS_C_TO_Jt2_16_06_24_015_min22_000039.90_VS.htk",
    "simple_call_test/audio/label_fixed/sr500000_xpps5000_h512_wHam/img/VS_C_TO_Jt2_16_06_26_010_min92_000192.90_VS.htk",
    "simple_call_test/audio/label_fixed/sr500000_xpps5000_h512_wHam/img/VS_C_TR_Jt1_16_06_02_109_min3_000028.25_VS.htk",
    "simple_call_test/audio/label_fixed/sr500000_xpps5000_h512_wHam/img/VS_C_TR_Jt5_16_06_23_025_min13_000189.11_VS.htk",
    "simple_call_test/audio/label_fixed/sr500000_xpps5000_h512_wHam/img/C_TO_Jt1_16_06_20_029_468395.80_B2.htk",
    "simple_call_test/audio/label_fixed/sr500000_xpps5000_h512_wHam/img/C_TO_Jt2_16_06_12_018_018206.50_B2.htk",
    "simple_call_test/audio/label_fixed/sr500000_xpps5000_h512_wHam/img/C_TO_Jt2_16_06_12_018_193952.50_B2.htk",
    "simple_call_test/audio/label_fixed/sr500000_xpps5000_h512_wHam/img/C_TO_Jt2_16_06_20_018_046849.37_B2.htk",
    "simple_call_test/audio/label_fixed/sr500000_xpps5000_h512_wHam/img/C_TO_Jt2_16_06_25_016_029926.02_B2.htk",
    "simple_call_test/audio/label_fixed/sr500000_xpps5000_h512_wHam/img/C_TO_Jt3_16_06_18_006_043272.72_B2.htk",
    "simple_call_test/audio/label_fixed/sr500000_xpps5000_h512_wHam/img/C_TO_Jt3_16_06_24_017_061651.37_B2.htk",
    "simple_call_test/audio/label_fixed/sr500000_xpps5000_h512_wHam/img/C_TO_Jt2_16_06_20_018_051073.91_B4.htk",
    "simple_call_test/audio/label_fixed/sr500000_xpps5000_h512_wHam/img/C_TR_Jt6_16_06_15_082_248000.30_B4.htk",
    "simple_call_test/audio/label_fixed/sr500000_xpps5000_h512_wHam/img/C_TR_Jt6_16_07_12_017_175833.90_B4.htk",
    "simple_call_test/audio/label_fixed/sr500000_xpps5000_h512_wHam/img/C_TR_Jt8_16_06_17_019_007362.62_B4.htk",
    "simple_call_test/audio/label_fixed/sr500000_xpps5000_h512_wHam/img/C_TO_Jt2_16_07_04_023_114745.10_B3.htk",
    "simple_call_test/audio/label_fixed/sr500000_xpps5000_h512_wHam/img/C_TO_Jt3_16_07_11_009_298654.10_B3.htk",
    "simple_call_test/audio/label_fixed/sr500000_xpps5000_h512_wHam/img/C_TR_Jt3_16_06_16_013_067373.37_B3.htk",
    "simple_call_test/audio/label_fixed/sr500000_xpps5000_h512_wHam/img/C_TR_Jt5_16_06_17_024_053802.14_B3.htk",
    "simple_call_test/audio/label_fixed/sr500000_xpps5000_h512_wHam/img/C_TR_Jt5_16_06_21_008_068217.85_B3.htk",
    "simple_call_test/audio/label_fixed/sr500000_xpps5000_h512_wHam/img/C_TR_Jt6_16_06_11_014_024820.46_B3.htk",
    "simple_call_test/audio/label_fixed/sr500000_xpps5000_h512_wHam/img/VSV_C_TO_Jt2_16_06_12_018_min181_000069.81_VSV.htk",
    "simple_call_test/audio/label_fixed/sr500000_xpps5000_h512_wHam/img/VSV_C_TO_Jt2_16_06_24_015_min22_000120.50_VSV.htk",
    "simple_call_test/audio/label_fixed/sr500000_xpps5000_h512_wHam/img/VSV_C_TR_Jt2_16_06_02_044_000416.36_VSV.htk",
    "simple_call_test/audio/label_fixed/sr500000_xpps5000_h512_wHam/img/VSV_C_TR_Jt5_16_06_15_047_min42_000040.97_VSV.htk",
    "simple_call_test/audio/label_fixed/sr500000_xpps5000_h512_wHam/img/VSV_C_TR_Jt5_16_07_12_021_2_min74_000017.91_VSV.htk",
    "simple_call_test/audio/label_fixed/sr500000_xpps5000_h512_wHam/img/VS_C_TO_Jt2_16_06_24_015_min69_000051.23_VS.htk",
    "simple_call_test/audio/label_fixed/sr500000_xpps5000_h512_wHam/img/VS_C_TO_Jt2_16_06_26_010_min92_000067.72_VS.htk",
    "simple_call_test/audio/label_fixed/sr500000_xpps5000_h512_wHam/img/VS_C_TO_Jt3_16_07_11_009_min158_000031.49_VS.htk",
    "simple_call_test/audio/label_fixed/sr500000_xpps5000_h512_wHam/img/VS_C_TR_Jt1_16_06_02_109_min3_000129.64_VS.htk",
    "simple_call_test/audio/label_fixed/sr500000_xpps5000_h512_wHam/img/VS_C_TR_Jt5_16_06_23_025_min13_000303.28_VS.htk"
  ],
  "env": {
    "os": "Linux",
    "platform": "Linux-3.10.0-1127.19.1.el7.x86_64-x86_64-with-glibc2.10",
    "sox": "14.4.2",