{
  "id": "nn_lstm_sct_padded_nrs6xpps2000h256_hog_100/5e97221bdfd741f2af4790dc89e6a1b1400cdf5a/rec/rec_471e7ec1d08503a6dd96516c829a4c891b54e403_e100.report",
  "timestamp": "2020-11-11T20:40:30Z",
  "accuracy": 0.6060606060606061,
  "loss": 0.8459838052421578,
  "correct": 80,
  "incorrect": 52,
  "total": 132,
  "confusion": {
    "B2": {
      "B2": 11,
      "B3": 1,
      "B4": 9,
      "UPS": 0,
      "VS": 1,
      "VSV": 0
    },
    "B3": {
      "B3": 7,
      "B2": 7,
      "B4": 7,
      "UPS": 0,
      "VS": 0,
      "VSV": 1
    },
    "B4": {
      "B4": 12,
      "B2": 3,
      "B3": 4,
      "UPS": 0,
      "VS": 0,
      "VSV": 3
    },
    "UPS": {
      "UPS": 22,
      "B2": 0,
      "B3": 0,
      "B4": 0,
      "VS": 0,
      "VSV": 0
    },
    "VS": {
      "VS": 10,
      "B2": 0,
      "B3": 0,
      "B4": 0,
      "UPS": 0,
      "VSV": 12
    },
    "VSV": {
      "VSV": 18,
      "B2": 1,
      "B3": 0,
      "B4": 0,
      "UPS": 0,
      "VS": 3
    }
  },
  "failed": [
    "simple_call_test/audio/label_fixed/nr6/sr500000_xpps2000_h256_wHam/hog/C_TO_Jt1_16_06_20_029_475349.40_B2.htk",
    "simple_call_test/audio/label_fixed/nr6/sr500000_xpps2000_h256_wHam/hog/C_TO_Jt2_16_06_20_018_046973.78_B2.htk",
    "simple_call_test/audio/label_fixed/nr6/sr500000_xpps2000_h256_wHam/hog/C_TO_Jt2_16_06_25_016_029581.37_B2.htk",
    "simple_call_test/audio/label_fixed/nr6/sr500000_xpps2000_h256_wHam/hog/C_TO_Jt3_16_06_18_006_072342.96_B2.htk",
    "simple_call_test/audio/label_fixed/nr6/sr500000_xpps2000_h256_wHam/hog/C_TO_Jt3_16_07_09_018_037862.00_B4.htk",
    "simple_call_test/audio/label_fixed/nr6/sr500000_xpps2000_h256_wHam/hog/C_TR_Jt4_16_06_11_013_161915.30_B4.htk",
    "simple_call_test/audio/label_fixed/nr6/sr500000_xpps2000_h256_wHam/hog/C_TR_Jt7_16_06_17_023_009092.35_B4.htk",
    "simple_call_test/audio/label_fixed/nr6/sr500000_xpps2000_h256_wHam/hog/C_TR_Jt7_16_07_10_009_003873.68_B4.htk",
    "simple_call_test/audio/label_fixed/nr6/sr500000_xpps2000_h256_wHam/hog/C_TR_Jt8_16_06_17_019_007248.29_B4.htk",
    "simple_call_test/audio/label_fixed/nr6/sr500000_xpps2000_h256_wHam/hog/B3_C_B_Jt1_16_07_06_042_000016.84_B3.htk",
    "simple_call_test/audio/label_fixed/nr6/sr500000_xpps2000_h256_wHam/hog/C_TO_Jt2_16_07_06_015_122103.10_B3.htk",
    "simple_call_test/audio/label_fixed/nr6/sr500000_xpps2000_h256_wHam/hog/C_TO_Jt3_16_06_20_017_010840.13_B3.htk",
    "simple_call_test/audio/label_fixed/nr6/sr500000_xpps2000_h256_wHam/hog/C_TO_Jt3_16_07_11_009_297870.00_B3.htk",
    "simple_call_test/audio/label_fixed/nr6/sr500000_xpps2000_h256_wHam/hog/C_TR_Jt4_16_06_19_013_026285.84_B3.htk",
    "simple_call_test/audio/label_fixed/nr6/sr500000_xpps2000_h256_wHam/hog/C_TR_Jt5_16_06_17_024_045788.89_B3.htk",
    "simple_call_test/audio/label_fixed/nr6/sr500000_xpps2000_h256_wHam/hog/C_TR_Jt5_16_06_21_008_068979.69_B3.htk",
    "simple_call_test/audio/label_fixed/nr6/sr500000_xpps2000_h256_wHam/hog/C_TR_Jt5_16_06_27_025_062044.97_B3.htk",
    "simple_call_test/audio/label_fixed/nr6/sr500000_xpps2000_h256_wHam/hog/C_TR_Jt6_16_06_15_016_038633.63_B3.htk",
    "simple_call_test/audio/label_fixed/nr6/sr500000_xpps2000_h256_wHam/hog/VSV_C_TO_Jt2_16_06_12_018_min37_000006.73_VSV.htk",
    "simple_call_test/audio/label_fixed/nr6/sr500000_xpps2000_h256_wHam/hog/VSV_C_TR_Jt5_16_06_19_071_min162_000014.97_VSV.htk",
    "simple_call_test/audio/label_fixed/nr6/sr500000_xpps2000_h256_wHam/hog/C_TR_Jt2_16_06_02_044_011970.86_VS.htk",
    "simple_call_test/audio/label_fixed/nr6/sr500000_xpps2000_h256_wHam/hog/VS_C_TO_Jt2_16_06_26_010_000067.04_VS.htk",
    "simple_call_test/audio/label_fixed/nr6/sr500000_xpps2000_h256_wHam/hog/VS_C_TO_Jt2_16_06_26_010_min92_000279.08_VS.htk",
    "simple_call_test/audio/label_fixed/nr6/sr500000_xpps2000_h256_wHam/hog/VS_C_TO_Jt2_16_07_06_015_min152_000472.34_VS.htk",
    "simple_call_test/audio/label_fixed/nr6/sr500000_xpps2000_h256_wHam/hog/VS_C_TO_Jt3_16_07_11_009_min16_000028.96_VS.htk",
    "simple_call_test/audio/label_fixed/nr6/sr500000_xpps2000_h256_wHam/hog/VS_C_TR_Jt1_16_06_07_057_min133_000031.54_VS.htk",
    "simple_call_test/audio/label_fixed/nr6/sr500000_xpps2000_h256_wHam/hog/B2_C_TR_Jt1_16_06_02_018_000022.58_B2.htk",
    "simple_call_test/audio/label_fixed/nr6/sr500000_xpps2000_h256_wHam/hog/B2_C_TR_Jt5_16_07_10_034_000147.84_B2.htk",
    "simple_call_test/audio/label_fixed/nr6/sr500000_xpps2000_h256_wHam/hog/B4_C_TR_Jt1_16_06_02_108_000022.58_B2.htk",
    "simple_call_test/audio/label_fixed/nr6/sr500000_xpps2000_h256_wHam/hog/C_TO_Jt1_16_06_20_029_475471.50_B2.htk",
    "simple_call_test/audio/label_fixed/nr6/sr500000_xpps2000_h256_wHam/hog/C_TO_Jt2_16_06_18_005_026497.69_B2.htk",
    "simple_call_test/audio/label_fixed/nr6/sr500000_xpps2000_h256_wHam/hog/C_TO_Jt2_16_06_20_018_047188.79_B2.htk",
    "simple_call_test/audio/label_fixed/nr6/sr500000_xpps2000_h256_wHam/hog/C_TO_Jt3_16_06_20_017_007321.50_B2.htk",
    "simple_call_test/audio/label_fixed/nr6/sr500000_xpps2000_h256_wHam/hog/C_TO_Jt2_16_06_25_016_015005.03_B4.htk",
    "simple_call_test/audio/label_fixed/nr6/sr500000_xpps2000_h256_wHam/hog/C_TO_Jt3_16_07_09_018_037976.91_B4.htk",
    "simple_call_test/audio/label_fixed/nr6/sr500000_xpps2000_h256_wHam/hog/C_TR_Jt1_16_06_02_109_017181.54_B4.htk",
    "simple_call_test/audio/label_fixed/nr6/sr500000_xpps2000_h256_wHam/hog/C_TR_Jt7_16_06_17_023_009188.70_B4.htk",
    "simple_call_test/audio/label_fixed/nr6/sr500000_xpps2000_h256_wHam/hog/C_TR_Jt7_16_07_10_009_014775.79_B4.htk",
    "simple_call_test/audio/label_fixed/nr6/sr500000_xpps2000_h256_wHam/hog/C_TO_Jt2_16_06_26_010_081345.62_B3.htk",
    "simple_call_test/audio/label_fixed/nr6/sr500000_xpps2000_h256_wHam/hog/C_TO_Jt2_16_07_06_015_122199.60_B3.htk",
    "simple_call_test/audio/label_fixed/nr6/sr500000_xpps2000_h256_wHam/hog/C_TO_Jt3_16_06_20_017_012145.27_B3.htk",
    "simple_call_test/audio/label_fixed/nr6/sr500000_xpps2000_h256_wHam/hog/C_TO_Jt3_16_07_11_009_303962.00_B3.htk",
    "simple_call_test/audio/label_fixed/nr6/sr500000_xpps2000_h256_wHam/hog/C_TR_Jt4_16_06_11_013_096056.77_B3.htk",
    "simple_call_test/audio/label_fixed/nr6/sr500000_xpps2000_h256_wHam/hog/C_TR_Jt6_16_06_19_035_012978.15_B3.htk",
    "simple_call_test/audio/label_fixed/nr6/sr500000_xpps2000_h256_wHam/hog/VSV_C_TR_Jt4_16_06_15_043_min25_000030.05_VSV.htk",
    "simple_call_test/audio/label_fixed/nr6/sr500000_xpps2000_h256_wHam/hog/VSV_C_TR_Jt5_16_06_19_071_min162_000122.16_VSV.htk",
    "simple_call_test/audio/label_fixed/nr6/sr500000_xpps2000_h256_wHam/hog/C_TR_Jt2_16_06_02_044_012360.72_VS.htk",
    "simple_call_test/audio/label_fixed/nr6/sr500000_xpps2000_h256_wHam/hog/VS_C_TO_Jt2_16_06_26_010_000155.55_VS.htk",
    "simple_call_test/audio/label_fixed/nr6/sr500000_xpps2000_h256_wHam/hog/VS_C_TO_Jt2_16_06_26_010_min92_000355.01_VS.htk",
    "simple_call_test/audio/label_fixed/nr6/sr500000_xpps2000_h256_wHam/hog/VS_C_TO_Jt2_16_07_06_015_min152_000115.04_VS.htk",
    "simple_call_test/audio/label_fixed/nr6/sr500000_xpps2000_h256_wHam/hog/VS_C_TO_Jt3_16_07_11_009_min16_000067.95_VS.htk",
    "simple_call_test/audio/label_fixed/nr6/sr500000_xpps2000_h256_wHam/hog/VS_C_TR_Jt1_16_06_07_057_min133_000120.74_VS.htk"
  ],
  "env": {
    "os": "Linux",
    "platform": "Linux-3.10.0-1127.19.1.el7.x86_64-x86_64-with-glibc2.10",
    "sox": "14.4.2",
    "java": [
      "openjdk version \"1.8.0_262\"",
      "OpenJDK Runtime Environment (build 1.8.0_262-b10)",
      "OpenJDK 64-Bit Server VM (build 25.262-b10, mixed mode)"
    ],
    "keras": "2.4.0",
    "tf": "2.3.1",
    "gpu": "device: 0, name: Tesla P100-PCIE-12GB, pci bus id: 0000:08:00.0, compute capability: 6.0"
  },
  "pipeline": [
    {
      "task": "AudioLoadTask",
      "props": {
        "mdb": "simple_call_test/metadata.json",
        "dataset_name": "simple_call_test",
        "source": "simple_call_test/audio"
      }
    },
    {
      "task": "ExtractLabelPartsTask",