{
  "id": "nn_lstm_sct_vl_xpps5000_h300_raw_100/129d7e667ee9a3173df6062efcb3dca770029570/rec/rec_7652da5cd193023d1ce48616b9955e39d8874c82_e29.report",
  "timestamp": "2020-11-12T04:09:44Z",
  "accuracy": 0.6666666666666666,
  "loss": 1.804500585014115,
  "correct": 88,
  "incorrect": 44,
  "total": 132,
  "confusion": {
    "B2": {
      "B2": 17,
      "B3": 0,
      "B4": 2,
      "UPS": 0,
      "VS": 1,
      "VSV": 2
    },
    "B3": {
      "B3": 11,
      "B2": 9,
      "B4": 1,
      "UPS": 1,
      "VS": 0,
      "VSV": 0
    },
    "B4": {
      "B4": 6,
      "B2": 12,
      "B3": 3,
      "UPS": 0,
      "VS": 1,
      "VSV": 0
    },
    "UPS": {
      "UPS": 22,
      "B2": 0,
      "B3": 0,
      "B4": 0,
      "VS": 0,
      "VSV": 0
    },
    "VS": {
      "VS": 17,
      "B2": 2,
      "B3": 0,
      "B4": 0,
      "UPS": 0,
      "VSV": 3
    },
    "VSV": {
      "VSV": 15,
      "B2": 4,
      "B3": 1,
      "B4": 0,
      "UPS": 0,
      "VS": 2
    }
  },
  "failed": [
    "simple_call_test/audio/label_variable/sr500000_xpps5000_h300_wHam/img/C_TO_Jt2_16_06_26_010_194914.30_B2.htk",
    "simple_call_test/audio/label_variable/sr500000_xpps5000_h300_wHam/img/C_TO_Jt1_16_06_20_015_046088.27_B4.htk",
    "simple_call_test/audio/label_variable/sr500000_xpps5000_h300_wHam/img/C_TO_Jt2_16_06_20_018_047584.34_B4.htk",
    "simple_call_test/audio/label_variable/sr500000_xpps5000_h300_wHam/img/C_TO_Jt3_16_07_06_006_089672.23_B4.htk",
    "simple_call_test/audio/label_variable/sr500000_xpps5000_h300_wHam/img/C_TR_Jt4_16_06_23_057_205774.30_B4.htk",
    "simple_call_test/audio/label_variable/sr500000_xpps5000_h300_wHam/img/C_TR_Jt7_16_07_07_017_102586.50_B4.htk",
    "simple_call_test/audio/label_variable/sr500000_xpps5000_h300_wHam/img/C_TR_Jt8_16_07_12_063_077166.00_B4.htk",
    "simple_call_test/audio/label_variable/sr500000_xpps5000_h300_wHam/img/C_TO_Jt2_16_06_26_010_301515.80_B3.htk",
    "simple_call_test/audio/label_variable/sr500000_xpps5000_h300_wHam/img/C_TO_Jt3_16_07_09_018_013666.86_B3.htk",
    "simple_call_test/audio/label_variable/sr500000_xpps5000_h300_wHam/img/C_TR_Jt3_16_06_16_013_066996.52_B3.htk",
    "simple_call_test/audio/label_variable/sr500000_xpps5000_h300_wHam/img/C_TR_Jt4_16_06_15_043_087065.02_B3.htk",
    "simple_call_test/audio/label_variable/sr500000_xpps5000_h300_wHam/img/C_TR_Jt6_16_06_19_076_002422.71_B3.htk",
    "simple_call_test/audio/label_variable/sr500000_xpps5000_h300_wHam/img/C_TR_Jt2_16_06_02_044_012436.33_VSV.htk",
    "simple_call_test/audio/label_variable/sr500000_xpps5000_h300_wHam/img/VSV_C_TO_Jt3_16_07_11_009_min12_000074.80_VSV.htk",
    "simple_call_test/audio/label_variable/sr500000_xpps5000_h300_wHam/img/VSV_C_TR_Jt5_16_06_21_008_min131_000020.26_VSV.htk",
    "simple_call_test/audio/label_variable/sr500000_xpps5000_h300_wHam/img/VS_C_TR_Jt5_16_06_19_071_min62_000028.43_VS.htk",
    "simple_call_test/audio/label_variable/sr500000_xpps5000_h300_wHam/img/VS_C_TR_Jt5_16_06_23_025_min13_000036.57_VS.htk",
    "simple_call_test/audio/label_variable/sr500000_xpps5000_h300_wHam/img/C_TO_Jt1_16_06_20_029_468521.20_B2.htk",
    "simple_call_test/audio/label_variable/sr500000_xpps5000_h300_wHam/img/C_TO_Jt2_16_06_12_018_193791.20_B2.htk",
    "simple_call_test/audio/label_variable/sr500000_xpps5000_h300_wHam/img/C_TO_Jt2_16_06_18_005_032169.37_B2.htk",
    "simple_call_test/audio/label_variable/sr500000_xpps5000_h300_wHam/img/C_TO_Jt2_16_06_26_010_195566.10_B2.htk",
    "simple_call_test/audio/label_variable/sr500000_xpps5000_h300_wHam/img/C_TO_Jt1_16_06_20_015_045959.73_B4.htk",
    "simple_call_test/audio/label_variable/sr500000_xpps5000_h300_wHam/img/C_TO_Jt2_16_06_20_018_050948.28_B4.htk",
    "simple_call_test/audio/label_variable/sr500000_xpps5000_h300_wHam/img/C_TO_Jt3_16_07_06_006_089794.53_B4.htk",
    "simple_call_test/audio/label_variable/sr500000_xpps5000_h300_wHam/img/C_TR_Jt1_16_06_02_109_031574.46_B4.htk",
    "simple_call_test/audio/label_variable/sr500000_xpps5000_h300_wHam/img/C_TR_Jt2_16_06_02_044_Buzz2_000665.63_B4.htk",
    "simple_call_test/audio/label_variable/sr500000_xpps5000_h300_wHam/img/C_TR_Jt5_16_06_15_047_012566.78_B4.htk",
    "simple_call_test/audio/label_variable/sr500000_xpps5000_h300_wHam/img/C_TR_Jt6_16_07_12_017_175631.70_B4.htk",
    "simple_call_test/audio/label_variable/sr500000_xpps5000_h300_wHam/img/C_TR_Jt7_16_07_07_017_102207.50_B4.htk",
    "simple_call_test/audio/label_variable/sr500000_xpps5000_h300_wHam/img/C_TR_Jt8_16_06_17_019_007138.76_B4.htk",
    "simple_call_test/audio/label_variable/sr500000_xpps5000_h300_wHam/img/C_TR_Jt8_16_07_12_063_076748.57_B4.htk",
    "simple_call_test/audio/label_variable/sr500000_xpps5000_h300_wHam/img/C_TO_Jt3_16_07_09_018_013917.09_B3.htk",
    "simple_call_test/audio/label_variable/sr500000_xpps5000_h300_wHam/img/C_TR_Jt3_16_06_16_013_067187.20_B3.htk",
    "simple_call_test/audio/label_variable/sr500000_xpps5000_h300_wHam/img/C_TR_Jt4_16_06_19_013_011776.85_B3.htk",
    "simple_call_test/audio/label_variable/sr500000_xpps5000_h300_wHam/img/C_TR_Jt4_16_06_25_005_051849.68_B3.htk",
    "simple_call_test/audio/label_variable/sr500000_xpps5000_h300_wHam/img/C_TR_Jt5_16_06_21_008_068349.49_B3.htk",
    "simple_call_test/audio/label_variable/sr500000_xpps5000_h300_wHam/img/C_TR_Jt6_16_06_19_076_002179.48_B3.htk",
    "simple_call_test/audio/label_variable/sr500000_xpps5000_h300_wHam/img/VSV_C_TO_Jt2_16_06_26_010_min183_000023.59_VSV.htk",
    "simple_call_test/audio/label_variable/sr500000_xpps5000_h300_wHam/img/VSV_C_TO_Jt3_16_06_24_017_min2_000103.78_VSV.htk",
    "simple_call_test/audio/label_variable/sr500000_xpps5000_h300_wHam/img/VSV_C_TR_Jt4_16_07_10_015_min31_000080.22_VSV.htk",
    "simple_call_test/audio/label_variable/sr500000_xpps5000_h300_wHam/img/VSV_C_TR_Jt5_16_06_23_025_min110_000061.03_VSV.htk",
    "simple_call_test/audio/label_variable/sr500000_xpps5000_h300_wHam/img/VS_C_TO_Jt2_16_06_24_015_min22_000039.90_VS.htk",
    "simple_call_test/audio/label_variable/sr500000_xpps5000_h300_wHam/img/VS_C_TR_Jt5_16_06_17_024_min77_000032.05_VS.htk",
    "simple_call_test/audio/label_variable/sr500000_xpps5000_h300_wHam/img/VS_C_TR_Jt5_16_07_12_021_2_min98_000107.48_VS.htk"
  ],
  "env": {
    "os": "Linux",
    "platform": "Linux-3.10.0-1127.19.1.el7.x86_64-x86_64-with-glibc2.10",
    "sox": "14.4.2",
    "java": [
      "openjdk version \"1.8.0_262\"",
      "OpenJDK Runtime Environment (build 1.8.0_262-b10)",
      "OpenJDK 64-Bit Server VM (build 25.262-b10, mixed mode)"
    ],
    "keras": "2.4.0",
    "tf": "2.3.1",
    "gpu": "device: 0, name: Tesla P100-PCIE-12GB, pci bus id: 0000:84:00.0, compute capability: 6.0"
  },
  "pipeline": [
    {
      "task": "AudioLoadTask",
      "props": {
        "mdb": "simple_call_test/metadata.json",
        "dataset_name": "simple_call_test",
        "source": "simple_call_test/audio"
      }
    },
    {
      "task": "ExtractLabelPartsTask",
      "props": {
        "fixed_length": false,
        "dataset_name": null
      }
    },
    {
      "task": "CreateSpectrogramTask",
      "props": {
        "sampling_rate": 500000,
        "x_pixels_per_sec": 5000,
        "height": 300,
        "window": "Ham"
      }
    },
    {
      "task": "ExtractPixelsTask",
      "props": {}
    },
    {
      "task": "KFoldSeparationTask",
      "props": {
        "k": 8,
        "val_bins": 1,
        "test_bins": 2,
        "n": 4
      }
    },
    {
      "task": "CreateNNModelTask",
      "props": {
        "name": "lstm_sct_vl_xpps5000_h300_raw_100",
        "model": {
          "name": "sequential",
          "layers": [
            {
              "class_name": "InputLayer",
              "config": {
                "batch_input_shape": [
                  null,
                  null,
                  300
                ],
                "dtype": "float32",
                "sparse": false,
                "ragged": true,