{
  "id": "nn_lstm_sct_padded_nrs6xpps2000h256_hog_100/e939e3db82f5562d1da4473ef6939630f4fc61a9/rec/rec_9c106612e5ae63f2e026fd074506e942a6975443_e95.report",
  "timestamp": "2020-11-11T20:40:29Z",
  "accuracy": 0.6818181818181818,
  "loss": 0.8028538616835817,
  "correct": 90,
  "incorrect": 42,
  "total": 132,
  "confusion": {
    "B2": {
      "B2": 8,
      "B3": 3,
      "B4": 10,
      "UPS": 0,
      "VS": 0,
      "VSV": 1
    },
    "B3": {
      "B3": 16,
      "B2": 4,
      "B4": 2,
      "UPS": 0,
      "VS": 0,
      "VSV": 0
    },
    "B4": {
      "B4": 11,
      "B2": 2,
      "B3": 8,
      "UPS": 1,
      "VS": 0,
      "VSV": 0
    },
    "UPS": {
      "UPS": 22,
      "B2": 0,
      "B3": 0,
      "B4": 0,
      "VS": 0,
      "VSV": 0
    },
    "VS": {
      "VS": 12,
      "B2": 0,
      "B3": 0,
      "B4": 0,
      "UPS": 0,
      "VSV": 10
    },
    "VSV": {
      "VSV": 21,
      "B2": 0,
      "B3": 0,
      "B4": 0,
      "UPS": 0,
      "VS": 1
    }
  },
  "failed": [
    "simple_call_test/audio/label_fixed/nr6/sr500000_xpps2000_h256_wHam/hog/B2_C_TR_Jt1_16_06_02_018_000022.58_B2.htk",
    "simple_call_test/audio/label_fixed/nr6/sr500000_xpps2000_h256_wHam/hog/B4_C_TR_Jt1_16_06_02_108_000022.58_B2.htk",
    "simple_call_test/audio/label_fixed/nr6/sr500000_xpps2000_h256_wHam/hog/C_TO_Jt1_16_06_20_029_475471.50_B2.htk",
    "simple_call_test/audio/label_fixed/nr6/sr500000_xpps2000_h256_wHam/hog/C_TO_Jt2_16_06_20_018_047188.79_B2.htk",
    "simple_call_test/audio/label_fixed/nr6/sr500000_xpps2000_h256_wHam/hog/C_TO_Jt2_16_06_26_010_148460.60_B2.htk",
    "simple_call_test/audio/label_fixed/nr6/sr500000_xpps2000_h256_wHam/hog/C_TO_Jt2_16_07_04_023_185898.80_B2.htk",
    "simple_call_test/audio/label_fixed/nr6/sr500000_xpps2000_h256_wHam/hog/C_TO_Jt3_16_06_20_017_007321.50_B2.htk",
    "simple_call_test/audio/label_fixed/nr6/sr500000_xpps2000_h256_wHam/hog/C_TO_Jt2_16_06_25_016_015005.03_B4.htk",
    "simple_call_test/audio/label_fixed/nr6/sr500000_xpps2000_h256_wHam/hog/C_TO_Jt3_16_07_09_018_037976.91_B4.htk",
    "simple_call_test/audio/label_fixed/nr6/sr500000_xpps2000_h256_wHam/hog/C_TR_Jt6_16_06_19_076_002539.58_B4.htk",
    "simple_call_test/audio/label_fixed/nr6/sr500000_xpps2000_h256_wHam/hog/C_TR_Jt7_16_06_17_023_009188.70_B4.htk",
    "simple_call_test/audio/label_fixed/nr6/sr500000_xpps2000_h256_wHam/hog/C_TR_Jt7_16_07_10_009_014775.79_B4.htk",
    "simple_call_test/audio/label_fixed/nr6/sr500000_xpps2000_h256_wHam/hog/C_TR_Jt8_16_07_07_020_007504.04_B4.htk",
    "simple_call_test/audio/label_fixed/nr6/sr500000_xpps2000_h256_wHam/hog/C_TO_Jt2_16_07_06_015_122199.60_B3.htk",
    "simple_call_test/audio/label_fixed/nr6/sr500000_xpps2000_h256_wHam/hog/C_TO_Jt3_16_06_20_017_012145.27_B3.htk",
    "simple_call_test/audio/label_fixed/nr6/sr500000_xpps2000_h256_wHam/hog/C_TO_Jt3_16_07_11_009_303962.00_B3.htk",
    "simple_call_test/audio/label_fixed/nr6/sr500000_xpps2000_h256_wHam/hog/C_TR_Jt4_16_06_11_013_096056.77_B3.htk",
    "simple_call_test/audio/label_fixed/nr6/sr500000_xpps2000_h256_wHam/hog/VSV_C_TR_Jt5_16_06_19_071_min162_000122.16_VSV.htk",
    "simple_call_test/audio/label_fixed/nr6/sr500000_xpps2000_h256_wHam/hog/C_TR_Jt2_16_06_02_044_012360.72_VS.htk",
    "simple_call_test/audio/label_fixed/nr6/sr500000_xpps2000_h256_wHam/hog/VS_C_TO_Jt2_16_06_26_010_000155.55_VS.htk",
    "simple_call_test/audio/label_fixed/nr6/sr500000_xpps2000_h256_wHam/hog/VS_C_TO_Jt2_16_06_26_010_min92_000355.01_VS.htk",
    "simple_call_test/audio/label_fixed/nr6/sr500000_xpps2000_h256_wHam/hog/VS_C_TO_Jt3_16_07_11_009_min16_000067.95_VS.htk",
    "simple_call_test/audio/label_fixed/nr6/sr500000_xpps2000_h256_wHam/hog/B2_C_TR_Jt2_16_06_02_044_000070.56_B2.htk",
    "simple_call_test/audio/label_fixed/nr6/sr500000_xpps2000_h256_wHam/hog/C_TO_Jt1_16_06_20_015_063431.62_B2.htk",
    "simple_call_test/audio/label_fixed/nr6/sr500000_xpps2000_h256_wHam/hog/C_TO_Jt1_16_06_20_029_475582.60_B2.htk",
    "simple_call_test/audio/label_fixed/nr6/sr500000_xpps2000_h256_wHam/hog/C_TO_Jt2_16_06_20_018_051190.84_B2.htk",
    "simple_call_test/audio/label_fixed/nr6/sr500000_xpps2000_h256_wHam/hog/C_TO_Jt2_16_06_26_010_148667.50_B2.htk",
    "simple_call_test/audio/label_fixed/nr6/sr500000_xpps2000_h256_wHam/hog/C_TO_Jt2_16_07_04_023_208041.10_B2.htk",
    "simple_call_test/audio/label_fixed/nr6/sr500000_xpps2000_h256_wHam/hog/C_TO_Jt3_16_06_20_017_008191.93_B2.htk",
    "simple_call_test/audio/label_fixed/nr6/sr500000_xpps2000_h256_wHam/hog/C_TO_Jt3_16_06_18_006_029137.14_B4.htk",
    "simple_call_test/audio/label_fixed/nr6/sr500000_xpps2000_h256_wHam/hog/C_TR_Jt6_16_06_19_077_038152.77_B4.htk",
    "simple_call_test/audio/label_fixed/nr6/sr500000_xpps2000_h256_wHam/hog/C_TR_Jt7_16_06_23_071_005127.07_B4.htk",
    "simple_call_test/audio/label_fixed/nr6/sr500000_xpps2000_h256_wHam/hog/C_TR_Jt7_16_07_10_009_014889.82_B4.htk",
    "simple_call_test/audio/label_fixed/nr6/sr500000_xpps2000_h256_wHam/hog/C_TR_Jt8_16_07_07_020_007693.24_B4.htk",
    "simple_call_test/audio/label_fixed/nr6/sr500000_xpps2000_h256_wHam/hog/C_TO_Jt3_16_06_24_017_066383.06_B3.htk",
    "simple_call_test/audio/label_fixed/nr6/sr500000_xpps2000_h256_wHam/hog/C_TR_Jt4_16_06_11_013_096210.96_B3.htk",
    "simple_call_test/audio/label_fixed/nr6/sr500000_xpps2000_h256_wHam/hog/C_TR_Jt2_16_06_02_044_012063.17_VS.htk",
    "simple_call_test/audio/label_fixed/nr6/sr500000_xpps2000_h256_wHam/hog/VS_C_TO_Jt2_16_06_26_010_000244.65_VS.htk",
    "simple_call_test/audio/label_fixed/nr6/sr500000_xpps2000_h256_wHam/hog/VS_C_TO_Jt2_16_06_26_010_min92_000463.75_VS.htk",
    "simple_call_test/audio/label_fixed/nr6/sr500000_xpps2000_h256_wHam/hog/VS_C_TO_Jt3_16_07_11_009_min16_000126.99_VS.htk",
    "simple_call_test/audio/label_fixed/nr6/sr500000_xpps2000_h256_wHam/hog/VS_C_TR_Jt4_16_06_15_047_min42_000102.41_VS.htk",
    "simple_call_test/audio/label_fixed/nr6/sr500000_xpps2000_h256_wHam/hog/VS_C_TR_Jt5_16_06_21_008_min138_000010.88_VS.htk"
  ],
  "env": {
    "os": "Linux",
    "platform": "Linux-3.10.0-1127.19.1.el7.x86_64-x86_64-with-glibc2.10",
    "sox": "14.4.2",
    "java": [
      "openjdk version \"1.8.0_262\"",
      "OpenJDK Runtime Environment (build 1.8.0_262-b10)",
      "OpenJDK 64-Bit Server VM (build 25.262-b10, mixed mode)"
    ],
    "keras": "2.4.0",
    "tf": "2.3.1",
    "gpu": "device: 0, name: Tesla P100-PCIE-12GB, pci bus id: 0000:08:00.0, compute capability: 6.0"
  },
  "pipeline": [
    {
      "task": "AudioLoadTask",
      "props": {
        "mdb": "simple_call_test/metadata.json",
        "dataset_name": "simple_call_test",
        "source": "simple_call_test/audio"
      }
    },
    {
      "task": "ExtractLabelPartsTask",
      "props": {
        "fixed_length": true,
        "dataset_name": null
      }
    },
    {
      "task": "NoiseReduceTask",
      "props": {
        "sensitivity": 6,
        "noise": [
          {
            "task": "AudioLoadTask",
            "props": {
              "mdb": "simple_call_test/metadata.json",
              "dataset_name": "simple_call_test",
              "source": "simple_call_test/audio"
            }
          },
          {
            "task": "SilentAudioTask",
            "props": {
              "max_length": 0.2004000000000019
            }
          },
          {
            "task": "NoiseProfileTask",
            "props": {}
          }
        ]
      }
    },
    {
      "task": "CreateSpectrogramTask",
      "props": {
        "sampling_rate": 500000,
        "x_pixels_per_sec": 2000,
        "height": 256,
        "window": "Ham"
      }
    },
    {
      "task": "ExtractHOGHWRecogTask",
      "props": {}
    },
    {
      "task": "KFoldSeparationTask",
      "props": {
        "k": 8,
        "val_bins": 1,
        "test_bins": 2,
        "n": 0
      }
    },
    {
      "task": "CreateNNModelTask",
      "props": {
        "name": "lstm_sct_padded_nrs6xpps2000h256_hog_100",