{
  "id": "nn_lstm_sct_vl_xpps4000_h300_raw_100/0152600223f0349c0626fe8931bd2bef69748b83/rec/rec_98d37ff46d30126b454f0c616e8038d2be0f9015_e29.report",
  "timestamp": "2020-12-21T22:04:34Z",
  "accuracy": 0.6515151515151515,
  "loss": 2.0309630347701026,
  "correct": 86,
  "incorrect": 46,
  "total": 132,
  "confusion": {
    "B2": {
      "B2": 11,
      "B3": 2,
      "B4": 5,
      "UPS": 1,
      "VS": 3,
      "VSV": 0
    },
    "B3": {
      "B3": 10,
      "B2": 8,
      "B4": 3,
      "UPS": 1,
      "VS": 0,
      "VSV": 0
    },
    "B4": {
      "B4": 7,
      "B2": 10,
      "B3": 3,
      "UPS": 2,
      "VS": 0,
      "VSV": 0
    },
    "UPS": {
      "UPS": 22,
      "B2": 0,
      "B3": 0,
      "B4": 0,
      "VS": 0,
      "VSV": 0
    },
    "VS": {
      "VS": 14,
      "B2": 2,
      "B3": 0,
      "B4": 0,
      "UPS": 0,
      "VSV": 6
    },
    "VSV": {
      "VSV": 22,
      "B2": 0,
      "B3": 0,
      "B4": 0,
      "UPS": 0,
      "VS": 0
    }
  },
  "failed": [
    "simple_call_test/audio/label_variable/sr500000_xpps4000_h300_wHam/img/C_TO_Jt1_16_06_20_029_475729.90_B2.htk",
    "simple_call_test/audio/label_variable/sr500000_xpps4000_h300_wHam/img/C_TO_Jt2_16_06_12_018_048697.67_B2.htk",
    "simple_call_test/audio/label_variable/sr500000_xpps4000_h300_wHam/img/C_TO_Jt2_16_06_24_015_041236.45_B2.htk",
    "simple_call_test/audio/label_variable/sr500000_xpps4000_h300_wHam/img/C_TO_Jt2_16_06_26_010_148854.70_B2.htk",
    "simple_call_test/audio/label_variable/sr500000_xpps4000_h300_wHam/img/C_TO_Jt3_16_06_18_006_041029.17_B2.htk",
    "simple_call_test/audio/label_variable/sr500000_xpps4000_h300_wHam/img/C_TO_Jt3_16_06_20_017_011057.44_B2.htk",
    "simple_call_test/audio/label_variable/sr500000_xpps4000_h300_wHam/img/C_TO_Jt2_16_06_20_018_047295.33_B4.htk",
    "simple_call_test/audio/label_variable/sr500000_xpps4000_h300_wHam/img/C_TO_Jt3_16_06_20_017_008032.86_B4.htk",
    "simple_call_test/audio/label_variable/sr500000_xpps4000_h300_wHam/img/C_TO_Jt3_16_07_11_009_267964.30_B4.htk",
    "simple_call_test/audio/label_variable/sr500000_xpps4000_h300_wHam/img/C_TR_Jt1_16_06_02_109_019244.31_B4.htk",
    "simple_call_test/audio/label_variable/sr500000_xpps4000_h300_wHam/img/C_TR_Jt4_16_06_19_013_012210.09_B4.htk",
    "simple_call_test/audio/label_variable/sr500000_xpps4000_h300_wHam/img/C_TR_Jt6_16_06_19_077_038310.63_B4.htk",
    "simple_call_test/audio/label_variable/sr500000_xpps4000_h300_wHam/img/C_TR_Jt7_16_07_07_017_074823.78_B4.htk",
    "simple_call_test/audio/label_variable/sr500000_xpps4000_h300_wHam/img/C_TR_Jt8_16_07_07_020_066105.41_B4.htk",
    "simple_call_test/audio/label_variable/sr500000_xpps4000_h300_wHam/img/C_TO_Jt3_16_06_18_006_076088.89_B3.htk",
    "simple_call_test/audio/label_variable/sr500000_xpps4000_h300_wHam/img/C_TO_Jt3_16_06_24_017_066505.13_B3.htk",
    "simple_call_test/audio/label_variable/sr500000_xpps4000_h300_wHam/img/C_TR_Jt1_16_06_07_058_000797.01_B3.htk",
    "simple_call_test/audio/label_variable/sr500000_xpps4000_h300_wHam/img/C_TR_Jt4_16_06_23_057_154843.80_B3.htk",
    "simple_call_test/audio/label_variable/sr500000_xpps4000_h300_wHam/img/C_TR_Jt5_16_06_19_071_156201.00_B3.htk",
    "simple_call_test/audio/label_variable/sr500000_xpps4000_h300_wHam/img/C_TR_Jt5_16_06_23_025_082606.90_B3.htk",
    "simple_call_test/audio/label_variable/sr500000_xpps4000_h300_wHam/img/C_TR_Jt5_16_07_12_021_2_254170.30_B3.htk",
    "simple_call_test/audio/label_variable/sr500000_xpps4000_h300_wHam/img/VSV_C_TO_Jt2_16_07_23_010_min64_000149.90_VS.htk",
    "simple_call_test/audio/label_variable/sr500000_xpps4000_h300_wHam/img/VS_C_TO_Jt2_16_06_26_010_000332.91_VS.htk",
    "simple_call_test/audio/label_variable/sr500000_xpps4000_h300_wHam/img/VS_C_TO_Jt3_16_06_18_006_min1_000052.91_VS.htk",
    "simple_call_test/audio/label_variable/sr500000_xpps4000_h300_wHam/img/VS_C_TO_Jt3_16_07_23_003_min13_000022.44_VS.htk",
    "simple_call_test/audio/label_variable/sr500000_xpps4000_h300_wHam/img/C_TO_Jt1_16_06_20_015_062447.76_B2.htk",
    "simple_call_test/audio/label_variable/sr500000_xpps4000_h300_wHam/img/C_TO_Jt2_16_06_12_018_017885.91_B2.htk",
    "simple_call_test/audio/label_variable/sr500000_xpps4000_h300_wHam/img/C_TO_Jt2_16_06_26_010_194692.10_B2.htk",
    "simple_call_test/audio/label_variable/sr500000_xpps4000_h300_wHam/img/C_TO_Jt2_16_07_04_023_207918.90_B2.htk",
    "simple_call_test/audio/label_variable/sr500000_xpps4000_h300_wHam/img/C_TO_Jt3_16_06_20_017_011470.47_B2.htk",
    "simple_call_test/audio/label_variable/sr500000_xpps4000_h300_wHam/img/C_TO_Jt2_16_06_20_018_047394.86_B4.htk",
    "simple_call_test/audio/label_variable/sr500000_xpps4000_h300_wHam/img/C_TO_Jt3_16_06_20_017_007136.74_B4.htk",
    "simple_call_test/audio/label_variable/sr500000_xpps4000_h300_wHam/img/C_TR_Jt1_16_06_02_109_019361.16_B4.htk",
    "simple_call_test/audio/label_variable/sr500000_xpps4000_h300_wHam/img/C_TR_Jt4_16_06_23_057_205685.70_B4.htk",
    "simple_call_test/audio/label_variable/sr500000_xpps4000_h300_wHam/img/C_TR_Jt7_16_07_07_017_074981.03_B4.htk",
    "simple_call_test/audio/label_variable/sr500000_xpps4000_h300_wHam/img/C_TR_Jt7_16_07_12_020_153369.70_B4.htk",
    "simple_call_test/audio/label_variable/sr500000_xpps4000_h300_wHam/img/C_TR_Jt8_16_07_07_020_066614.52_B4.htk",
    "simple_call_test/audio/label_variable/sr500000_xpps4000_h300_wHam/img/C_TO_Jt3_16_06_18_007_001985.61_B3.htk",
    "simple_call_test/audio/label_variable/sr500000_xpps4000_h300_wHam/img/C_TR_Jt1_16_06_07_058_086450.62_B3.htk",
    "simple_call_test/audio/label_variable/sr500000_xpps4000_h300_wHam/img/C_TR_Jt4_16_06_23_057_154986.30_B3.htk",
    "simple_call_test/audio/label_variable/sr500000_xpps4000_h300_wHam/img/C_TR_Jt5_16_06_15_047_013379.50_B3.htk",
    "simple_call_test/audio/label_variable/sr500000_xpps4000_h300_wHam/img/C_TR_Jt5_16_07_12_021_2_337339.40_B3.htk",
    "simple_call_test/audio/label_variable/sr500000_xpps4000_h300_wHam/img/VSV_C_TO_Jt2_16_07_23_010_min64_000249.08_VS.htk",
    "simple_call_test/audio/label_variable/sr500000_xpps4000_h300_wHam/img/VS_C_TO_Jt2_16_06_12_018_min15_000180.86_VS.htk",
    "simple_call_test/audio/label_variable/sr500000_xpps4000_h300_wHam/img/VS_C_TO_Jt2_16_06_26_010_000415.43_VS.htk",
    "simple_call_test/audio/label_variable/sr500000_xpps4000_h300_wHam/img/VS_C_TO_Jt3_16_07_23_003_min13_000096.39_VS.htk"
  ],
  "env": {
    "os": "Linux",
    "platform": "Linux-3.10.0-1127.19.1.el7.x86_64-x86_64-with-glibc2.10",
    "sox": "14.4.2",
    "java": [
      "openjdk version \"1.8.0_262\"",
      "OpenJDK Runtime Environment (build 1.8.0_262-b10)",
      "OpenJDK 64-Bit Server VM (build 25.262-b10, mixed mode)"
    ],
    "keras": "2.4.0",
    "tf": "2.3.1",
    "gpu": "device: 0, name: Tesla P100-PCIE-12GB, pci bus id: 0000:84:00.0, compute capability: 6.0"
  },
  "pipeline": [
    {
      "task": "AudioLoadTask",
      "props": {
        "mdb": "simple_call_test/metadata.json",
        "dataset_name": "simple_call_test",
        "source": "simple_call_test/audio"
      }
    },
    {
      "task": "ExtractLabelPartsTask",
      "props": {
        "fixed_length": false,
        "dataset_name": null,
        "padded_left": false
      }
    },
    {
      "task": "CreateSpectrogramTask",
      "props": {
        "sampling_rate": 500000,
        "x_pixels_per_sec": 4000,
        "height": 300,
        "window": "Ham"
      }
    },
    {
      "task": "ExtractPixelsTask",
      "props": {}
    },
    {
      "task": "KFoldSeparationTask",
      "props": {
        "k": 8,
        "val_bins": 1,
        "test_bins": 2,
        "n": 2
      }
    },
    {
      "task": "CreateNNModelTask",
      "props": {
        "name": "lstm_sct_vl_xpps4000_h300_raw_100",
        "model": {
          "name": "sequential",
          "layers": [
            {
              "class_name": "InputLayer",