{
  "id": "nn_lstm_sct_left_padded_nrs0xpps2000h256_hog_100/4b77c2ed3089f9fc724f385253b39c98fb8faed7/rec/rec_0206c37a20a298697f89d6b1a331a9d2cb69de9f_e86.report",
  "timestamp": "2020-12-22T10:49:44Z",
  "accuracy": 0.8409090909090909,
  "loss": 0.9566169727402748,
  "correct": 111,
  "incorrect": 21,
  "total": 132,
  "confusion": {
    "B2": {
      "B2": 21,
      "B3": 0,
      "B4": 1,
      "UPS": 0,
      "VS": 0,
      "VSV": 0
    },
    "B3": {
      "B3": 10,
      "B2": 9,
      "B4": 0,
      "UPS": 1,
      "VS": 0,
      "VSV": 2
    },
    "B4": {
      "B4": 16,
      "B2": 5,
      "B3": 0,
      "UPS": 1,
      "VS": 0,
      "VSV": 0
    },
    "UPS": {
      "UPS": 22,
      "B2": 0,
      "B3": 0,
      "B4": 0,
      "VS": 0,
      "VSV": 0
    },
    "VS": {
      "VS": 20,
      "B2": 1,
      "B3": 0,
      "B4": 0,
      "UPS": 0,
      "VSV": 1
    },
    "VSV": {
      "VSV": 22,
      "B2": 0,
      "B3": 0,
      "B4": 0,
      "UPS": 0,
      "VS": 0
    }
  },
  "failed": [
    "simple_call_test/audio/label_fixed_left/sr500000_xpps2000_h256_wHam/hog/C_TO_Jt1_16_06_20_015_045959.73_B4.htk",
    "simple_call_test/audio/label_fixed_left/sr500000_xpps2000_h256_wHam/hog/C_TR_Jt6_16_07_12_017_175631.70_B4.htk",
    "simple_call_test/audio/label_fixed_left/sr500000_xpps2000_h256_wHam/hog/C_TR_Jt8_16_06_17_019_007138.76_B4.htk",
    "simple_call_test/audio/label_fixed_left/sr500000_xpps2000_h256_wHam/hog/C_TO_Jt3_16_07_09_018_013917.09_B3.htk",
    "simple_call_test/audio/label_fixed_left/sr500000_xpps2000_h256_wHam/hog/C_TR_Jt4_16_06_19_013_011776.85_B3.htk",
    "simple_call_test/audio/label_fixed_left/sr500000_xpps2000_h256_wHam/hog/C_TR_Jt4_16_06_25_005_051849.68_B3.htk",
    "simple_call_test/audio/label_fixed_left/sr500000_xpps2000_h256_wHam/hog/C_TR_Jt5_16_06_21_008_068349.49_B3.htk",
    "simple_call_test/audio/label_fixed_left/sr500000_xpps2000_h256_wHam/hog/C_TR_Jt5_16_06_27_025_061551.00_B3.htk",
    "simple_call_test/audio/label_fixed_left/sr500000_xpps2000_h256_wHam/hog/C_TR_Jt5_16_07_12_021_2_337219.70_B3.htk",
    "simple_call_test/audio/label_fixed_left/sr500000_xpps2000_h256_wHam/hog/C_TR_Jt6_16_06_19_076_002179.48_B3.htk",
    "simple_call_test/audio/label_fixed_left/sr500000_xpps2000_h256_wHam/hog/VS_C_TO_Jt2_16_06_24_015_min22_000039.90_VS.htk",
    "simple_call_test/audio/label_fixed_left/sr500000_xpps2000_h256_wHam/hog/VS_C_TR_Jt5_16_06_19_071_min62_000114.44_VS.htk",
    "simple_call_test/audio/label_fixed_left/sr500000_xpps2000_h256_wHam/hog/C_TO_Jt2_16_06_12_018_018206.50_B2.htk",
    "simple_call_test/audio/label_fixed_left/sr500000_xpps2000_h256_wHam/hog/C_TO_Jt1_16_06_20_015_046203.63_B4.htk",
    "simple_call_test/audio/label_fixed_left/sr500000_xpps2000_h256_wHam/hog/C_TO_Jt3_16_07_09_018_037687.37_B4.htk",
    "simple_call_test/audio/label_fixed_left/sr500000_xpps2000_h256_wHam/hog/C_TR_Jt6_16_07_12_017_175833.90_B4.htk",
    "simple_call_test/audio/label_fixed_left/sr500000_xpps2000_h256_wHam/hog/C_TO_Jt3_16_07_11_009_298654.10_B3.htk",
    "simple_call_test/audio/label_fixed_left/sr500000_xpps2000_h256_wHam/hog/C_TR_Jt4_16_06_19_013_012027.60_B3.htk",
    "simple_call_test/audio/label_fixed_left/sr500000_xpps2000_h256_wHam/hog/C_TR_Jt5_16_06_17_024_053802.14_B3.htk",
    "simple_call_test/audio/label_fixed_left/sr500000_xpps2000_h256_wHam/hog/C_TR_Jt6_16_06_11_014_024820.46_B3.htk",
    "simple_call_test/audio/label_fixed_left/sr500000_xpps2000_h256_wHam/hog/C_TR_Jt6_16_06_23_078_091373.05_B3.htk"
  ],
  "env": {
    "os": "Linux",
    "platform": "Linux-3.10.0-1127.19.1.el7.x86_64-x86_64-with-glibc2.10",
    "sox": "14.4.2",
    "java": [
      "openjdk version \"1.8.0_262\"",
      "OpenJDK Runtime Environment (build 1.8.0_262-b10)",
      "OpenJDK 64-Bit Server VM (build 25.262-b10, mixed mode)"
    ],
    "keras": "2.4.0",
    "tf": "2.3.1",
    "gpu": "device: 0, name: Tesla P100-PCIE-12GB, pci bus id: 0000:04:00.0, compute capability: 6.0, device: 1, name: Tesla P100-PCIE-12GB, pci bus id: 0000:08:00.0, compute capability: 6.0"
  },
  "pipeline": [
    {
      "task": "AudioLoadTask",
      "props": {
        "mdb": "simple_call_test/metadata.json",
        "dataset_name": "simple_call_test",
        "source": "simple_call_test/audio"
      }
    },
    {
      "task": "ExtractLabelPartsTask",
      "props": {
        "fixed_length": true,
        "dataset_name": null,
        "padded_left": true
      }
    },
    {
      "task": "CreateSpectrogramTask",
      "props": {
        "sampling_rate": 500000,
        "x_pixels_per_sec": 2000,
        "height": 256,
        "window": "Ham"
      }
    },
    {
      "task": "ExtractHOGHWRecogTask",
      "props": {}
    },
    {
      "task": "KFoldSeparationTask",
      "props": {
        "k": 8,
        "val_bins": 1,
        "test_bins": 2,
        "n": 5
      }
    },
    {
      "task": "CreateNNModelTask",
      "props": {
        "name": "lstm_sct_left_padded_nrs0xpps2000h256_hog_100",
        "model": {
          "name": "sequential",
          "layers": [
            {
              "class_name": "InputLayer",
              "config": {
                "batch_input_shape": [
                  null,
                  null,
                  288
                ],
                "dtype": "float32",
                "sparse": false,
                "ragged": true,
                "name": "input_1"
              }
            },
            {
              "class_name": "LSTM",
              "config": {
                "name": "lstm",
                "trainable": true,
                "dtype": "float32",
                "return_sequences": true,
                "return_state": false,
                "go_backwards": false,
                "stateful": false,
                "unroll": false,
                "time_major": false,
                "units": 256,
                "activation": "tanh",
                "recurrent_activation": "sigmoid",
                "use_bias": true,
                "kernel_initializer": {
                  "class_name": "GlorotUniform",
                  "config": {
                    "seed": null
                  }
                },
                "recurrent_initializer": {
                  "class_name": "Orthogonal",
                  "config": {
                    "gain": 1.0,
                    "seed": null
                  }
                },
                "bias_initializer": {
                  "class_name": "Zeros",
                  "config": {}
                },
                "unit_forget_bias": true,
                "kernel_regularizer": null,
                "recurrent_regularizer": null,
                "bias_regularizer": null,
                "activity_regularizer": null,
                "kernel_constraint": null,
                "recurrent_constraint": null,
                "bias_constraint": null,
                "dropout": 0.0,
                "recurrent_dropout": 0.0,
                "implementation": 2
              }
            },
            {
              "class_name": "LSTM",
              "config": {
                "name": "lstm_1",
                "trainable": true,
                "dtype": "float32",
                "return_sequences": false,
                "return_state": false,
                "go_backwards": false,
                "stateful": false,
                "unroll": false,
                "time_major": false,
                "units": 256,
                "activation": "tanh",
                "recurrent_activation": "sigmoid",
                "use_bias": true,
                "kernel_initializer": {
                  "class_name": "GlorotUniform",
                  "config": {
                    "seed": null
                  }
                },
                "recurrent_initializer": {
                  "class_name": "Orthogonal",
                  "config": {
                    "gain": 1.0,