{
  "id": "nn_lstm_sct_left_padded_nrs0xpps2000h256_raw_100/a027d8ec0711d4a36161722885e2845c461ae75d/rec/rec_ee4aac41c9ecb2207fcc0f2b8e6de23617939250_e64.report",
  "timestamp": "2020-12-20T23:17:38Z",
  "accuracy": 0.7424242424242424,
  "loss": 1.9370347671914878,
  "correct": 98,
  "incorrect": 34,
  "total": 132,
  "confusion": {
    "B2": {
      "B2": 19,
      "B3": 2,
      "B4": 1,
      "UPS": 0,
      "VS": 0,
      "VSV": 0
    },
    "B3": {
      "B3": 15,
      "B2": 7,
      "B4": 0,
      "UPS": 0,
      "VS": 0,
      "VSV": 0
    },
    "B4": {
      "B4": 9,
      "B2": 12,
      "B3": 1,
      "UPS": 0,
      "VS": 0,
      "VSV": 0
    },
    "UPS": {
      "UPS": 22,
      "B2": 0,
      "B3": 0,
      "B4": 0,
      "VS": 0,
      "VSV": 0
    },
    "VS": {
      "VS": 18,
      "B2": 0,
      "B3": 0,
      "B4": 0,
      "UPS": 0,
      "VSV": 4
    },
    "VSV": {
      "VSV": 15,
      "B2": 2,
      "B3": 0,
      "B4": 0,
      "UPS": 0,
      "VS": 5
    }
  },
  "failed": [
    "simple_call_test/audio/label_fixed_left/sr500000_xpps2000_h256_wHam/img/C_TO_Jt1_16_06_20_015_046203.63_B4.htk",
    "simple_call_test/audio/label_fixed_left/sr500000_xpps2000_h256_wHam/img/C_TO_Jt2_16_06_20_018_051073.91_B4.htk",
    "simple_call_test/audio/label_fixed_left/sr500000_xpps2000_h256_wHam/img/C_TO_Jt3_16_07_09_018_037687.37_B4.htk",
    "simple_call_test/audio/label_fixed_left/sr500000_xpps2000_h256_wHam/img/C_TR_Jt1_16_06_02_109_004707.67_B4.htk",
    "simple_call_test/audio/label_fixed_left/sr500000_xpps2000_h256_wHam/img/C_TR_Jt6_16_06_15_082_248000.30_B4.htk",
    "simple_call_test/audio/label_fixed_left/sr500000_xpps2000_h256_wHam/img/C_TR_Jt6_16_07_12_017_175833.90_B4.htk",
    "simple_call_test/audio/label_fixed_left/sr500000_xpps2000_h256_wHam/img/C_TR_Jt8_16_06_17_019_007362.62_B4.htk",
    "simple_call_test/audio/label_fixed_left/sr500000_xpps2000_h256_wHam/img/C_TR_Jt8_16_07_12_063_084102.48_B4.htk",
    "simple_call_test/audio/label_fixed_left/sr500000_xpps2000_h256_wHam/img/C_TO_Jt2_16_07_04_023_114745.10_B3.htk",
    "simple_call_test/audio/label_fixed_left/sr500000_xpps2000_h256_wHam/img/C_TO_Jt3_16_07_11_009_298654.10_B3.htk",
    "simple_call_test/audio/label_fixed_left/sr500000_xpps2000_h256_wHam/img/C_TR_Jt4_16_06_19_013_012027.60_B3.htk",
    "simple_call_test/audio/label_fixed_left/sr500000_xpps2000_h256_wHam/img/VSV_C_TO_Jt3_16_06_24_017_min2_000033.86_VSV.htk",
    "simple_call_test/audio/label_fixed_left/sr500000_xpps2000_h256_wHam/img/VSV_C_TR_Jt1_16_06_02_109_000035.96_VSV.htk",
    "simple_call_test/audio/label_fixed_left/sr500000_xpps2000_h256_wHam/img/VSV_C_TR_Jt5_16_07_12_021_2_min74_000017.91_VSV.htk",
    "simple_call_test/audio/label_fixed_left/sr500000_xpps2000_h256_wHam/img/VS_C_B_Jto_16_07_04_035_000208.88_VS.htk",
    "simple_call_test/audio/label_fixed_left/sr500000_xpps2000_h256_wHam/img/VS_C_TO_Jt3_16_07_11_009_min158_000031.49_VS.htk",
    "simple_call_test/audio/label_fixed_left/sr500000_xpps2000_h256_wHam/img/VS_C_TR_Jt5_16_06_19_071_min62_000187.00_VS.htk",
    "simple_call_test/audio/label_fixed_left/sr500000_xpps2000_h256_wHam/img/B2_C_TR_Jt5_16_07_10_034_001969.35_B2.htk",
    "simple_call_test/audio/label_fixed_left/sr500000_xpps2000_h256_wHam/img/C_TO_Jt2_16_06_12_018_018303.48_B2.htk",
    "simple_call_test/audio/label_fixed_left/sr500000_xpps2000_h256_wHam/img/C_TO_Jt2_16_06_20_018_046973.78_B2.htk",
    "simple_call_test/audio/label_fixed_left/sr500000_xpps2000_h256_wHam/img/C_TO_Jt1_16_06_20_029_360101.50_B4.htk",
    "simple_call_test/audio/label_fixed_left/sr500000_xpps2000_h256_wHam/img/C_TR_Jt4_16_06_11_013_161915.30_B4.htk",
    "simple_call_test/audio/label_fixed_left/sr500000_xpps2000_h256_wHam/img/C_TR_Jt6_16_06_19_076_003228.97_B4.htk",
    "simple_call_test/audio/label_fixed_left/sr500000_xpps2000_h256_wHam/img/C_TR_Jt7_16_06_17_023_009092.35_B4.htk",
    "simple_call_test/audio/label_fixed_left/sr500000_xpps2000_h256_wHam/img/C_TR_Jt8_16_06_17_019_007248.29_B4.htk",
    "simple_call_test/audio/label_fixed_left/sr500000_xpps2000_h256_wHam/img/C_TO_Jt2_16_07_06_015_122103.10_B3.htk",
    "simple_call_test/audio/label_fixed_left/sr500000_xpps2000_h256_wHam/img/C_TO_Jt3_16_07_11_009_297870.00_B3.htk",
    "simple_call_test/audio/label_fixed_left/sr500000_xpps2000_h256_wHam/img/C_TR_Jt5_16_06_21_008_068979.69_B3.htk",
    "simple_call_test/audio/label_fixed_left/sr500000_xpps2000_h256_wHam/img/C_TR_Jt6_16_06_15_016_038633.63_B3.htk",
    "simple_call_test/audio/label_fixed_left/sr500000_xpps2000_h256_wHam/img/C_TR_Jt1_16_06_02_109_3_000035.96_VSV.htk",
    "simple_call_test/audio/label_fixed_left/sr500000_xpps2000_h256_wHam/img/VSV_C_TO_Jt3_16_06_24_017_min23_000024.29_VSV.htk",
    "simple_call_test/audio/label_fixed_left/sr500000_xpps2000_h256_wHam/img/VSV_C_TO_Jt3_16_07_06_006_min199_000185.29_VSV.htk",
    "simple_call_test/audio/label_fixed_left/sr500000_xpps2000_h256_wHam/img/VSV_C_TO_Jt3_16_07_11_009_min188_000024.48_VSV.htk",
    "simple_call_test/audio/label_fixed_left/sr500000_xpps2000_h256_wHam/img/VS_C_TO_Jt3_16_07_11_009_min16_000028.96_VS.htk"
  ],
  "env": {
    "os": "Linux",
    "platform": "Linux-3.10.0-1127.19.1.el7.x86_64-x86_64-with-glibc2.10",
    "sox": "14.4.2",
    "java": [
      "openjdk version \"1.8.0_262\"",
      "OpenJDK Runtime Environment (build 1.8.0_262-b10)",
      "OpenJDK 64-Bit Server VM (build 25.262-b10, mixed mode)"
    ],
    "keras": "2.4.0",
    "tf": "2.3.1",
    "gpu": "device: 0, name: Tesla P100-PCIE-12GB, pci bus id: 0000:09:00.0, compute capability: 6.0"
  },
  "pipeline": [
    {
      "task": "AudioLoadTask",
      "props": {
        "mdb": "simple_call_test/metadata.json",
        "dataset_name": "simple_call_test",
        "source": "simple_call_test/audio"
      }
    },
    {
      "task": "ExtractLabelPartsTask",
      "props": {
        "fixed_length": true,
        "dataset_name": null,
        "padded_left": true
      }
    },
    {
      "task": "CreateSpectrogramTask",
      "props": {
        "sampling_rate": 500000,
        "x_pixels_per_sec": 2000,
        "height": 256,
        "window": "Ham"
      }
    },
    {
      "task": "ExtractPixelsTask",
      "props": {}
    },
    {
      "task": "KFoldSeparationTask",
      "props": {
        "k": 8,
        "val_bins": 1,
        "test_bins": 2,
        "n": 6
      }
    },
    {
      "task": "CreateNNModelTask",
      "props": {
        "name": "lstm_sct_left_padded_nrs0xpps2000h256_raw_100",
        "model": {
          "name": "sequential",
          "layers": [
            {
              "class_name": "InputLayer",
              "config": {
                "batch_input_shape": [
                  null,
                  null,
                  256
                ],
                "dtype": "float32",
                "sparse": false,
                "ragged": true,
                "name": "input_1"
              }
            },
            {
              "class_name": "LSTM",
              "config": {
                "name": "lstm",
                "trainable": true,
                "dtype": "float32",
                "return_sequences": true,
                "return_state": false,
                "go_backwards": false,
                "stateful": false,
                "unroll": false,
                "time_major": false,
                "units": 256,
                "activation": "tanh",
                "recurrent_activation": "sigmoid",
                "use_bias": true,
                "kernel_initializer": {
                  "class_name": "GlorotUniform",
                  "config": {
                    "seed": null
                  }
                },
                "recurrent_initializer": {
                  "class_name": "Orthogonal",
                  "config": {
                    "gain": 1.0,
                    "seed": null
                  }
                },