{
  "id": "nn_cnn_2d_sct_left_padded_nrs0xpps5000h512_hog_100_3d/0371c671cf46db48c8e325eabf542802c218f829/rec/rec_42ea9bd04929bfdbacba2d998ad37f2b379bf4f2_e31.report",
  "timestamp": "2020-12-21T15:16:12Z",
  "accuracy": 0.7651515151515151,
  "loss": 0.9844471956647193,
  "correct": 101,
  "incorrect": 31,
  "total": 132,
  "confusion": {
    "B2": {
      "B2": 21,
      "B3": 1,
      "B4": 0,
      "UPS": 0,
      "VS": 0,
      "VSV": 0
    },
    "B3": {
      "B3": 7,
      "B2": 12,
      "B4": 2,
      "UPS": 0,
      "VS": 0,
      "VSV": 1
    },
    "B4": {
      "B4": 12,
      "B2": 7,
      "B3": 3,
      "UPS": 0,
      "VS": 0,
      "VSV": 0
    },
    "UPS": {
      "UPS": 22,
      "B2": 0,
      "B3": 0,
      "B4": 0,
      "VS": 0,
      "VSV": 0
    },
    "VS": {
      "VS": 20,
      "B2": 0,
      "B3": 0,
      "B4": 0,
      "UPS": 2,
      "VSV": 0
    },
    "VSV": {
      "VSV": 19,
      "B2": 2,
      "B3": 0,
      "B4": 0,
      "UPS": 1,
      "VS": 0
    }
  },
  "failed": [
    "simple_call_test/audio/label_fixed_left/sr500000_xpps5000_h512_wHam/hog/C_TO_Jt3_16_07_06_006_089794.53_B4.htk",
    "simple_call_test/audio/label_fixed_left/sr500000_xpps5000_h512_wHam/hog/C_TR_Jt5_16_06_15_047_012566.78_B4.htk",
    "simple_call_test/audio/label_fixed_left/sr500000_xpps5000_h512_wHam/hog/C_TR_Jt6_16_07_12_017_175631.70_B4.htk",
    "simple_call_test/audio/label_fixed_left/sr500000_xpps5000_h512_wHam/hog/C_TR_Jt8_16_06_17_019_007138.76_B4.htk",
    "simple_call_test/audio/label_fixed_left/sr500000_xpps5000_h512_wHam/hog/C_TO_Jt2_16_07_04_023_114627.60_B3.htk",
    "simple_call_test/audio/label_fixed_left/sr500000_xpps5000_h512_wHam/hog/C_TO_Jt3_16_07_09_018_013917.09_B3.htk",
    "simple_call_test/audio/label_fixed_left/sr500000_xpps5000_h512_wHam/hog/C_TR_Jt4_16_06_25_005_051849.68_B3.htk",
    "simple_call_test/audio/label_fixed_left/sr500000_xpps5000_h512_wHam/hog/C_TR_Jt5_16_06_17_024_053407.77_B3.htk",
    "simple_call_test/audio/label_fixed_left/sr500000_xpps5000_h512_wHam/hog/C_TR_Jt5_16_06_21_008_068349.49_B3.htk",
    "simple_call_test/audio/label_fixed_left/sr500000_xpps5000_h512_wHam/hog/C_TR_Jt5_16_06_27_025_061551.00_B3.htk",
    "simple_call_test/audio/label_fixed_left/sr500000_xpps5000_h512_wHam/hog/C_TR_Jt6_16_06_19_076_002179.48_B3.htk",
    "simple_call_test/audio/label_fixed_left/sr500000_xpps5000_h512_wHam/hog/VSV_C_TO_Jt2_16_06_24_015_min22_000027.13_VSV.htk",
    "simple_call_test/audio/label_fixed_left/sr500000_xpps5000_h512_wHam/hog/VS_C_TO_Jt2_16_06_24_015_min22_000039.90_VS.htk",
    "simple_call_test/audio/label_fixed_left/sr500000_xpps5000_h512_wHam/hog/C_TO_Jt2_16_07_06_014_053632.33_B2.htk",
    "simple_call_test/audio/label_fixed_left/sr500000_xpps5000_h512_wHam/hog/C_TO_Jt1_16_06_20_015_046203.63_B4.htk",
    "simple_call_test/audio/label_fixed_left/sr500000_xpps5000_h512_wHam/hog/C_TR_Jt1_16_06_02_109_004707.67_B4.htk",
    "simple_call_test/audio/label_fixed_left/sr500000_xpps5000_h512_wHam/hog/C_TR_Jt1_16_06_02_109_032029.08_B4.htk",
    "simple_call_test/audio/label_fixed_left/sr500000_xpps5000_h512_wHam/hog/C_TR_Jt6_16_06_15_082_248000.30_B4.htk",
    "simple_call_test/audio/label_fixed_left/sr500000_xpps5000_h512_wHam/hog/C_TR_Jt6_16_07_12_017_175833.90_B4.htk",
    "simple_call_test/audio/label_fixed_left/sr500000_xpps5000_h512_wHam/hog/C_TR_Jt8_16_06_17_019_007362.62_B4.htk",
    "simple_call_test/audio/label_fixed_left/sr500000_xpps5000_h512_wHam/hog/C_TO_Jt2_16_07_04_023_114745.10_B3.htk",
    "simple_call_test/audio/label_fixed_left/sr500000_xpps5000_h512_wHam/hog/C_TO_Jt3_16_06_20_017_006909.42_B3.htk",
    "simple_call_test/audio/label_fixed_left/sr500000_xpps5000_h512_wHam/hog/C_TO_Jt3_16_07_11_009_298654.10_B3.htk",
    "simple_call_test/audio/label_fixed_left/sr500000_xpps5000_h512_wHam/hog/C_TR_Jt3_16_06_16_013_067373.37_B3.htk",
    "simple_call_test/audio/label_fixed_left/sr500000_xpps5000_h512_wHam/hog/C_TR_Jt4_16_06_19_013_012027.60_B3.htk",
    "simple_call_test/audio/label_fixed_left/sr500000_xpps5000_h512_wHam/hog/C_TR_Jt5_16_06_17_024_053802.14_B3.htk",
    "simple_call_test/audio/label_fixed_left/sr500000_xpps5000_h512_wHam/hog/C_TR_Jt6_16_06_11_014_024820.46_B3.htk",
    "simple_call_test/audio/label_fixed_left/sr500000_xpps5000_h512_wHam/hog/C_TR_Jt6_16_06_23_078_091373.05_B3.htk",
    "simple_call_test/audio/label_fixed_left/sr500000_xpps5000_h512_wHam/hog/VSV_C_TO_Jt2_16_06_24_015_min22_000120.50_VSV.htk",
    "simple_call_test/audio/label_fixed_left/sr500000_xpps5000_h512_wHam/hog/VSV_C_TR_Jt5_16_06_15_047_min42_000040.97_VSV.htk",
    "simple_call_test/audio/label_fixed_left/sr500000_xpps5000_h512_wHam/hog/VS_C_TO_Jt2_16_06_24_015_min69_000051.23_VS.htk"
  ],
  "env": {
    "os": "Linux",
    "platform": "Linux-3.10.0-1127.19.1.el7.x86_64-x86_64-with-glibc2.10",
    "sox": "14.4.2",
    "java": [
      "openjdk version \"1.8.0_262\"",
      "OpenJDK Runtime Environment (build 1.8.0_262-b10)",
      "OpenJDK 64-Bit Server VM (build 25.262-b10, mixed mode)"
    ],
    "keras": "2.4.0",
    "tf": "2.3.1",
    "gpu": "device: 0, name: Tesla P100-PCIE-12GB, pci bus id: 0000:83:00.0, compute capability: 6.0"
  },
  "pipeline": [
    {
      "task": "AudioLoadTask",
      "props": {
        "mdb": "simple_call_test/metadata.json",
        "dataset_name": "simple_call_test",
        "source": "simple_call_test/audio"
      }
    },
    {
      "task": "ExtractLabelPartsTask",
      "props": {
        "fixed_length": true,
        "dataset_name": null,
        "padded_left": true
      }
    },
    {
      "task": "CreateSpectrogramTask",
      "props": {
        "sampling_rate": 500000,
        "x_pixels_per_sec": 5000,
        "height": 512,
        "window": "Ham"
      }
    },
    {
      "task": "ExtractHOGHWRecogTask",
      "props": {}
    },
    {
      "task": "KFoldSeparationTask",
      "props": {
        "k": 8,
        "val_bins": 1,
        "test_bins": 2,
        "n": 5
      }
    },
    {
      "task": "CreateNNModelTask",
      "props": {
        "name": "cnn_2d_sct_left_padded_nrs0xpps5000h512_hog_100_3d",
        "model": {
          "name": "sequential",
          "layers": [
            {
              "class_name": "InputLayer",
              "config": {
                "batch_input_shape": [
                  null,
                  494,
                  24,
                  12
                ],
                "dtype": "float32",
                "sparse": false,
                "ragged": false,
                "name": "conv2d_input"
              }
            },
            {
              "class_name": "Conv2D",
              "config": {
                "name": "conv2d",
                "trainable": true,
                "batch_input_shape": [
                  null,
                  494,
                  24,
                  12
                ],
                "dtype": "float32",
                "filters": 32,
                "kernel_size": [
                  3,
                  3
                ],
                "strides": [
                  1,
                  1
                ],
                "padding": "valid",
                "data_format": "channels_last",
                "dilation_rate": [
                  1,
                  1
                ],
                "groups": 1,
                "activation": "relu",
                "use_bias": true,
                "kernel_initializer": {
                  "class_name": "GlorotUniform",
                  "config": {
                    "seed": null
                  }
                },
                "bias_initializer": {
                  "class_name": "Zeros",
                  "config": {}
                },
                "kernel_regularizer": null,
                "bias_regularizer": null,
                "activity_regularizer": null,
                "kernel_constraint": null,