{
  "id": "nn_lstm_sct_vl_xpps4000_h512_raw_100/79a4351bd5758a3cf260df69ac1b620a22b280b1/rec/rec_58a20904ad2204437250e0a0ab0ac45983c834fb_e31.report",
  "timestamp": "2020-12-21T22:51:32Z",
  "accuracy": 0.5909090909090909,
  "loss": 2.499193668923736,
  "correct": 78,
  "incorrect": 54,
  "total": 132,
  "confusion": {
    "B2": {
      "B2": 14,
      "B3": 2,
      "B4": 2,
      "UPS": 0,
      "VS": 3,
      "VSV": 1
    },
    "B3": {
      "B3": 6,
      "B2": 13,
      "B4": 1,
      "UPS": 0,
      "VS": 1,
      "VSV": 1
    },
    "B4": {
      "B4": 6,
      "B2": 13,
      "B3": 2,
      "UPS": 0,
      "VS": 0,
      "VSV": 1
    },
    "UPS": {
      "UPS": 22,
      "B2": 0,
      "B3": 0,
      "B4": 0,
      "VS": 0,
      "VSV": 0
    },
    "VS": {
      "VS": 12,
      "B2": 2,
      "B3": 1,
      "B4": 0,
      "UPS": 0,
      "VSV": 7
    },
    "VSV": {
      "VSV": 18,
      "B2": 1,
      "B3": 0,
      "B4": 0,
      "UPS": 1,
      "VS": 2
    }
  },
  "failed": [
    "simple_call_test/audio/label_variable/sr500000_xpps4000_h512_wHam/img/C_TO_Jt1_16_06_20_015_062571.36_B2.htk",
    "simple_call_test/audio/label_variable/sr500000_xpps4000_h512_wHam/img/C_TO_Jt2_16_06_18_005_026893.21_B2.htk",
    "simple_call_test/audio/label_variable/sr500000_xpps4000_h512_wHam/img/C_TO_Jt2_16_06_24_015_041236.45_B2.htk",
    "simple_call_test/audio/label_variable/sr500000_xpps4000_h512_wHam/img/C_TO_Jt2_16_06_26_010_148854.70_B2.htk",
    "simple_call_test/audio/label_variable/sr500000_xpps4000_h512_wHam/img/C_TO_Jt3_16_06_18_006_041029.17_B2.htk",
    "simple_call_test/audio/label_variable/sr500000_xpps4000_h512_wHam/img/C_TO_Jt3_16_06_20_017_011057.44_B2.htk",
    "simple_call_test/audio/label_variable/sr500000_xpps4000_h512_wHam/img/C_TO_Jt2_16_06_20_018_047295.33_B4.htk",
    "simple_call_test/audio/label_variable/sr500000_xpps4000_h512_wHam/img/C_TO_Jt3_16_06_20_017_008032.86_B4.htk",
    "simple_call_test/audio/label_variable/sr500000_xpps4000_h512_wHam/img/C_TO_Jt3_16_07_11_009_267964.30_B4.htk",
    "simple_call_test/audio/label_variable/sr500000_xpps4000_h512_wHam/img/C_TR_Jt1_16_06_02_109_019244.31_B4.htk",
    "simple_call_test/audio/label_variable/sr500000_xpps4000_h512_wHam/img/C_TR_Jt4_16_06_19_013_012210.09_B4.htk",
    "simple_call_test/audio/label_variable/sr500000_xpps4000_h512_wHam/img/C_TR_Jt6_16_06_19_077_038310.63_B4.htk",
    "simple_call_test/audio/label_variable/sr500000_xpps4000_h512_wHam/img/C_TR_Jt7_16_07_07_017_074823.78_B4.htk",
    "simple_call_test/audio/label_variable/sr500000_xpps4000_h512_wHam/img/C_TR_Jt8_16_07_07_020_066105.41_B4.htk",
    "simple_call_test/audio/label_variable/sr500000_xpps4000_h512_wHam/img/C_TO_Jt3_16_06_18_006_076088.89_B3.htk",
    "simple_call_test/audio/label_variable/sr500000_xpps4000_h512_wHam/img/C_TR_Jt1_16_06_07_058_000797.01_B3.htk",
    "simple_call_test/audio/label_variable/sr500000_xpps4000_h512_wHam/img/C_TR_Jt4_16_06_25_005_061631.15_B3.htk",
    "simple_call_test/audio/label_variable/sr500000_xpps4000_h512_wHam/img/C_TR_Jt5_16_06_19_071_156201.00_B3.htk",
    "simple_call_test/audio/label_variable/sr500000_xpps4000_h512_wHam/img/C_TR_Jt5_16_06_23_025_082606.90_B3.htk",
    "simple_call_test/audio/label_variable/sr500000_xpps4000_h512_wHam/img/C_TR_Jt6_16_06_19_035_024507.79_B3.htk",
    "simple_call_test/audio/label_variable/sr500000_xpps4000_h512_wHam/img/VSV_C_TO_Jt3_16_07_04_021_min83_000035.64_VSV.htk",
    "simple_call_test/audio/label_variable/sr500000_xpps4000_h512_wHam/img/VSV_C_TO_Jt2_16_07_23_010_min64_000149.90_VS.htk",
    "simple_call_test/audio/label_variable/sr500000_xpps4000_h512_wHam/img/VS_C_TO_Jt3_16_06_18_006_min1_000052.91_VS.htk",
    "simple_call_test/audio/label_variable/sr500000_xpps4000_h512_wHam/img/VS_C_TR_Jt4_16_07_10_015_min17_000019.60_VS.htk",
    "simple_call_test/audio/label_variable/sr500000_xpps4000_h512_wHam/img/VS_C_TR_Jt5_16_06_21_008_min138_000091.48_VS.htk",
    "simple_call_test/audio/label_variable/sr500000_xpps4000_h512_wHam/img/VS_C_TR_Jt5_16_07_12_021_2_min86_000039.28_VS.htk",
    "simple_call_test/audio/label_variable/sr500000_xpps4000_h512_wHam/img/C_TO_Jt3_16_06_18_006_041236.76_B2.htk",
    "simple_call_test/audio/label_variable/sr500000_xpps4000_h512_wHam/img/C_TO_Jt3_16_06_20_017_011470.47_B2.htk",
    "simple_call_test/audio/label_variable/sr500000_xpps4000_h512_wHam/img/C_TO_Jt3_16_06_20_017_007136.74_B4.htk",
    "simple_call_test/audio/label_variable/sr500000_xpps4000_h512_wHam/img/C_TO_Jt3_16_07_11_009_336885.70_B4.htk",
    "simple_call_test/audio/label_variable/sr500000_xpps4000_h512_wHam/img/C_TR_Jt1_16_06_02_109_019361.16_B4.htk",
    "simple_call_test/audio/label_variable/sr500000_xpps4000_h512_wHam/img/C_TR_Jt4_16_06_23_057_205685.70_B4.htk",
    "simple_call_test/audio/label_variable/sr500000_xpps4000_h512_wHam/img/C_TR_Jt6_16_06_19_077_037837.14_B4.htk",
    "simple_call_test/audio/label_variable/sr500000_xpps4000_h512_wHam/img/C_TR_Jt7_16_07_07_017_074981.03_B4.htk",
    "simple_call_test/audio/label_variable/sr500000_xpps4000_h512_wHam/img/C_TR_Jt7_16_07_12_020_153369.70_B4.htk",
    "simple_call_test/audio/label_variable/sr500000_xpps4000_h512_wHam/img/C_TR_Jt8_16_07_07_020_066614.52_B4.htk",
    "simple_call_test/audio/label_variable/sr500000_xpps4000_h512_wHam/img/C_TO_Jt2_16_06_26_010_301713.30_B3.htk",
    "simple_call_test/audio/label_variable/sr500000_xpps4000_h512_wHam/img/C_TO_Jt3_16_06_18_007_001985.61_B3.htk",
    "simple_call_test/audio/label_variable/sr500000_xpps4000_h512_wHam/img/C_TO_Jt3_16_07_06_006_225073.80_B3.htk",
    "simple_call_test/audio/label_variable/sr500000_xpps4000_h512_wHam/img/C_TR_Jt1_16_06_07_058_086450.62_B3.htk",
    "simple_call_test/audio/label_variable/sr500000_xpps4000_h512_wHam/img/C_TR_Jt4_16_06_15_043_080231.17_B3.htk",
    "simple_call_test/audio/label_variable/sr500000_xpps4000_h512_wHam/img/C_TR_Jt4_16_06_23_057_154986.30_B3.htk",
    "simple_call_test/audio/label_variable/sr500000_xpps4000_h512_wHam/img/C_TR_Jt5_16_06_15_047_013379.50_B3.htk",
    "simple_call_test/audio/label_variable/sr500000_xpps4000_h512_wHam/img/C_TR_Jt5_16_06_19_071_156089.90_B3.htk",
    "simple_call_test/audio/label_variable/sr500000_xpps4000_h512_wHam/img/C_TR_Jt5_16_07_12_021_2_337339.40_B3.htk",
    "simple_call_test/audio/label_variable/sr500000_xpps4000_h512_wHam/img/C_TR_Jt6_16_06_19_035_024346.27_B3.htk",
    "simple_call_test/audio/label_variable/sr500000_xpps4000_h512_wHam/img/VSV_C_TO_Jt2_16_06_20_018_min68_000106.56_VSV.htk",
    "simple_call_test/audio/label_variable/sr500000_xpps4000_h512_wHam/img/VSV_C_TO_Jt2_16_07_04_023_min226_000111.51_VSV.htk",
    "simple_call_test/audio/label_variable/sr500000_xpps4000_h512_wHam/img/VSV_C_TO_Jt3_16_07_06_006_min109_000021.76_VSV.htk",
    "simple_call_test/audio/label_variable/sr500000_xpps4000_h512_wHam/img/VSV_C_TO_Jt2_16_07_23_010_min64_000249.08_VS.htk",
    "simple_call_test/audio/label_variable/sr500000_xpps4000_h512_wHam/img/VS_C_TO_Jt2_16_06_12_018_min15_000180.86_VS.htk",
    "simple_call_test/audio/label_variable/sr500000_xpps4000_h512_wHam/img/VS_C_TO_Jt2_16_07_04_023_min166_000027.66_VS.htk",
    "simple_call_test/audio/label_variable/sr500000_xpps4000_h512_wHam/img/VS_C_TO_Jt3_16_07_23_003_min13_000096.39_VS.htk",
    "simple_call_test/audio/label_variable/sr500000_xpps4000_h512_wHam/img/VS_C_TR_Jt5_16_06_21_008_min6_000042.89_VS.htk"
  ],
  "env": {
    "os": "Linux",
    "platform": "Linux-3.10.0-1127.19.1.el7.x86_64-x86_64-with-glibc2.10",
    "sox": "14.4.2",
    "java": [
      "openjdk version \"1.8.0_262\"",
      "OpenJDK Runtime Environment (build 1.8.0_262-b10)",
      "OpenJDK 64-Bit Server VM (build 25.262-b10, mixed mode)"
    ],
    "keras": "2.4.0",
    "tf": "2.3.1",
    "gpu": "device: 0, name: Tesla P100-PCIE-12GB, pci bus id: 0000:09:00.0, compute capability: 6.0"
  },
  "pipeline": [
    {
      "task": "AudioLoadTask",
      "props": {
        "mdb": "simple_call_test/metadata.json",