{
  "id": "nn_lstm_sct_left_padded_nrs0xpps2000h256_raw_100/84352cf24d06f24a4e3209fc4f5b7222b675e3ce/rec/rec_278f6fce760d1b7308ead3a2a5204c4d18831e9f_e56.report",
  "timestamp": "2020-12-20T23:17:38Z",
  "accuracy": 0.7045454545454546,
  "loss": 1.8176381322126438,
  "correct": 93,
  "incorrect": 39,
  "total": 132,
  "confusion": {
    "B2": {
      "B2": 16,
      "B3": 3,
      "B4": 2,
      "UPS": 0,
      "VS": 0,
      "VSV": 1
    },
    "B3": {
      "B3": 14,
      "B2": 5,
      "B4": 1,
      "UPS": 0,
      "VS": 2,
      "VSV": 0
    },
    "B4": {
      "B4": 9,
      "B2": 11,
      "B3": 1,
      "UPS": 0,
      "VS": 0,
      "VSV": 1
    },
    "UPS": {
      "UPS": 22,
      "B2": 0,
      "B3": 0,
      "B4": 0,
      "VS": 0,
      "VSV": 0
    },
    "VS": {
      "VS": 20,
      "B2": 0,
      "B3": 0,
      "B4": 0,
      "UPS": 0,
      "VSV": 2
    },
    "VSV": {
      "VSV": 12,
      "B2": 1,
      "B3": 0,
      "B4": 0,
      "UPS": 0,
      "VS": 9
    }
  },
  "failed": [
    "simple_call_test/audio/label_fixed_left/sr500000_xpps2000_h256_wHam/img/B2_C_TR_Jt5_16_07_10_034_000358.33_B2.htk",
    "simple_call_test/audio/label_fixed_left/sr500000_xpps2000_h256_wHam/img/B2_C_TR_Jt5_16_07_10_034_001969.35_B2.htk",
    "simple_call_test/audio/label_fixed_left/sr500000_xpps2000_h256_wHam/img/C_TO_Jt2_16_06_12_018_018303.48_B2.htk",
    "simple_call_test/audio/label_fixed_left/sr500000_xpps2000_h256_wHam/img/C_TO_Jt3_16_06_18_006_072342.96_B2.htk",
    "simple_call_test/audio/label_fixed_left/sr500000_xpps2000_h256_wHam/img/C_TO_Jt1_16_06_20_029_360101.50_B4.htk",
    "simple_call_test/audio/label_fixed_left/sr500000_xpps2000_h256_wHam/img/C_TO_Jt3_16_07_09_018_037862.00_B4.htk",
    "simple_call_test/audio/label_fixed_left/sr500000_xpps2000_h256_wHam/img/C_TR_Jt1_16_06_02_109_004553.61_B4.htk",
    "simple_call_test/audio/label_fixed_left/sr500000_xpps2000_h256_wHam/img/C_TR_Jt4_16_06_11_013_161915.30_B4.htk",
    "simple_call_test/audio/label_fixed_left/sr500000_xpps2000_h256_wHam/img/C_TR_Jt6_16_06_19_076_003228.97_B4.htk",
    "simple_call_test/audio/label_fixed_left/sr500000_xpps2000_h256_wHam/img/C_TR_Jt7_16_06_17_023_009092.35_B4.htk",
    "simple_call_test/audio/label_fixed_left/sr500000_xpps2000_h256_wHam/img/C_TR_Jt7_16_07_10_009_003873.68_B4.htk",
    "simple_call_test/audio/label_fixed_left/sr500000_xpps2000_h256_wHam/img/C_TR_Jt8_16_06_17_019_007248.29_B4.htk",
    "simple_call_test/audio/label_fixed_left/sr500000_xpps2000_h256_wHam/img/C_TO_Jt3_16_07_11_009_297870.00_B3.htk",
    "simple_call_test/audio/label_fixed_left/sr500000_xpps2000_h256_wHam/img/C_TR_Jt3_16_06_16_013_067091.54_B3.htk",
    "simple_call_test/audio/label_fixed_left/sr500000_xpps2000_h256_wHam/img/C_TR_Jt5_16_06_21_008_068979.69_B3.htk",
    "simple_call_test/audio/label_fixed_left/sr500000_xpps2000_h256_wHam/img/C_TR_Jt6_16_06_15_016_038633.63_B3.htk",
    "simple_call_test/audio/label_fixed_left/sr500000_xpps2000_h256_wHam/img/VSV_C_TO_JT3_16_07_06_003_min37_000188.14_VSV.htk",
    "simple_call_test/audio/label_fixed_left/sr500000_xpps2000_h256_wHam/img/VSV_C_TO_Jt3_16_06_24_017_min23_000024.29_VSV.htk",
    "simple_call_test/audio/label_fixed_left/sr500000_xpps2000_h256_wHam/img/VSV_C_TO_Jt3_16_07_06_006_min199_000185.29_VSV.htk",
    "simple_call_test/audio/label_fixed_left/sr500000_xpps2000_h256_wHam/img/VSV_C_TO_Jt3_16_07_11_009_min188_000024.48_VSV.htk",
    "simple_call_test/audio/label_fixed_left/sr500000_xpps2000_h256_wHam/img/VSV_C_TR_Jt4_16_06_11_013_min95_000040.32_VSV.htk",
    "simple_call_test/audio/label_fixed_left/sr500000_xpps2000_h256_wHam/img/VS_C_TR_Jt5_16_06_19_071_min62_000258.06_VS.htk",
    "simple_call_test/audio/label_fixed_left/sr500000_xpps2000_h256_wHam/img/C_TO_Jt2_16_06_20_018_047188.79_B2.htk",
    "simple_call_test/audio/label_fixed_left/sr500000_xpps2000_h256_wHam/img/C_TO_Jt2_16_06_26_010_148460.60_B2.htk",
    "simple_call_test/audio/label_fixed_left/sr500000_xpps2000_h256_wHam/img/C_TO_Jt1_16_06_20_029_360305.30_B4.htk",
    "simple_call_test/audio/label_fixed_left/sr500000_xpps2000_h256_wHam/img/C_TO_Jt2_16_06_25_016_015005.03_B4.htk",
    "simple_call_test/audio/label_fixed_left/sr500000_xpps2000_h256_wHam/img/C_TR_Jt1_16_06_02_109_017181.54_B4.htk",
    "simple_call_test/audio/label_fixed_left/sr500000_xpps2000_h256_wHam/img/C_TR_Jt6_16_06_19_076_002539.58_B4.htk",
    "simple_call_test/audio/label_fixed_left/sr500000_xpps2000_h256_wHam/img/C_TR_Jt7_16_06_17_023_009188.70_B4.htk",
    "simple_call_test/audio/label_fixed_left/sr500000_xpps2000_h256_wHam/img/C_TO_Jt2_16_07_06_015_122199.60_B3.htk",
    "simple_call_test/audio/label_fixed_left/sr500000_xpps2000_h256_wHam/img/C_TO_Jt3_16_07_11_009_303962.00_B3.htk",
    "simple_call_test/audio/label_fixed_left/sr500000_xpps2000_h256_wHam/img/C_TR_Jt4_16_06_19_013_026371.15_B3.htk",
    "simple_call_test/audio/label_fixed_left/sr500000_xpps2000_h256_wHam/img/C_TR_Jt6_16_06_19_035_012978.15_B3.htk",
    "simple_call_test/audio/label_fixed_left/sr500000_xpps2000_h256_wHam/img/VSV_C_TO_Jt2_16_06_12_018_min165_000014.40_VSV.htk",
    "simple_call_test/audio/label_fixed_left/sr500000_xpps2000_h256_wHam/img/VSV_C_TO_Jt2_16_06_26_009_000516.83_VSV.htk",
    "simple_call_test/audio/label_fixed_left/sr500000_xpps2000_h256_wHam/img/VSV_C_TO_Jt3_16_06_24_017_min23_000102.31_VSV.htk",
    "simple_call_test/audio/label_fixed_left/sr500000_xpps2000_h256_wHam/img/VSV_C_TO_Jt3_16_07_11_009_min188_000102.46_VSV.htk",
    "simple_call_test/audio/label_fixed_left/sr500000_xpps2000_h256_wHam/img/VSV_C_TR_Jt5_16_06_19_071_min162_000122.16_VSV.htk",
    "simple_call_test/audio/label_fixed_left/sr500000_xpps2000_h256_wHam/img/VS_C_TR_Jt5_16_06_19_071_min62_000327.62_VS.htk"
  ],
  "env": {
    "os": "Linux",
    "platform": "Linux-3.10.0-1127.19.1.el7.x86_64-x86_64-with-glibc2.10",
    "sox": "14.4.2",
    "java": [
      "openjdk version \"1.8.0_262\"",
      "OpenJDK Runtime Environment (build 1.8.0_262-b10)",
      "OpenJDK 64-Bit Server VM (build 25.262-b10, mixed mode)"
    ],
    "keras": "2.4.0",
    "tf": "2.3.1",
    "gpu": "device: 0, name: Tesla P100-PCIE-12GB, pci bus id: 0000:09:00.0, compute capability: 6.0"
  },
  "pipeline": [
    {
      "task": "AudioLoadTask",
      "props": {
        "mdb": "simple_call_test/metadata.json",
        "dataset_name": "simple_call_test",
        "source": "simple_call_test/audio"
      }
    },
    {
      "task": "ExtractLabelPartsTask",
      "props": {
        "fixed_length": true,
        "dataset_name": null,
        "padded_left": true
      }
    },
    {
      "task": "CreateSpectrogramTask",
      "props": {
        "sampling_rate": 500000,
        "x_pixels_per_sec": 2000,
        "height": 256,
        "window": "Ham"
      }
    },
    {
      "task": "ExtractPixelsTask",
      "props": {}
    },
    {
      "task": "KFoldSeparationTask",
      "props": {
        "k": 8,
        "val_bins": 1,
        "test_bins": 2,
        "n": 7
      }
    },
    {
      "task": "CreateNNModelTask",
      "props": {
        "name": "lstm_sct_left_padded_nrs0xpps2000h256_raw_100",
        "model": {
          "name": "sequential",
          "layers": [
            {
              "class_name": "InputLayer",
              "config": {
                "batch_input_shape": [
                  null,
                  null,
                  256
                ],
                "dtype": "float32",
                "sparse": false,
                "ragged": true,
                "name": "input_1"
              }
            },
            {
              "class_name": "LSTM",
              "config": {
                "name": "lstm",
                "trainable": true,
                "dtype": "float32",
                "return_sequences": true,
                "return_state": false,
                "go_backwards": false,
                "stateful": false,
                "unroll": false,
                "time_major": false,