{
  "id": "nn_lstm_sct_padded_nrs6xpps2000h256_raw_100/1b3bed20921e4a6d2eea9f065fcc7b6288257b2b/rec/rec_0860b3b9cc6ca0341ec13eb419a5b0cbf8dc118a_e98.report",
  "timestamp": "2020-11-11T15:17:55Z",
  "accuracy": 0.6742424242424242,
  "loss": 0.7421052392204424,
  "correct": 89,
  "incorrect": 43,
  "total": 132,
  "confusion": {
    "B2": {
      "B2": 7,
      "B3": 8,
      "B4": 6,
      "UPS": 0,
      "VS": 0,
      "VSV": 1
    },
    "B3": {
      "B3": 16,
      "B2": 6,
      "B4": 0,
      "UPS": 0,
      "VS": 0,
      "VSV": 0
    },
    "B4": {
      "B4": 15,
      "B2": 6,
      "B3": 1,
      "UPS": 0,
      "VS": 0,
      "VSV": 0
    },
    "UPS": {
      "UPS": 22,
      "B2": 0,
      "B3": 0,
      "B4": 0,
      "VS": 0,
      "VSV": 0
    },
    "VS": {
      "VS": 18,
      "B2": 0,
      "B3": 0,
      "B4": 0,
      "UPS": 0,
      "VSV": 4
    },
    "VSV": {
      "VSV": 11,
      "B2": 0,
      "B3": 0,
      "B4": 1,
      "UPS": 0,
      "VS": 10
    }
  },
  "failed": [
    "simple_call_test/audio/label_fixed/nr6/sr500000_xpps2000_h256_wHam/img/B2_C_TR_Jt2_16_06_02_044_000537.91_B2.htk",
    "simple_call_test/audio/label_fixed/nr6/sr500000_xpps2000_h256_wHam/img/C_TO_Jt2_16_06_12_018_017999.06_B2.htk",
    "simple_call_test/audio/label_fixed/nr6/sr500000_xpps2000_h256_wHam/img/C_TO_Jt2_16_06_12_018_048965.28_B2.htk",
    "simple_call_test/audio/label_fixed/nr6/sr500000_xpps2000_h256_wHam/img/C_TO_Jt2_16_06_18_005_027233.91_B2.htk",
    "simple_call_test/audio/label_fixed/nr6/sr500000_xpps2000_h256_wHam/img/C_TO_Jt2_16_07_06_014_053281.70_B2.htk",
    "simple_call_test/audio/label_fixed/nr6/sr500000_xpps2000_h256_wHam/img/C_TO_Jt3_16_06_18_006_042024.30_B2.htk",
    "simple_call_test/audio/label_fixed/nr6/sr500000_xpps2000_h256_wHam/img/C_TO_Jt3_16_06_20_017_011632.50_B2.htk",
    "simple_call_test/audio/label_fixed/nr6/sr500000_xpps2000_h256_wHam/img/C_TO_Jt1_16_06_20_015_046088.27_B4.htk",
    "simple_call_test/audio/label_fixed/nr6/sr500000_xpps2000_h256_wHam/img/C_TR_Jt4_16_06_23_057_205774.30_B4.htk",
    "simple_call_test/audio/label_fixed/nr6/sr500000_xpps2000_h256_wHam/img/C_TR_Jt6_16_06_23_080_103281.90_B4.htk",
    "simple_call_test/audio/label_fixed/nr6/sr500000_xpps2000_h256_wHam/img/C_TO_Jt3_16_07_09_018_013666.86_B3.htk",
    "simple_call_test/audio/label_fixed/nr6/sr500000_xpps2000_h256_wHam/img/C_TR_Jt6_16_06_19_076_002422.71_B3.htk",
    "simple_call_test/audio/label_fixed/nr6/sr500000_xpps2000_h256_wHam/img/VSV_C_TO_Jt2_16_06_20_018_min68_000208.45_VSV.htk",
    "simple_call_test/audio/label_fixed/nr6/sr500000_xpps2000_h256_wHam/img/VSV_C_TO_Jt2_16_06_26_010_min110_000113.24_VSV.htk",
    "simple_call_test/audio/label_fixed/nr6/sr500000_xpps2000_h256_wHam/img/VSV_C_TO_Jt2_16_07_04_023_min226_000209.61_VSV.htk",
    "simple_call_test/audio/label_fixed/nr6/sr500000_xpps2000_h256_wHam/img/VSV_C_TR_Jt1_16_06_07_057_min208_000317.34_VSV.htk",
    "simple_call_test/audio/label_fixed/nr6/sr500000_xpps2000_h256_wHam/img/VSV_C_TR_Jt4_16_07_10_015_min31_000014.10_VSV.htk",
    "simple_call_test/audio/label_fixed/nr6/sr500000_xpps2000_h256_wHam/img/VS_C_TO_Jt2_16_07_06_015_min152_000203.34_VS.htk",
    "simple_call_test/audio/label_fixed/nr6/sr500000_xpps2000_h256_wHam/img/VS_C_TO_Jt3_16_07_23_003_min13_000171.36_VS.htk",
    "simple_call_test/audio/label_fixed/nr6/sr500000_xpps2000_h256_wHam/img/VS_C_TR_Jt2_16_06_02_044_012360.72_VS.htk",
    "simple_call_test/audio/label_fixed/nr6/sr500000_xpps2000_h256_wHam/img/C_TO_Jt2_16_06_12_018_018106.82_B2.htk",
    "simple_call_test/audio/label_fixed/nr6/sr500000_xpps2000_h256_wHam/img/C_TO_Jt2_16_06_12_018_193791.20_B2.htk",
    "simple_call_test/audio/label_fixed/nr6/sr500000_xpps2000_h256_wHam/img/C_TO_Jt2_16_06_18_005_032169.37_B2.htk",
    "simple_call_test/audio/label_fixed/nr6/sr500000_xpps2000_h256_wHam/img/C_TO_Jt2_16_06_25_016_029739.00_B2.htk",
    "simple_call_test/audio/label_fixed/nr6/sr500000_xpps2000_h256_wHam/img/C_TO_Jt2_16_06_26_010_195566.10_B2.htk",
    "simple_call_test/audio/label_fixed/nr6/sr500000_xpps2000_h256_wHam/img/C_TO_Jt2_16_07_06_014_053484.79_B2.htk",
    "simple_call_test/audio/label_fixed/nr6/sr500000_xpps2000_h256_wHam/img/C_TO_Jt3_16_06_18_006_043098.27_B2.htk",
    "simple_call_test/audio/label_fixed/nr6/sr500000_xpps2000_h256_wHam/img/C_TO_Jt3_16_06_24_017_061426.06_B2.htk",
    "simple_call_test/audio/label_fixed/nr6/sr500000_xpps2000_h256_wHam/img/C_TO_Jt2_16_06_20_018_050948.28_B4.htk",
    "simple_call_test/audio/label_fixed/nr6/sr500000_xpps2000_h256_wHam/img/C_TO_Jt3_16_07_06_006_089794.53_B4.htk",
    "simple_call_test/audio/label_fixed/nr6/sr500000_xpps2000_h256_wHam/img/C_TR_Jt5_16_06_15_047_012566.78_B4.htk",
    "simple_call_test/audio/label_fixed/nr6/sr500000_xpps2000_h256_wHam/img/C_TR_Jt6_16_07_12_017_175631.70_B4.htk",
    "simple_call_test/audio/label_fixed/nr6/sr500000_xpps2000_h256_wHam/img/C_TO_Jt3_16_07_09_018_013917.09_B3.htk",
    "simple_call_test/audio/label_fixed/nr6/sr500000_xpps2000_h256_wHam/img/C_TR_Jt4_16_06_25_005_051849.68_B3.htk",
    "simple_call_test/audio/label_fixed/nr6/sr500000_xpps2000_h256_wHam/img/C_TR_Jt5_16_06_21_008_068349.49_B3.htk",
    "simple_call_test/audio/label_fixed/nr6/sr500000_xpps2000_h256_wHam/img/C_TR_Jt6_16_06_19_076_002179.48_B3.htk",
    "simple_call_test/audio/label_fixed/nr6/sr500000_xpps2000_h256_wHam/img/VSV_C_TO_Jt2_16_06_12_018_min165_000368.19_VSV.htk",
    "simple_call_test/audio/label_fixed/nr6/sr500000_xpps2000_h256_wHam/img/VSV_C_TO_Jt2_16_06_24_015_min22_000027.13_VSV.htk",
    "simple_call_test/audio/label_fixed/nr6/sr500000_xpps2000_h256_wHam/img/VSV_C_TR_JT2_16_06_02_044_min12_000022.88_VSV.htk",
    "simple_call_test/audio/label_fixed/nr6/sr500000_xpps2000_h256_wHam/img/VSV_C_TR_Jt2_16_06_02_044_000061.86_VSV.htk",
    "simple_call_test/audio/label_fixed/nr6/sr500000_xpps2000_h256_wHam/img/VSV_C_TR_Jt4_16_07_10_015_min31_000080.22_VSV.htk",
    "simple_call_test/audio/label_fixed/nr6/sr500000_xpps2000_h256_wHam/img/VSV_C_TR_Jt5_16_06_23_025_min110_000061.03_VSV.htk",
    "simple_call_test/audio/label_fixed/nr6/sr500000_xpps2000_h256_wHam/img/VS_C_TR_Jt1_16_06_02_109_min3_000028.25_VS.htk"
  ],
  "env": {
    "os": "Linux",
    "platform": "Linux-3.10.0-1127.19.1.el7.x86_64-x86_64-with-glibc2.10",
    "sox": "14.4.2",
    "java": [
      "openjdk version \"1.8.0_262\"",
      "OpenJDK Runtime Environment (build 1.8.0_262-b10)",
      "OpenJDK 64-Bit Server VM (build 25.262-b10, mixed mode)"
    ],
    "keras": "2.4.0",
    "tf": "2.3.1",
    "gpu": "device: 0, name: Tesla P100-PCIE-12GB, pci bus id: 0000:09:00.0, compute capability: 6.0"
  },
  "pipeline": [
    {
      "task": "AudioLoadTask",
      "props": {
        "mdb": "simple_call_test/metadata.json",
        "dataset_name": "simple_call_test",
        "source": "simple_call_test/audio"
      }
    },
    {
      "task": "ExtractLabelPartsTask",
      "props": {
        "fixed_length": true,
        "dataset_name": null
      }
    },
    {
      "task": "NoiseReduceTask",
      "props": {
        "sensitivity": 6,
        "noise": [
          {
            "task": "AudioLoadTask",
            "props": {
              "mdb": "simple_call_test/metadata.json",
              "dataset_name": "simple_call_test",
              "source": "simple_call_test/audio"
            }
          },
          {
            "task": "SilentAudioTask",
            "props": {
              "max_length": 0.2004000000000019
            }
          },
          {
            "task": "NoiseProfileTask",
            "props": {}
          }
        ]
      }
    },
    {
      "task": "CreateSpectrogramTask",
      "props": {
        "sampling_rate": 500000,
        "x_pixels_per_sec": 2000,
        "height": 256,
        "window": "Ham"
      }
    },
    {
      "task": "ExtractPixelsTask",
      "props": {}
    },
    {
      "task": "KFoldSeparationTask",
      "props": {
        "k": 8,
        "val_bins": 1,