{
  "id": "nn_lstm_sct_padded_nrs6xpps5000h512_raw_100/6064c38c5a119af315c27f8d861f64938d8814cd/rec/rec_eadb49970d1d7a5508352cfde6b40e541aa324b6_e99.report",
  "timestamp": "2020-11-11T16:16:00Z",
  "accuracy": 0.5454545454545454,
  "loss": 1.0902242238340532,
  "correct": 72,
  "incorrect": 60,
  "total": 132,
  "confusion": {
    "B2": {
      "B2": 3,
      "B3": 5,
      "B4": 14,
      "UPS": 0,
      "VS": 0,
      "VSV": 0
    },
    "B3": {
      "B3": 11,
      "B2": 1,
      "B4": 6,
      "UPS": 4,
      "VS": 0,
      "VSV": 0
    },
    "B4": {
      "B4": 12,
      "B2": 0,
      "B3": 7,
      "UPS": 3,
      "VS": 0,
      "VSV": 0
    },
    "UPS": {
      "UPS": 22,
      "B2": 0,
      "B3": 0,
      "B4": 0,
      "VS": 0,
      "VSV": 0
    },
    "VS": {
      "VS": 18,
      "B2": 0,
      "B3": 1,
      "B4": 0,
      "UPS": 0,
      "VSV": 3
    },
    "VSV": {
      "VSV": 6,
      "B2": 0,
      "B3": 1,
      "B4": 0,
      "UPS": 1,
      "VS": 14
    }
  },
  "failed": [
    "simple_call_test/audio/label_fixed/nr6/sr500000_xpps5000_h512_wHam/img/B2_C_TR_Jt2_16_06_02_044_000070.56_B2.htk",
    "simple_call_test/audio/label_fixed/nr6/sr500000_xpps5000_h512_wHam/img/C_TO_Jt1_16_06_20_015_063431.62_B2.htk",
    "simple_call_test/audio/label_fixed/nr6/sr500000_xpps5000_h512_wHam/img/C_TO_Jt1_16_06_20_029_475582.60_B2.htk",
    "simple_call_test/audio/label_fixed/nr6/sr500000_xpps5000_h512_wHam/img/C_TO_Jt2_16_06_12_018_048562.51_B2.htk",
    "simple_call_test/audio/label_fixed/nr6/sr500000_xpps5000_h512_wHam/img/C_TO_Jt2_16_06_18_005_026630.93_B2.htk",
    "simple_call_test/audio/label_fixed/nr6/sr500000_xpps5000_h512_wHam/img/C_TO_Jt2_16_06_20_018_051190.84_B2.htk",
    "simple_call_test/audio/label_fixed/nr6/sr500000_xpps5000_h512_wHam/img/C_TO_Jt2_16_06_26_010_148667.50_B2.htk",
    "simple_call_test/audio/label_fixed/nr6/sr500000_xpps5000_h512_wHam/img/C_TO_Jt2_16_07_06_015_115374.80_B2.htk",
    "simple_call_test/audio/label_fixed/nr6/sr500000_xpps5000_h512_wHam/img/C_TO_Jt3_16_06_20_017_008191.93_B2.htk",
    "simple_call_test/audio/label_fixed/nr6/sr500000_xpps5000_h512_wHam/img/B4_C_TR_Jt2_16_06_02_044_000048.37_B4.htk",
    "simple_call_test/audio/label_fixed/nr6/sr500000_xpps5000_h512_wHam/img/C_TO_Jt3_16_07_11_009_267708.40_B4.htk",
    "simple_call_test/audio/label_fixed/nr6/sr500000_xpps5000_h512_wHam/img/C_TR_Jt2_16_06_02_044_Buzz_000691.95_B4.htk",
    "simple_call_test/audio/label_fixed/nr6/sr500000_xpps5000_h512_wHam/img/C_TR_Jt4_16_06_19_013_012126.66_B4.htk",
    "simple_call_test/audio/label_fixed/nr6/sr500000_xpps5000_h512_wHam/img/C_TR_Jt6_16_06_19_077_038152.77_B4.htk",
    "simple_call_test/audio/label_fixed/nr6/sr500000_xpps5000_h512_wHam/img/C_TR_Jt8_16_07_07_020_007693.24_B4.htk",
    "simple_call_test/audio/label_fixed/nr6/sr500000_xpps5000_h512_wHam/img/C_TO_Jt2_16_06_26_010_081441.20_B3.htk",
    "simple_call_test/audio/label_fixed/nr6/sr500000_xpps5000_h512_wHam/img/C_TR_Jt4_16_06_11_013_096210.96_B3.htk",
    "simple_call_test/audio/label_fixed/nr6/sr500000_xpps5000_h512_wHam/img/C_TR_Jt5_16_07_12_021_2_253165.10_B3.htk",
    "simple_call_test/audio/label_fixed/nr6/sr500000_xpps5000_h512_wHam/img/VSV_C_TO_Jt2_16_06_20_018_min62_000117.87_VSV.htk",
    "simple_call_test/audio/label_fixed/nr6/sr500000_xpps5000_h512_wHam/img/VSV_C_TO_Jt2_16_06_26_009_000322.76_VSV.htk",
    "simple_call_test/audio/label_fixed/nr6/sr500000_xpps5000_h512_wHam/img/VSV_C_TO_Jt2_16_06_26_010_min289_000025.88_VSV.htk",
    "simple_call_test/audio/label_fixed/nr6/sr500000_xpps5000_h512_wHam/img/VSV_C_TO_Jt3_16_07_11_008_min59_000017.95_VSV.htk",
    "simple_call_test/audio/label_fixed/nr6/sr500000_xpps5000_h512_wHam/img/VSV_C_TO_Jt3_16_07_11_009_min188_000178.07_VSV.htk",
    "simple_call_test/audio/label_fixed/nr6/sr500000_xpps5000_h512_wHam/img/VSV_C_TR_Jt4_16_06_15_043_min30_000029.17_VSV.htk",
    "simple_call_test/audio/label_fixed/nr6/sr500000_xpps5000_h512_wHam/img/VSV_C_TR_Jt5_16_06_21_008_min125_000064.75_VSV.htk",
    "simple_call_test/audio/label_fixed/nr6/sr500000_xpps5000_h512_wHam/img/VS_C_TO_Jt3_16_07_11_009_min16_000126.99_VS.htk",
    "simple_call_test/audio/label_fixed/nr6/sr500000_xpps5000_h512_wHam/img/B2_C_TR_Jt2_16_06_02_044_000187.48_B2.htk",
    "simple_call_test/audio/label_fixed/nr6/sr500000_xpps5000_h512_wHam/img/B2_C_TR_Jt5_16_07_10_034_001053.17_B2.htk",
    "simple_call_test/audio/label_fixed/nr6/sr500000_xpps5000_h512_wHam/img/C_TO_Jt1_16_06_20_015_062571.36_B2.htk",
    "simple_call_test/audio/label_fixed/nr6/sr500000_xpps5000_h512_wHam/img/C_TO_Jt1_16_06_20_029_475729.90_B2.htk",
    "simple_call_test/audio/label_fixed/nr6/sr500000_xpps5000_h512_wHam/img/C_TO_Jt2_16_06_12_018_048697.67_B2.htk",
    "simple_call_test/audio/label_fixed/nr6/sr500000_xpps5000_h512_wHam/img/C_TO_Jt2_16_06_18_005_026893.21_B2.htk",
    "simple_call_test/audio/label_fixed/nr6/sr500000_xpps5000_h512_wHam/img/C_TO_Jt2_16_06_24_015_041236.45_B2.htk",
    "simple_call_test/audio/label_fixed/nr6/sr500000_xpps5000_h512_wHam/img/C_TO_Jt2_16_06_26_010_148854.70_B2.htk",
    "simple_call_test/audio/label_fixed/nr6/sr500000_xpps5000_h512_wHam/img/C_TO_Jt3_16_06_18_006_041029.17_B2.htk",
    "simple_call_test/audio/label_fixed/nr6/sr500000_xpps5000_h512_wHam/img/C_TO_Jt3_16_06_20_017_011057.44_B2.htk",
    "simple_call_test/audio/label_fixed/nr6/sr500000_xpps5000_h512_wHam/img/C_TO_Jt3_16_06_20_017_008032.86_B4.htk",
    "simple_call_test/audio/label_fixed/nr6/sr500000_xpps5000_h512_wHam/img/C_TO_Jt3_16_07_11_009_267964.30_B4.htk",
    "simple_call_test/audio/label_fixed/nr6/sr500000_xpps5000_h512_wHam/img/C_TR_Jt4_16_06_19_013_012210.09_B4.htk",
    "simple_call_test/audio/label_fixed/nr6/sr500000_xpps5000_h512_wHam/img/C_TR_Jt6_16_06_19_077_038310.63_B4.htk",
    "simple_call_test/audio/label_fixed/nr6/sr500000_xpps5000_h512_wHam/img/C_TO_Jt2_16_06_26_010_301625.10_B3.htk",
    "simple_call_test/audio/label_fixed/nr6/sr500000_xpps5000_h512_wHam/img/C_TO_Jt3_16_06_18_006_076088.89_B3.htk",
    "simple_call_test/audio/label_fixed/nr6/sr500000_xpps5000_h512_wHam/img/C_TR_Jt1_16_06_07_058_000797.01_B3.htk",
    "simple_call_test/audio/label_fixed/nr6/sr500000_xpps5000_h512_wHam/img/C_TR_Jt4_16_06_11_013_095978.00_B3.htk",
    "simple_call_test/audio/label_fixed/nr6/sr500000_xpps5000_h512_wHam/img/C_TR_Jt4_16_06_25_005_061631.15_B3.htk",
    "simple_call_test/audio/label_fixed/nr6/sr500000_xpps5000_h512_wHam/img/C_TR_Jt5_16_06_19_071_156201.00_B3.htk",
    "simple_call_test/audio/label_fixed/nr6/sr500000_xpps5000_h512_wHam/img/C_TR_Jt5_16_07_12_021_2_254170.30_B3.htk",
    "simple_call_test/audio/label_fixed/nr6/sr500000_xpps5000_h512_wHam/img/C_TR_Jt6_16_06_19_035_024507.79_B3.htk",
    "simple_call_test/audio/label_fixed/nr6/sr500000_xpps5000_h512_wHam/img/C_TR_Jt2_16_06_02_044_011848.11_VSV.htk",
    "simple_call_test/audio/label_fixed/nr6/sr500000_xpps5000_h512_wHam/img/VSV_C_TO_Jt2_16_06_12_018_min165_000163.19_VSV.htk",
    "simple_call_test/audio/label_fixed/nr6/sr500000_xpps5000_h512_wHam/img/VSV_C_TO_Jt2_16_06_20_018_min68_000022.64_VSV.htk",
    "simple_call_test/audio/label_fixed/nr6/sr500000_xpps5000_h512_wHam/img/VSV_C_TO_Jt2_16_06_26_009_000609.55_VSV.htk",
    "simple_call_test/audio/label_fixed/nr6/sr500000_xpps5000_h512_wHam/img/VSV_C_TO_Jt2_16_07_04_023_min226_000033.92_VSV.htk",
    "simple_call_test/audio/label_fixed/nr6/sr500000_xpps5000_h512_wHam/img/VSV_C_TO_Jt3_16_07_04_021_min83_000035.64_VSV.htk",
    "simple_call_test/audio/label_fixed/nr6/sr500000_xpps5000_h512_wHam/img/VSV_C_TO_Jt3_16_07_11_009_min200_000018.04_VSV.htk",
    "simple_call_test/audio/label_fixed/nr6/sr500000_xpps5000_h512_wHam/img/VSV_C_TR_Jt4_16_06_15_043_min30_000131.72_VSV.htk",
    "simple_call_test/audio/label_fixed/nr6/sr500000_xpps5000_h512_wHam/img/VSV_C_TR_Jt5_16_06_21_008_min127_000040.93_VSV.htk",
