{
  "id": "nn_lstm_sct_left_padded_nrs6xpps5000h512_raw_100/847d88a3a8b6972e1090f000d951870468990557/rec/rec_9e9c52123d223460645401e681f598657d52827d_e96.report",
  "timestamp": "2020-12-21T01:52:56Z",
  "accuracy": 0.6363636363636364,
  "loss": 2.833095587871701,
  "correct": 84,
  "incorrect": 48,
  "total": 132,
  "confusion": {
    "B2": {
      "B2": 14,
      "B3": 5,
      "B4": 2,
      "UPS": 1,
      "VS": 0,
      "VSV": 0
    },
    "B3": {
      "B3": 10,
      "B2": 11,
      "B4": 0,
      "UPS": 1,
      "VS": 0,
      "VSV": 0
    },
    "B4": {
      "B4": 5,
      "B2": 16,
      "B3": 0,
      "UPS": 1,
      "VS": 0,
      "VSV": 0
    },
    "UPS": {
      "UPS": 22,
      "B2": 0,
      "B3": 0,
      "B4": 0,
      "VS": 0,
      "VSV": 0
    },
    "VS": {
      "VS": 17,
      "B2": 0,
      "B3": 0,
      "B4": 0,
      "UPS": 0,
      "VSV": 5
    },
    "VSV": {
      "VSV": 16,
      "B2": 1,
      "B3": 0,
      "B4": 0,
      "UPS": 0,
      "VS": 5
    }
  },
  "failed": [
    "simple_call_test/audio/label_fixed_left/nr6/sr500000_xpps5000_h512_wHam/img/B2_C_TR_Jt5_16_07_10_034_000358.33_B2.htk",
    "simple_call_test/audio/label_fixed_left/nr6/sr500000_xpps5000_h512_wHam/img/B2_C_TR_Jt5_16_07_10_034_001969.35_B2.htk",
    "simple_call_test/audio/label_fixed_left/nr6/sr500000_xpps5000_h512_wHam/img/C_TO_Jt2_16_06_12_018_018303.48_B2.htk",
    "simple_call_test/audio/label_fixed_left/nr6/sr500000_xpps5000_h512_wHam/img/C_TO_Jt2_16_06_12_018_194111.30_B2.htk",
    "simple_call_test/audio/label_fixed_left/nr6/sr500000_xpps5000_h512_wHam/img/C_TO_Jt3_16_06_18_006_072342.96_B2.htk",
    "simple_call_test/audio/label_fixed_left/nr6/sr500000_xpps5000_h512_wHam/img/C_TO_Jt1_16_06_20_029_360101.50_B4.htk",
    "simple_call_test/audio/label_fixed_left/nr6/sr500000_xpps5000_h512_wHam/img/C_TO_Jt2_16_06_20_018_051290.02_B4.htk",
    "simple_call_test/audio/label_fixed_left/nr6/sr500000_xpps5000_h512_wHam/img/C_TO_Jt3_16_07_09_018_037862.00_B4.htk",
    "simple_call_test/audio/label_fixed_left/nr6/sr500000_xpps5000_h512_wHam/img/C_TR_Jt1_16_06_02_109_032255.71_B4.htk",
    "simple_call_test/audio/label_fixed_left/nr6/sr500000_xpps5000_h512_wHam/img/C_TR_Jt4_16_06_11_013_161915.30_B4.htk",
    "simple_call_test/audio/label_fixed_left/nr6/sr500000_xpps5000_h512_wHam/img/C_TR_Jt6_16_06_19_076_003228.97_B4.htk",
    "simple_call_test/audio/label_fixed_left/nr6/sr500000_xpps5000_h512_wHam/img/C_TR_Jt7_16_06_17_023_009092.35_B4.htk",
    "simple_call_test/audio/label_fixed_left/nr6/sr500000_xpps5000_h512_wHam/img/C_TR_Jt7_16_07_10_009_003873.68_B4.htk",
    "simple_call_test/audio/label_fixed_left/nr6/sr500000_xpps5000_h512_wHam/img/B3_C_B_Jt1_16_07_06_042_000016.84_B3.htk",
    "simple_call_test/audio/label_fixed_left/nr6/sr500000_xpps5000_h512_wHam/img/C_TO_Jt2_16_07_06_015_122103.10_B3.htk",
    "simple_call_test/audio/label_fixed_left/nr6/sr500000_xpps5000_h512_wHam/img/C_TO_Jt3_16_06_20_017_010840.13_B3.htk",
    "simple_call_test/audio/label_fixed_left/nr6/sr500000_xpps5000_h512_wHam/img/C_TO_Jt3_16_07_11_009_297870.00_B3.htk",
    "simple_call_test/audio/label_fixed_left/nr6/sr500000_xpps5000_h512_wHam/img/C_TR_Jt3_16_06_16_013_067091.54_B3.htk",
    "simple_call_test/audio/label_fixed_left/nr6/sr500000_xpps5000_h512_wHam/img/C_TR_Jt4_16_06_19_013_026285.84_B3.htk",
    "simple_call_test/audio/label_fixed_left/nr6/sr500000_xpps5000_h512_wHam/img/C_TR_Jt5_16_06_21_008_068979.69_B3.htk",
    "simple_call_test/audio/label_fixed_left/nr6/sr500000_xpps5000_h512_wHam/img/C_TR_Jt5_16_06_27_025_062044.97_B3.htk",
    "simple_call_test/audio/label_fixed_left/nr6/sr500000_xpps5000_h512_wHam/img/C_TR_Jt6_16_06_15_016_038633.63_B3.htk",
    "simple_call_test/audio/label_fixed_left/nr6/sr500000_xpps5000_h512_wHam/img/VSV_C_TO_Jt2_16_06_26_009_000420.20_VSV.htk",
    "simple_call_test/audio/label_fixed_left/nr6/sr500000_xpps5000_h512_wHam/img/VSV_C_TR_Jt4_16_06_11_013_min95_000040.32_VSV.htk",
    "simple_call_test/audio/label_fixed_left/nr6/sr500000_xpps5000_h512_wHam/img/VS_C_B_Jto_16_07_04_035_000308.63_VS.htk",
    "simple_call_test/audio/label_fixed_left/nr6/sr500000_xpps5000_h512_wHam/img/VS_C_TO_Jt3_16_07_11_009_min16_000028.96_VS.htk",
    "simple_call_test/audio/label_fixed_left/nr6/sr500000_xpps5000_h512_wHam/img/VS_C_TR_Jt5_16_06_19_071_min62_000258.06_VS.htk",
    "simple_call_test/audio/label_fixed_left/nr6/sr500000_xpps5000_h512_wHam/img/C_TO_Jt2_16_06_12_018_048432.58_B2.htk",
    "simple_call_test/audio/label_fixed_left/nr6/sr500000_xpps5000_h512_wHam/img/C_TO_Jt2_16_06_20_018_047188.79_B2.htk",
    "simple_call_test/audio/label_fixed_left/nr6/sr500000_xpps5000_h512_wHam/img/C_TO_Jt2_16_06_26_010_148460.60_B2.htk",
    "simple_call_test/audio/label_fixed_left/nr6/sr500000_xpps5000_h512_wHam/img/C_TO_Jt1_16_06_20_029_360305.30_B4.htk",
    "simple_call_test/audio/label_fixed_left/nr6/sr500000_xpps5000_h512_wHam/img/C_TO_Jt2_16_06_25_016_015005.03_B4.htk",
    "simple_call_test/audio/label_fixed_left/nr6/sr500000_xpps5000_h512_wHam/img/C_TO_Jt3_16_07_09_018_037976.91_B4.htk",
    "simple_call_test/audio/label_fixed_left/nr6/sr500000_xpps5000_h512_wHam/img/C_TR_Jt1_16_06_02_109_017181.54_B4.htk",
    "simple_call_test/audio/label_fixed_left/nr6/sr500000_xpps5000_h512_wHam/img/C_TR_Jt4_16_06_19_013_011958.39_B4.htk",
    "simple_call_test/audio/label_fixed_left/nr6/sr500000_xpps5000_h512_wHam/img/C_TR_Jt6_16_06_19_076_002539.58_B4.htk",
    "simple_call_test/audio/label_fixed_left/nr6/sr500000_xpps5000_h512_wHam/img/C_TR_Jt7_16_06_17_023_009188.70_B4.htk",
    "simple_call_test/audio/label_fixed_left/nr6/sr500000_xpps5000_h512_wHam/img/C_TR_Jt7_16_07_10_009_014775.79_B4.htk",
    "simple_call_test/audio/label_fixed_left/nr6/sr500000_xpps5000_h512_wHam/img/C_TR_Jt8_16_07_07_020_007504.04_B4.htk",
    "simple_call_test/audio/label_fixed_left/nr6/sr500000_xpps5000_h512_wHam/img/C_TR_Jt4_16_06_11_013_096056.77_B3.htk",
    "simple_call_test/audio/label_fixed_left/nr6/sr500000_xpps5000_h512_wHam/img/C_TR_Jt4_16_06_19_013_026371.15_B3.htk",
    "simple_call_test/audio/label_fixed_left/nr6/sr500000_xpps5000_h512_wHam/img/C_TR_Jt6_16_06_19_035_012978.15_B3.htk",
    "simple_call_test/audio/label_fixed_left/nr6/sr500000_xpps5000_h512_wHam/img/VSV_C_TO_Jt2_16_06_12_018_min165_000014.40_VSV.htk",
    "simple_call_test/audio/label_fixed_left/nr6/sr500000_xpps5000_h512_wHam/img/VSV_C_TO_Jt2_16_06_26_009_000516.83_VSV.htk",
    "simple_call_test/audio/label_fixed_left/nr6/sr500000_xpps5000_h512_wHam/img/VSV_C_TO_Jt2_16_06_26_010_min289_000094.18_VSV.htk",
    "simple_call_test/audio/label_fixed_left/nr6/sr500000_xpps5000_h512_wHam/img/VSV_C_TO_Jt3_16_06_24_017_min23_000102.31_VSV.htk",
    "simple_call_test/audio/label_fixed_left/nr6/sr500000_xpps5000_h512_wHam/img/VS_C_TO_Jt3_16_07_11_009_min16_000067.95_VS.htk",
    "simple_call_test/audio/label_fixed_left/nr6/sr500000_xpps5000_h512_wHam/img/VS_C_TR_Jt5_16_06_19_071_min62_000327.62_VS.htk"
  ],
  "env": {
    "os": "Linux",
    "platform": "Linux-3.10.0-1127.19.1.el7.x86_64-x86_64-with-glibc2.10",
    "sox": "14.4.2",
    "java": [
      "openjdk version \"1.8.0_262\"",
      "OpenJDK Runtime Environment (build 1.8.0_262-b10)",
      "OpenJDK 64-Bit Server VM (build 25.262-b10, mixed mode)"
    ],
    "keras": "2.4.0",
    "tf": "2.3.1",
    "gpu": "device: 0, name: Tesla P100-PCIE-12GB, pci bus id: 0000:87:00.0, compute capability: 6.0"
  },
  "pipeline": [
    {
      "task": "AudioLoadTask",
      "props": {
        "mdb": "simple_call_test/metadata.json",
        "dataset_name": "simple_call_test",
        "source": "simple_call_test/audio"
      }
    },
    {
      "task": "ExtractLabelPartsTask",
      "props": {
        "fixed_length": true,
        "dataset_name": null,
        "padded_left": true
      }
    },
    {
      "task": "NoiseReduceTask",
      "props": {
        "sensitivity": 6,
        "noise": [
          {
            "task": "AudioLoadTask",