{
  "id": "nn_cnn_2d_sct_left_padded_nrs6xpps2000h256_hog_100/1428b7311bf530852498d90a577a8331a1c48b92/rec/rec_8b65b21e76e5002143ef884ca0a9ec2bb4b4438f_e47.report",
  "timestamp": "2020-12-21T18:25:15Z",
  "accuracy": 0.8257575757575758,
  "loss": 0.46436674391312427,
  "correct": 109,
  "incorrect": 23,
  "total": 132,
  "confusion": {
    "B2": {
      "B2": 18,
      "B3": 2,
      "B4": 2,
      "UPS": 0,
      "VS": 0,
      "VSV": 0
    },
    "B3": {
      "B3": 17,
      "B2": 3,
      "B4": 1,
      "UPS": 0,
      "VS": 0,
      "VSV": 1
    },
    "B4": {
      "B4": 19,
      "B2": 3,
      "B3": 0,
      "UPS": 0,
      "VS": 0,
      "VSV": 0
    },
    "UPS": {
      "UPS": 22,
      "B2": 0,
      "B3": 0,
      "B4": 0,
      "VS": 0,
      "VSV": 0
    },
    "VS": {
      "VS": 16,
      "B2": 0,
      "B3": 0,
      "B4": 0,
      "UPS": 0,
      "VSV": 6
    },
    "VSV": {
      "VSV": 17,
      "B2": 0,
      "B3": 0,
      "B4": 0,
      "UPS": 0,
      "VS": 5
    }
  },
  "failed": [
    "simple_call_test/audio/label_fixed_left/nr6/sr500000_xpps2000_h256_wHam/hog/C_TO_Jt3_16_06_18_006_042024.30_B2.htk",
    "simple_call_test/audio/label_fixed_left/nr6/sr500000_xpps2000_h256_wHam/hog/C_TO_Jt3_16_06_20_017_011632.50_B2.htk",
    "simple_call_test/audio/label_fixed_left/nr6/sr500000_xpps2000_h256_wHam/hog/C_TO_Jt3_16_07_06_006_089672.23_B4.htk",
    "simple_call_test/audio/label_fixed_left/nr6/sr500000_xpps2000_h256_wHam/hog/C_TR_Jt4_16_06_23_057_205774.30_B4.htk",
    "simple_call_test/audio/label_fixed_left/nr6/sr500000_xpps2000_h256_wHam/hog/C_TR_Jt5_16_06_23_025_077377.31_B3.htk",
    "simple_call_test/audio/label_fixed_left/nr6/sr500000_xpps2000_h256_wHam/hog/C_TR_Jt5_16_07_12_021_2_336955.00_B3.htk",
    "simple_call_test/audio/label_fixed_left/nr6/sr500000_xpps2000_h256_wHam/hog/C_TR_Jt2_16_06_02_044_012436.33_VSV.htk",
    "simple_call_test/audio/label_fixed_left/nr6/sr500000_xpps2000_h256_wHam/hog/VSV_C_TR_Jt4_16_07_10_015_min31_000014.10_VSV.htk",
    "simple_call_test/audio/label_fixed_left/nr6/sr500000_xpps2000_h256_wHam/hog/VS_C_TO_Jt2_16_06_12_018_min15_000095.57_VS.htk",
    "simple_call_test/audio/label_fixed_left/nr6/sr500000_xpps2000_h256_wHam/hog/VS_C_TO_Jt3_16_06_18_006_min13_000103.38_VS.htk",
    "simple_call_test/audio/label_fixed_left/nr6/sr500000_xpps2000_h256_wHam/hog/VS_C_TR_Jt5_16_06_19_071_min62_000028.43_VS.htk",
    "simple_call_test/audio/label_fixed_left/nr6/sr500000_xpps2000_h256_wHam/hog/C_TO_Jt2_16_06_25_016_029739.00_B2.htk",
    "simple_call_test/audio/label_fixed_left/nr6/sr500000_xpps2000_h256_wHam/hog/C_TO_Jt2_16_07_06_014_053484.79_B2.htk",
    "simple_call_test/audio/label_fixed_left/nr6/sr500000_xpps2000_h256_wHam/hog/C_TR_Jt6_16_07_12_017_175631.70_B4.htk",
    "simple_call_test/audio/label_fixed_left/nr6/sr500000_xpps2000_h256_wHam/hog/C_TR_Jt4_16_06_25_005_051849.68_B3.htk",
    "simple_call_test/audio/label_fixed_left/nr6/sr500000_xpps2000_h256_wHam/hog/C_TR_Jt5_16_06_21_008_068349.49_B3.htk",
    "simple_call_test/audio/label_fixed_left/nr6/sr500000_xpps2000_h256_wHam/hog/C_TR_Jt6_16_06_19_076_002179.48_B3.htk",
    "simple_call_test/audio/label_fixed_left/nr6/sr500000_xpps2000_h256_wHam/hog/VSV_C_TR_Jt2_16_06_02_044_000061.86_VSV.htk",
    "simple_call_test/audio/label_fixed_left/nr6/sr500000_xpps2000_h256_wHam/hog/VSV_C_TR_Jt4_16_07_10_015_min31_000080.22_VSV.htk",
    "simple_call_test/audio/label_fixed_left/nr6/sr500000_xpps2000_h256_wHam/hog/VSV_C_TR_Jt5_16_06_23_025_min110_000061.03_VSV.htk",
    "simple_call_test/audio/label_fixed_left/nr6/sr500000_xpps2000_h256_wHam/hog/VS_C_TO_Jt2_16_06_24_015_min22_000039.90_VS.htk",
    "simple_call_test/audio/label_fixed_left/nr6/sr500000_xpps2000_h256_wHam/hog/VS_C_TO_Jt3_16_06_18_006_min13_000193.73_VS.htk",
    "simple_call_test/audio/label_fixed_left/nr6/sr500000_xpps2000_h256_wHam/hog/VS_C_TR_Jt5_16_06_19_071_min62_000114.44_VS.htk"
  ],
  "env": {
    "os": "Linux",
    "platform": "Linux-3.10.0-1127.19.1.el7.x86_64-x86_64-with-glibc2.10",
    "sox": "14.4.2",
    "java": [
      "openjdk version \"1.8.0_262\"",
      "OpenJDK Runtime Environment (build 1.8.0_262-b10)",
      "OpenJDK 64-Bit Server VM (build 25.262-b10, mixed mode)"
    ],
    "keras": "2.4.0",
    "tf": "2.3.1",
    "gpu": "device: 0, name: Tesla P100-PCIE-12GB, pci bus id: 0000:88:00.0, compute capability: 6.0"
  },
  "pipeline": [
    {
      "task": "AudioLoadTask",
      "props": {
        "mdb": "simple_call_test/metadata.json",
        "dataset_name": "simple_call_test",
        "source": "simple_call_test/audio"
      }
    },
    {
      "task": "ExtractLabelPartsTask",
      "props": {
        "fixed_length": true,
        "dataset_name": null,
        "padded_left": true
      }
    },
    {
      "task": "NoiseReduceTask",
      "props": {
        "sensitivity": 6,
        "noise": [
          {
            "task": "AudioLoadTask",
            "props": {
              "mdb": "simple_call_test/metadata.json",
              "dataset_name": "simple_call_test",
              "source": "simple_call_test/audio"
            }
          },
          {
            "task": "SilentAudioTask",
            "props": {
              "max_length": 0.2004000000000019
            }
          },
          {
            "task": "NoiseProfileTask",
            "props": {}
          }
        ]
      }
    },
    {
      "task": "CreateSpectrogramTask",
      "props": {
        "sampling_rate": 500000,
        "x_pixels_per_sec": 2000,
        "height": 256,
        "window": "Ham"
      }
    },
    {
      "task": "ExtractHOGHWRecogTask",
      "props": {}
    },
    {
      "task": "KFoldSeparationTask",
      "props": {
        "k": 8,
        "val_bins": 1,
        "test_bins": 2,
        "n": 4
      }
    },
    {
      "task": "CreateNNModelTask",
      "props": {
        "name": "cnn_2d_sct_left_padded_nrs6xpps2000h256_hog_100",
        "model": {
          "name": "sequential",
          "layers": [
            {
              "class_name": "InputLayer",
              "config": {
                "batch_input_shape": [
                  null,
                  192,
                  288,
                  1
                ],
                "dtype": "float32",
                "sparse": false,
                "ragged": false,
                "name": "conv2d_input"
              }
            },
            {
              "class_name": "Conv2D",
              "config": {
                "name": "conv2d",
                "trainable": true,
                "batch_input_shape": [
                  null,
                  192,
                  288,
                  1
                ],
                "dtype": "float32",
                "filters": 32,
                "kernel_size": [
                  3,
                  3
                ],
                "strides": [
                  1,
                  1
                ],
                "padding": "valid",
                "data_format": "channels_last",
                "dilation_rate": [
                  1,
                  1
                ],
                "groups": 1,
                "activation": "relu",
                "use_bias": true,
                "kernel_initializer": {
                  "class_name": "GlorotUniform",
                  "config": {
                    "seed": null
                  }
                },
                "bias_initializer": {
                  "class_name": "Zeros",
                  "config": {}
                },
                "kernel_regularizer": null,
                "bias_regularizer": null,
                "activity_regularizer": null,
                "kernel_constraint": null,
                "bias_constraint": null
              }
            },
            {
              "class_name": "MaxPooling2D",
              "config": {
                "name": "max_pooling2d",
                "trainable": true,
                "dtype": "float32",